Air temperature (K),Process temperature (K),Rotational speed (rpm),Torque (Nm),Tool wear (min),Type_H,Type_L,Type_M
0.09290908067498112,0.1982599589530648,-0.522731221854602,1.089149890207173,-1.1527577922319983,0.0,1.0,0.0
1.8408142298608519,1.5483489380468558,-1.0554208824546147,1.0991446064472101,-0.04096112984933804,0.0,1.0,0.0
-1.405295332912908,-1.4218468159595072,-0.2563863915545956,-0.1601896397974551,0.601062294906846,0.0,1.0,0.0
1.7908740827412726,1.5483489380468558,0.5038061449266726,-0.7598726141996767,1.8068136048148016,0.0,0.0,1.0
0.4424901105121496,1.2783311422280745,3.33371996686424,-2.3490324963655635,-1.0118258209440554,1.0,0.0,0.0
-0.506372684760169,-0.07175783686571639,1.9132142052642063,-1.439513318522194,-0.11925666945375074,1.0,0.0,0.0
1.141652170186515,1.1433222443187032,0.897774539745432,-1.2496137099614908,0.5854031869859635,0.0,1.0,0.0
1.041771875947328,1.0758177953640367,0.897774539745432,-1.3795450210819722,-0.9648484971814079,1.0,0.0,0.0
0.4924302576317573,0.6032866526811791,1.2529009801454405,-1.5794393458827125,1.11781285629597,0.0,0.0,1.0
1.9906346712196465,1.8858711828203034,0.015507289376660929,0.2695831585241374,1.415335906792738,0.0,1.0,0.0
0.24272952203377574,0.7382955505905888,-0.26748409281709584,0.2595884422841002,-1.5129172744122967,0.0,1.0,0.0
-0.6062529789993558,0.13075550999835991,0.686918215757927,-0.9597669390004171,1.587586093922446,1.0,0.0,0.0
-0.6062529789993558,-0.6117934285032021,-1.0498720318233645,1.2490653500477655,0.05299351767595719,0.0,1.0,0.0
1.5411733471432911,0.7382955505905888,0.3040475222016678,-0.4500364107585287,-1.4815990585705316,0.0,0.0,1.0
1.0917120230669073,0.46827775477180766,0.34288947662041874,-0.6999043167594543,0.9142444533244969,0.0,0.0,1.0
-0.30661209628179503,-0.9493156732766498,-0.6891967407921059,1.6388592834092095,1.0551764246124398,0.0,1.0,0.0
0.5923105518709442,0.33326885686243624,0.03770269190166146,-0.0002741799568625625,-0.823916525893465,0.0,1.0,0.0
-0.8060135674777581,-1.0843245711860596,-0.3340703003920974,-0.08023190987715847,-0.7769392021308174,1.0,0.0,0.0
1.8907543769804596,1.95337563177497,0.3040475222016678,-0.4800205594786395,-0.6046890150011095,0.0,0.0,1.0
-0.7560734203581504,-0.47678453059383064,0.17087510705166464,0.009720536283174605,0.36617567609360796,0.0,1.0,0.0
-0.30661209628179503,-0.9493156732766498,1.147472818151688,-1.3195767236417497,-0.009642914007572967,0.0,1.0,0.0
0.2926696691533834,1.210826693273408,0.6258808588141755,-1.279597858681602,-0.8708938496561126,0.0,1.0,0.0
-1.704936215630469,-1.759369060732955,-0.9499927204608621,0.5094563482850258,1.211767503821265,0.0,1.0,0.0
1.5411733471432911,0.8057999995452554,0.4927084436641723,-0.4800205594786395,-1.3250079793617062,0.0,1.0,0.0
-0.7061332732385428,-0.6792978774579069,-0.38955880670459875,0.599408794445359,-1.6225310298584745,0.0,1.0,0.0
1.5411733471432911,1.6833578359562271,-0.4783404168046009,0.9092449978865069,0.5071076473815508,0.0,1.0,0.0
-0.8060135674777581,-0.2067667347750878,-0.45614501427960036,0.4195039021246928,1.0551764246124398,0.0,1.0,0.0
0.6921908461101312,0.40077330581714116,-0.4450473130171001,-0.5000099919587139,-0.32282507242522374,0.0,0.0,1.0
1.241532464425702,1.0083133464093317,0.6425274107079259,-0.7698673304397138,0.5384258632233159,1.0,0.0,0.0
-0.7560734203581504,-0.3417756326844592,-0.3118748978670969,0.4794721995649144,-0.24452953282081105,0.0,0.0,1.0
-0.6062529789993558,-0.6117934285032021,-0.1454093789295929,0.02970996876324823,0.8202898057992016,0.0,1.0,0.0
0.5923105518709442,0.1982599589530648,-0.48943811806710114,-0.030258328676973353,0.24090281272654765,0.0,1.0,0.0
-0.9058938617169451,-0.8143067753672784,-1.316216862123371,2.0386479330106906,-1.1527577922319983,0.0,1.0,0.0
1.8907543769804596,2.020880080729675,0.5204526968204229,-0.7098990329994915,1.556267878080681,0.0,1.0,0.0
1.3414127586648887,1.4808444890921508,-0.4949869686983513,1.2090864850876175,1.6502225256059762,0.0,1.0,0.0
-1.2554748915541136,-1.0843245711860596,-0.06217661946084093,-0.01026889619689973,0.8202898057992016,0.0,1.0,0.0
-0.6062529789993558,-0.13926228582038291,-0.567122026904603,0.8192925517261738,0.8829262374827318,1.0,0.0,0.0
1.1915923173060943,0.6032866526811791,-0.38955880670459875,-0.04025304491701052,-0.3384841803461063,0.0,1.0,0.0
0.3925499633925703,-0.2067667347750878,-0.9222484673046115,0.5394404970051366,1.11781285629597,0.0,1.0,0.0
0.19278937491416806,-0.004253387911011494,1.2750963826704411,-1.3895397373220089,-1.090121360548468,0.0,1.0,0.0
0.9418915817081127,0.40077330581714116,-1.5492685886358764,2.5883573262127277,-1.231053331836411,0.0,0.0,1.0
-0.2566719491621874,0.5357822037265125,0.17642395768291477,-0.18017907227752872,-0.5263934753966968,0.0,1.0,0.0
1.141652170186515,1.210826693273408,0.10983775010791318,-0.5599782893989361,1.3057221513465602,0.0,0.0,1.0
0.14284922779458878,0.9408088974546268,-1.2274352520233687,1.26905478252784,-1.4815990585705316,0.0,1.0,0.0
-1.704936215630469,-1.69186461177825,1.0808866105766863,-1.299587291161676,-0.9022120654978777,0.0,0.0,1.0
-1.405295332912908,-1.1518290201407262,-0.6670013382671054,-0.030258328676973353,0.11562994935948734,0.0,1.0,0.0
1.3913529057844964,1.5483489380468558,-0.8501134090983598,1.7787853107697276,1.0081991008497921,0.0,1.0,0.0
-0.9558340088365244,-1.69186461177825,-0.8223691559421091,1.7388064458095798,0.8359489137200842,0.0,1.0,0.0
-0.6561931261189635,-0.9493156732766498,1.014300403001685,-1.5294657646825274,-0.6829845546055221,0.0,0.0,1.0
-1.005774155956132,-1.4893512649141738,-0.3118748978670969,1.089149890207173,-1.2780306555990586,0.0,0.0,1.0
-0.05691136068381348,0.2657644079077313,-0.6670013382671054,0.5694246457252482,1.1021537483750874,0.0,1.0,0.0
1.141652170186515,1.1433222443187032,0.8089929296454299,-0.9197880740402689,0.3505165681727254,0.0,0.0,1.0
0.19278937491416806,0.8057999995452554,-0.5726708775358531,1.6788381483693573,1.0238582087706747,0.0,1.0,0.0
1.3414127586648887,0.40077330581714116,0.13758200326416384,-0.5699730056389732,-1.6851674615420047,0.0,1.0,0.0
1.2914726115453095,0.1982599589530648,0.5981366056579248,-0.5799677218790097,-1.465939950649649,0.0,1.0,0.0
-0.6062529789993558,-0.8143067753672784,-0.08992087261709159,0.4394933346047664,-0.823916525893465,0.0,1.0,0.0
0.8420112874689257,0.670791101635884,-1.2662772064421197,0.6793665243656548,0.44447121569802067,0.0,0.0,1.0
0.7920711403493464,0.8733044484999603,0.9255187929016827,-1.0097405202006022,-0.2288704248999285,0.0,1.0,0.0
0.4924302576317573,0.670791101635884,-0.6448059357421049,-0.14020020731738078,1.4309950147136206,0.0,0.0,1.0
0.4424901105121496,-0.27427118372975434,-0.8612111103608601,0.2395990098040259,0.36617567609360796,0.0,1.0,0.0
1.7908740827412726,2.08838452968438,-0.8001737534171085,0.4095091858846556,0.19392548896390005,0.0,1.0,0.0
0.9918317288277203,0.8733044484999603,-0.051078918198340664,-0.3600839645981956,-1.262371547678176,0.0,0.0,1.0
0.2926696691533834,-0.07175783686571639,-0.6170616825858541,0.8792608491663954,0.021675301834192112,0.0,1.0,0.0
0.9918317288277203,0.33326885686243624,-0.8778576622546104,1.8387536082099498,1.4623132305553856,0.0,0.0,1.0
0.6422506989905519,0.7382955505905888,0.770150975226679,-0.929782790280306,-1.1527577922319983,0.0,0.0,1.0
0.34260981627296266,0.46827775477180766,-0.5393777737483523,0.3195567397243225,-0.9178711734187602,0.0,1.0,0.0
0.34260981627296266,0.13075550999835991,1.8743722508454552,-1.5194710484424903,-0.6829845546055221,1.0,0.0,0.0
-1.205534744434506,-0.27427118372975434,0.29294982093916755,-0.4200522620384179,-0.7925983100516999,0.0,0.0,1.0
-0.6062529789993558,0.13075550999835991,-0.4339496117545998,0.6693718081256184,-0.04096112984933804,0.0,1.0,0.0
1.9406945241000388,1.95337563177497,-0.0732743207233412,0.24959372604406307,1.3526994751092078,0.0,1.0,0.0
-0.40649239052098196,0.33326885686243624,-0.8612111103608601,0.8692661329263589,-0.2288704248999285,0.0,1.0,0.0
-1.305415038673721,-0.8143067753672784,-1.194142148235868,1.3490125124481358,0.9612217770871444,1.0,0.0,0.0
-0.7560734203581504,-1.3543423670048025,-0.9777369736171128,0.919239714126544,0.6480396186694937,0.0,0.0,1.0
1.041771875947328,0.46827775477180766,-1.2496306545483693,1.2790494987678764,-1.5598945981749444,0.0,1.0,0.0
0.8919514345885334,0.40077330581714116,-1.3550588165421218,2.228547541571394,-0.26018864074169357,0.0,1.0,0.0
-0.7560734203581504,-0.9493156732766498,1.985349263470458,-1.9792279954841936,-0.9022120654978777,0.0,0.0,1.0
0.24272952203377574,0.40077330581714116,-0.9499927204608621,0.959218579086692,-1.5285763823331793,0.0,1.0,0.0
-1.2554748915541136,-1.219333469095431,-0.2785817940795961,0.0696888337233969,0.5227667553024333,0.0,1.0,0.0
1.8907543769804596,1.6833578359562271,-0.5116335205921017,0.6593770918855812,1.415335906792738,1.0,0.0,0.0
1.9406945241000388,2.1558889786390463,0.4705130411391718,-0.020263612436936897,-0.009642914007572967,0.0,0.0,1.0
-0.8060135674777581,-1.1518290201407262,-0.36736340417959823,-0.01026889619689973,1.1961083959003824,0.0,1.0,0.0
-0.6062529789993558,-0.13926228582038291,-0.16205593082334332,0.4195039021246928,-1.1370986843111157,1.0,0.0,0.0
-0.8559537145973374,-0.9493156732766498,0.17087510705166464,-0.5199994244387881,1.0551764246124398,0.0,1.0,0.0
-1.305415038673721,-1.4218468159595072,-0.8279180065733592,1.1990917688475804,0.36617567609360796,1.0,0.0,0.0
-0.30661209628179503,-0.7468023264126119,-0.45614501427960036,0.1496465636436928,1.4623132305553856,0.0,0.0,1.0
0.7421309932297389,0.40077330581714116,2.3460245545017164,-1.9792279954841936,0.2565619206474302,0.0,1.0,0.0
-0.9558340088365244,-1.4218468159595072,0.1653262564204145,-0.30011566715797333,-1.231053331836411,0.0,0.0,1.0
1.041771875947328,1.0083133464093317,-0.3451680016545977,0.5394404970051366,0.05299351767595719,0.0,1.0,0.0
-1.005774155956132,-0.8818112243219832,-0.017785814410839866,-0.04025304491701052,-0.13491577737463328,1.0,0.0,0.0
0.6422506989905519,0.670791101635884,0.22636361336416597,-0.3400945321181213,1.1961083959003824,1.0,0.0,0.0
1.141652170186515,0.6032866526811791,1.0032027017391845,-1.1896454125212683,1.1021537483750874,0.0,1.0,0.0
-1.2554748915541136,-1.0843245711860596,-1.0498720318233645,1.2190812013276549,0.773312482036554,0.0,0.0,1.0
-1.5551157742717028,-1.5568557138688788,0.6314297094454256,-0.4100575457983807,1.0864946404542049,0.0,1.0,0.0
-1.2554748915541136,-0.9493156732766498,-1.5492685886358764,1.359007228688173,0.4601303236189032,0.0,1.0,0.0
0.34260981627296266,0.5357822037265125,-0.11766512577334225,0.009720536283174605,0.5384258632233159,1.0,0.0,0.0
0.7421309932297389,0.2657644079077313,-1.4604869785358743,1.5589015534889135,0.7889715899574365,0.0,0.0,1.0
-1.0557143030757397,-0.13926228582038291,2.5568808784892214,-1.8692861168437862,-1.231053331836411,0.0,1.0,0.0
-0.9058938617169451,-1.2868379180500975,-0.8889553635171107,2.228547541571394,0.6480396186694937,0.0,1.0,0.0
-1.405295332912908,-1.1518290201407262,0.1653262564204145,-0.8798092090801208,-0.6986436625264046,0.0,1.0,0.0
1.7908740827412726,1.95337563177497,1.8521768483204548,-1.6494023595629717,-1.575553706095827,0.0,1.0,0.0
-0.30661209628179503,-0.47678453059383064,-0.9610904217233625,0.8392819842062474,0.13128905728036988,0.0,1.0,0.0
0.19278937491416806,-0.40928008163916413,-0.983285824248363,0.2096148610839151,1.1647901800586176,0.0,0.0,1.0
0.4924302576317573,0.5357822037265125,-0.03443236630459026,-0.07023719363712203,1.3526994751092078,0.0,0.0,1.0
0.8420112874689257,0.7382955505905888,0.43721993735167103,-0.3300998158780841,0.11562994935948734,0.0,0.0,1.0
-0.7560734203581504,-0.47678453059383064,0.46496419050792165,-0.6899096005194172,0.021675301834192112,0.0,1.0,0.0
0.6422506989905519,0.670791101635884,-0.2452886902920953,0.07968354996343335,0.6323805107486111,0.0,0.0,1.0
-1.5551157742717028,-1.1518290201407262,-0.3618145535483481,-0.08023190987715847,1.0864946404542049,1.0,0.0,0.0
1.8907543769804596,1.8183667338655987,-0.9166996166733613,1.359007228688173,0.44447121569802067,0.0,0.0,1.0
-0.8559537145973374,-1.2868379180500975,-0.7058432926858563,1.2290759175676913,1.7285180652103889,0.0,1.0,0.0
0.8919514345885334,0.7382955505905888,0.3206940740954182,-1.0197352364406391,1.0864946404542049,0.0,0.0,1.0
-1.205534744434506,-1.1518290201407262,0.46496419050792165,-0.3101103833980105,-0.7299618783681697,0.0,1.0,0.0
2.0905149654588335,2.2908978765484176,0.9643607473204336,-1.6494023595629717,-0.9022120654978777,0.0,0.0,1.0
-0.506372684760169,-0.004253387911011494,2.828774559420478,-2.0491910091644527,0.05299351767595719,0.0,0.0,1.0
-0.30661209628179503,-0.47678453059383064,-0.8223691559421091,0.6593770918855812,1.211767503821265,0.0,1.0,0.0
-1.1555945973149266,-1.8943779586423264,-0.5282800724858521,-0.0002741799568625625,-1.4189626268870015,0.0,1.0,0.0
-1.0557143030757397,-1.759369060732955,0.39282913230166994,-0.5399888569188618,1.7441771731312714,0.0,0.0,1.0
-1.2554748915541136,-0.8143067753672784,-0.3784611054420985,1.2290759175676913,0.6950169424321413,0.0,0.0,1.0
-1.205534744434506,-1.2868379180500975,-0.8889553635171107,1.7388064458095798,0.2252437048056651,0.0,0.0,1.0
-1.605055921391282,-1.3543423670048025,-0.9333461685671117,1.448959674848506,-0.3384841803461063,0.0,1.0,0.0
0.4424901105121496,0.13075550999835991,-0.8723088116233603,1.0391763090069879,0.36617567609360796,0.0,1.0,0.0
0.7421309932297389,0.46827775477180766,-1.1275559406608664,2.5583731774926153,-1.6851674615420047,0.0,0.0,1.0
-0.15679165492300043,-0.7468023264126119,-0.33961915102334755,0.09967298244350768,-0.32282507242522374,0.0,0.0,1.0
1.8408142298608519,1.8183667338655987,0.7202113195454277,-0.8298356278799357,0.19392548896390005,0.0,0.0,1.0
0.4424901105121496,1.3458355911827795,-0.5449266243796025,0.3795250371645441,1.6032452018433285,0.0,1.0,0.0
-0.6561931261189635,-0.07175783686571639,0.009958438745410796,-0.15019492355741795,1.5719269860015634,0.0,1.0,0.0
1.141652170186515,1.0083133464093317,-0.8445645584671096,0.72934010556584,-1.6538492457002396,0.0,1.0,0.0
0.9418915817081127,0.46827775477180766,-0.7446852471046073,0.8792608491663954,-0.4637570437131666,0.0,1.0,0.0
0.34260981627296266,1.0758177953640367,-1.0609697330858647,2.248536974051468,-1.1214395763902332,0.0,0.0,1.0
-1.305415038673721,-1.1518290201407262,1.7467486863267023,-1.819312535643601,-1.3093488714408237,0.0,1.0,0.0
-0.7061332732385428,-0.2067667347750878,0.9088722410079323,-1.3895397373220089,-1.606871921937592,0.0,1.0,0.0
-0.506372684760169,-0.07175783686571639,0.5038061449266726,-0.599957154359084,-0.24452953282081105,0.0,1.0,0.0
-0.6062529789993558,-0.2067667347750878,-0.056627768829590794,0.39951446964461845,0.44447121569802067,0.0,1.0,0.0
-0.9058938617169451,-0.7468023264126119,0.41502453482667045,-0.4500364107585287,-1.4502808427287666,0.0,0.0,1.0
-1.3553551857933004,-1.1518290201407262,-0.7113921433171064,0.3195567397243225,-0.6986436625264046,0.0,1.0,0.0
-1.2554748915541136,-1.0168201222313547,0.09874004884541292,-0.09022662611719565,-0.9491893892605253,1.0,0.0,0.0
-0.7061332732385428,-0.47678453059383064,0.9033233903766822,-1.2396189937214535,0.5540849711441984,0.0,1.0,0.0
-0.15679165492300043,-0.47678453059383064,-0.2508375409233454,-0.2201579372376774,1.6658816335268587,1.0,0.0,0.0
-0.7061332732385428,-0.13926228582038291,-0.18980018397959397,0.5694246457252482,0.569744079065081,0.0,1.0,0.0
-1.005774155956132,-0.9493156732766498,-0.4783404168046009,0.4095091858846556,0.8985853454036143,0.0,0.0,1.0
0.4424901105121496,0.33326885686243624,0.3317917753579185,0.04969940124332256,-0.7925983100516999,0.0,1.0,0.0
0.4924302576317573,1.5483489380468558,0.05989809442666199,-0.510004708198751,0.05299351767595719,0.0,1.0,0.0
1.6909937885020574,1.750862284910932,-0.4284007611233497,-0.2501420859577882,0.16260727312213497,0.0,1.0,0.0
-0.5563128318797765,-0.07175783686571639,0.2818521196766673,-0.8698144928400837,-0.15057488529551583,0.0,1.0,0.0
-0.5563128318797765,-0.004253387911011494,1.313938337089192,-1.4295186022821573,-0.8865529575769951,0.0,1.0,0.0
-0.45643253764056124,-0.3417756326844592,-0.15095822956084304,-0.10022134235723282,-0.5107343674758142,0.0,1.0,0.0
1.0917120230669073,1.2783311422280745,0.3206940740954182,-0.4200522620384179,0.8202898057992016,1.0,0.0,0.0
-0.8060135674777581,-1.0843245711860596,-0.13431167766709265,0.009720536283174605,1.11781285629597,0.0,1.0,0.0
0.2926696691533834,-0.40928008163916413,-0.944443869829612,1.1591129038874326,-0.5733707991593444,0.0,1.0,0.0
-1.505175627152095,-1.219333469095431,0.9033233903766822,-0.929782790280306,0.2565619206474302,0.0,0.0,1.0
-1.005774155956132,-0.8143067753672784,-0.23973983966084517,0.48946691580495155,1.11781285629597,0.0,1.0,0.0
1.241532464425702,0.9408088974546268,-0.7224898445796067,1.3090336474879878,0.28788013648919525,0.0,1.0,0.0
-1.3553551857933004,-1.4893512649141738,-0.006688113148339602,0.7993031192460994,0.9925399929289095,0.0,0.0,1.0
1.3913529057844964,0.5357822037265125,-0.48943811806710114,0.46947748332487793,-1.1840760080737633,0.0,0.0,1.0
2.040574818339254,2.1558889786390463,-0.483889267435851,0.7993031192460994,0.28788013648919525,0.0,1.0,0.0
1.7908740827412726,1.8183667338655987,-0.6725501888983555,0.4095091858846556,0.16260727312213497,0.0,1.0,0.0
0.5923105518709442,0.46827775477180766,0.06544694505791213,0.11966241492358203,-0.40112061202963645,0.0,1.0,0.0
-1.305415038673721,-0.8143067753672784,-0.4284007611233497,0.9692132953267292,0.3818347840144905,0.0,1.0,0.0
-0.9058938617169451,-1.6243601628235453,-0.15650708019209317,-0.8997986415601948,1.587586093922446,0.0,1.0,0.0
0.9918317288277203,0.8733044484999603,1.030946954895435,-1.2296242774814168,-1.3250079793617062,0.0,0.0,1.0
1.7908740827412726,1.4133400401374843,2.3737688076579673,-1.9092649818039344,-1.6538492457002396,0.0,0.0,1.0
-0.6062529789993558,-0.13926228582038291,2.06303317230796,-1.839301968123675,0.28788013648919525,1.0,0.0,0.0
0.9918317288277203,0.6032866526811791,0.10428889947666305,0.5294457807650995,1.3370403671883253,0.0,0.0,1.0
-0.45643253764056124,-0.7468023264126119,0.43167108672042087,-0.7698673304397138,1.8068136048148016,0.0,1.0,0.0
-0.9058938617169451,-0.7468023264126119,-1.1275559406608664,0.49946163204498867,-0.651666338763757,0.0,1.0,0.0
0.3925499633925703,1.1433222443187032,0.7867975271204294,-0.8698144928400837,1.7754953889730365,0.0,1.0,0.0
-0.9058938617169451,-1.4893512649141738,2.7177975467954756,-2.0092121442043047,-0.18189310113728088,0.0,1.0,0.0
1.7908740827412726,1.3458355911827795,-0.5782197281671032,-0.21016322099764023,-0.15057488529551583,0.0,0.0,1.0
-0.30661209628179503,-1.0168201222313547,1.696809030645451,-1.709370657003194,-0.4950752595549317,0.0,1.0,0.0
-0.40649239052098196,-1.0843245711860596,-0.5726708775358531,0.1796307123638036,-1.2467124397572935,0.0,1.0,0.0
1.041771875947328,0.6032866526811791,2.0907774254642106,-1.6893812245231197,-0.8865529575769951,0.0,0.0,1.0
1.0917120230669073,0.7382955505905888,-0.6281593838483545,1.0591657414870623,-0.1035975615328682,1.0,0.0,0.0
-0.40649239052098196,-0.7468023264126119,-0.6059639813233539,-0.09022662611719565,0.14694816520125242,0.0,1.0,0.0
-1.205534744434506,-1.0843245711860596,-0.43949846238584994,0.02970996876324823,1.3683585830300904,0.0,1.0,0.0
1.740933935621665,1.2783311422280745,-1.0831651356108654,0.9292344303665805,-0.2288704248999285,0.0,1.0,0.0
-0.10685150780339275,0.7382955505905888,3.3559153693892405,-2.229095901485119,1.2900630434256777,0.0,1.0,0.0
0.4924302576317573,1.0758177953640367,-0.3840099560733486,0.33954617220439615,0.39749389193537304,0.0,1.0,0.0
1.0917120230669073,0.06325106104369341,-0.6559036370046051,0.5394404970051366,-1.5442354902540618,0.0,0.0,1.0
0.9418915817081127,0.46827775477180766,-0.7446852471046073,0.7893084030060623,-0.43243882787140153,0.0,0.0,1.0
-0.8559537145973374,-0.6117934285032021,0.5925877550266747,-0.9797563714804911,0.27222102856831276,1.0,0.0,0.0
0.24272952203377574,0.670791101635884,2.9674958252017314,-2.109159306604675,-1.5442354902540618,0.0,1.0,0.0
-0.10685150780339275,0.40077330581714116,0.858932585326681,-0.8698144928400837,0.2095845968847826,0.0,0.0,1.0
0.8919514345885334,0.40077330581714116,-0.7557829483671075,0.6793665243656548,0.6793578345112588,0.0,1.0,0.0
0.24272952203377574,-0.2067667347750878,0.4261222360891707,-0.5499835731588989,0.7419942661947889,0.0,1.0,0.0
-1.5551157742717028,-1.4893512649141738,-1.410547322854623,1.2090864850876175,-0.11925666945375074,0.0,1.0,0.0
-1.9046968041088712,-1.8268735096876216,1.8965676533704559,-1.5694446296426754,-1.058803144706703,0.0,1.0,0.0
1.1915923173060943,0.06325106104369341,-1.0054812267733635,1.4589543910885432,-0.7299618783681697,0.0,0.0,1.0
1.0917120230669073,0.8057999995452554,0.48715959303292217,-0.67991488427938,-0.5263934753966968,0.0,0.0,1.0
2.0905149654588335,2.2908978765484176,1.1141797143641872,-1.6294129270828976,-0.3384841803461063,0.0,1.0,0.0
-0.6561931261189635,-0.07175783686571639,-0.41175420922959927,-0.030258328676973353,-0.5577116912384619,0.0,1.0,0.0
-1.005774155956132,-0.8143067753672784,0.39282913230166994,-0.6299413030791948,1.6345634176850936,0.0,1.0,0.0
1.9406945241000388,1.8858711828203034,-0.6670013382671054,0.7893084030060623,1.384017690950973,0.0,1.0,0.0
-0.45643253764056124,-1.0168201222313547,-0.4672427155421006,-0.020263612436936897,0.5854031869859635,0.0,1.0,0.0
0.2926696691533834,0.670791101635884,0.1320331526329137,0.0696888337233969,-0.32282507242522374,0.0,1.0,0.0
0.6921908461101312,0.8057999995452554,-0.3507168522858478,-0.35008924835815847,-1.2936897635199411,0.0,0.0,1.0
-0.8060135674777581,-0.6792978774579069,-0.1787024827170937,-0.3900681133183064,1.3057221513465602,0.0,0.0,1.0
0.6422506989905519,0.6032866526811791,0.31514522346416807,-0.6099518705991213,0.773312482036554,0.0,1.0,0.0
-0.6561931261189635,-0.07175783686571639,1.1863147725704388,-1.3195767236417497,-1.058803144706703,0.0,1.0,0.0
0.4924302576317573,0.670791101635884,-0.7613317989983577,1.528917404768802,-0.15057488529551583,0.0,1.0,0.0
1.041771875947328,0.8057999995452554,-0.6780990395296056,0.7993031192460994,-1.4815990585705316,0.0,1.0,0.0
0.6921908461101312,0.1982599589530648,0.39282913230166994,-1.0896982501208983,0.9142444533244969,0.0,0.0,1.0
0.4924302576317573,0.6032866526811791,1.4970504079204463,-1.4295186022821573,1.3213812592674428,0.0,1.0,0.0
1.1915923173060943,1.3458355911827795,-0.17315363208584358,-0.3101103833980105,-1.606871921937592,0.0,1.0,0.0
-0.9558340088365244,-0.07175783686571639,0.4982572942954225,-0.7498778979596394,-0.9805076051022904,0.0,1.0,0.0
-1.1555945973149266,-1.0168201222313547,-0.21199558650459452,0.13965184740365566,1.4623132305553856,0.0,1.0,0.0
-0.7560734203581504,-0.47678453059383064,0.07099579568916226,-0.3201050996380477,0.39749389193537304,0.0,0.0,1.0
-1.305415038673721,-0.8818112243219832,-0.09546972324834173,0.6293929431654698,0.601062294906846,1.0,0.0,0.0
-1.2554748915541136,-0.9493156732766498,0.31514522346416807,-0.29012095091793616,-1.2153942239155284,0.0,1.0,0.0
-0.9558340088365244,-1.1518290201407262,-0.4783404168046009,0.1496465636436928,1.5092905543180333,0.0,0.0,1.0
0.19278937491416806,0.8057999995452554,-0.3784611054420985,0.649382375645544,0.8829262374827318,0.0,1.0,0.0
-0.5563128318797765,0.13075550999835991,-0.03443236630459026,0.27957787476417384,0.47578943153978576,0.0,1.0,0.0
0.6422506989905519,0.670791101635884,-0.7613317989983577,0.7493295380459143,1.3996767988718555,0.0,0.0,1.0
-1.305415038673721,-1.0168201222313547,-0.944443869829612,1.3190283637280251,-1.0118258209440554,0.0,1.0,0.0
1.1915923173060943,0.670791101635884,0.08764234758291266,0.05969411748335973,1.5249496622389158,0.0,1.0,0.0
-0.3565522434013743,-0.9493156732766498,-0.10656742451084199,0.13965184740365566,-0.6360072308428746,1.0,0.0,0.0
-0.30661209628179503,-0.7468023264126119,1.23625442825169,-1.0697088176408243,-0.26018864074169357,1.0,0.0,0.0
1.1915923173060943,1.210826693273408,-0.2563863915545956,-0.1601896397974551,0.3818347840144905,0.0,1.0,0.0
-1.105654450195319,-1.69186461177825,-0.5060846699608516,1.1191340389272846,-0.009642914007572967,0.0,1.0,0.0
-1.1555945973149266,-0.6792978774579069,-0.04553006756709053,0.2395990098040259,-1.090121360548468,0.0,0.0,1.0
-0.05691136068381348,-0.5442889795485355,0.6591739626016763,-0.5199994244387881,-1.434621734807884,0.0,1.0,0.0
-1.205534744434506,-0.6792978774579069,1.9187630558954565,-1.4794921834823425,-1.3093488714408237,1.0,0.0,0.0
0.5423704047513649,-0.004253387911011494,-0.3840099560733486,0.009720536283174605,-1.3250079793617062,1.0,0.0,0.0
-0.7061332732385428,-0.3417756326844592,0.8034440790141798,-1.2196295612413797,-0.996166713023173,0.0,0.0,1.0
0.9418915817081127,-0.27427118372975434,-0.8556622597296099,0.5794193619652847,1.7128589572895063,0.0,0.0,1.0
0.5423704047513649,1.6158533870015224,1.4970504079204463,-1.4894868997223791,0.28788013648919525,0.0,0.0,1.0
0.24272952203377574,-0.07175783686571639,-0.3118748978670969,0.9292344303665805,0.2565619206474302,0.0,0.0,1.0
1.0917120230669073,0.8733044484999603,2.1740101849329623,-1.8093178194035642,-0.1035975615328682,0.0,0.0,1.0
2.0905149654588335,2.4259067744578275,-0.6392570851108547,0.36953032092450766,0.6793578345112588,0.0,0.0,1.0
1.2914726115453095,1.5483489380468558,-0.028883515673340132,-0.5699730056389732,-1.1997351159946459,0.0,1.0,0.0
-1.2554748915541136,-1.0168201222313547,-0.3063260472358468,0.46947748332487793,-1.058803144706703,0.0,0.0,1.0
0.3925499633925703,0.2657644079077313,-0.11766512577334225,-0.40006282955834355,-0.7612800942099348,0.0,0.0,1.0
-0.8060135674777581,-1.219333469095431,-0.06217661946084093,-0.38007339707826926,1.384017690950973,0.0,1.0,0.0
-0.6561931261189635,-0.6792978774579069,0.14313085389541397,-0.49001527571867665,0.6950169424321413,0.0,1.0,0.0
0.14284922779458878,-0.07175783686571639,-0.8112714546796088,1.6088751346890986,-1.4972581664914142,0.0,1.0,0.0
-1.5551157742717028,-1.69186461177825,-0.7890760521546083,0.8292872679662102,-1.3406670872825888,1.0,0.0,0.0
0.6422506989905519,0.06325106104369341,0.10428889947666305,-0.37007868083823275,1.1961083959003824,0.0,1.0,0.0
-0.006971213564205815,-0.27427118372975434,-0.6448059357421049,0.8692661329263589,-0.6360072308428746,0.0,0.0,1.0
-0.5563128318797765,-0.13926228582038291,0.4261222360891707,-0.35008924835815847,0.03733440975507465,0.0,1.0,0.0
-2.104457392587245,-2.501917999234517,-1.1220070900296162,1.4589543910885432,-0.32282507242522374,0.0,1.0,0.0
0.14284922779458878,1.1433222443187032,-0.5116335205921017,-0.3201050996380477,-1.6851674615420047,0.0,0.0,1.0
0.5923105518709442,0.06325106104369341,-1.3550588165421218,1.6588487158892837,-1.0744622526275855,0.0,0.0,1.0
0.5423704047513649,0.7382955505905888,-0.611512831954604,0.24959372604406307,0.24090281272654765,0.0,1.0,0.0
0.2926696691533834,1.2783311422280745,-0.9277973179358616,2.0086637842905795,1.6345634176850936,0.0,1.0,0.0
0.34260981627296266,1.1433222443187032,-0.43949846238584994,0.6094035106853961,-1.4502808427287666,0.0,1.0,0.0
-1.1555945973149266,-0.6117934285032021,-0.3340703003920974,0.2096148610839151,-0.7769392021308174,0.0,1.0,0.0
-0.506372684760169,-0.2067667347750878,-0.2785817940795961,0.0696888337233969,1.6345634176850936,0.0,0.0,1.0
-0.006971213564205815,0.2657644079077313,1.8965676533704559,-1.8093178194035642,-0.08793845361198566,1.0,0.0,0.0
-1.4552354800324874,-1.2868379180500975,-0.18425133334834384,-0.23015265347771385,1.6032452018433285,0.0,0.0,1.0
-0.6062529789993558,-0.2067667347750878,-0.3285214497608473,-0.1901737885175659,0.773312482036554,0.0,0.0,1.0
0.14284922779458878,-0.27427118372975434,-0.6670013382671054,0.24959372604406307,0.4601303236189032,0.0,0.0,1.0
-0.2566719491621874,-0.47678453059383064,2.229498691245464,-1.749349521963342,-1.403303518966119,0.0,1.0,0.0
-0.15679165492300043,0.1982599589530648,-0.4284007611233497,0.039704685003285396,-1.3876444110452364,1.0,0.0,0.0
1.7908740827412726,1.6833578359562271,-0.6004151306921038,0.8992502816464697,0.8516080216409667,0.0,1.0,0.0
-0.6062529789993558,-0.13926228582038291,0.09874004884541292,-0.280126234677899,0.4914485394606683,0.0,1.0,0.0
0.04296893355540185,-0.6792978774579069,-0.7502340977358574,1.478943823568617,-1.231053331836411,0.0,1.0,0.0
-0.6561931261189635,-0.9493156732766498,-1.3439611152796216,1.528917404768802,0.6323805107486111,0.0,1.0,0.0
0.5423704047513649,0.5357822037265125,1.402719947189194,-1.41952388604212,0.2095845968847826,1.0,0.0,0.0
0.34260981627296266,0.5357822037265125,-0.028883515673340132,0.1296571311636185,-0.6046890150011095,0.0,1.0,0.0
1.5911134942628704,0.8057999995452554,0.8256394815391803,-0.8098461953998617,-1.1684169001528808,0.0,0.0,1.0
0.04296893355540185,-0.2067667347750878,0.5648435018704241,-0.9597669390004171,-1.0431440367858205,0.0,1.0,0.0
-0.9058938617169451,-0.6792978774579069,-0.26748409281709584,-0.17018435603749227,0.2095845968847826,0.0,1.0,0.0
-0.10685150780339275,0.8057999995452554,3.3448176681267405,-2.339037780125526,0.569744079065081,0.0,1.0,0.0
-0.15679165492300043,-0.47678453059383064,1.3305848889829424,-1.4495080347622311,0.3348574602518429,0.0,1.0,0.0
-0.7061332732385428,-0.004253387911011494,-0.12321397640459239,-0.10022134235723282,-1.6225310298584745,0.0,1.0,0.0
-0.8060135674777581,-0.47678453059383064,-0.8001737534171085,0.7593242542859515,-1.3093488714408237,0.0,1.0,0.0
0.6422506989905519,-0.004253387911011494,-0.18425133334834384,0.07968354996343335,-1.5129172744122967,0.0,1.0,0.0
-0.10685150780339275,-0.6117934285032021,-0.23973983966084517,0.4394933346047664,0.7419942661947889,0.0,0.0,1.0
0.24272952203377574,-0.004253387911011494,-0.6891967407921059,0.3495408884444333,-0.15057488529551583,0.0,0.0,1.0
0.6422506989905519,0.5357822037265125,-0.4672427155421006,0.11966241492358203,-0.8082574179725824,0.0,0.0,1.0
-1.405295332912908,-0.9493156732766498,-1.4160961734858732,1.129128755167321,-1.1840760080737633,0.0,0.0,1.0
1.241532464425702,0.33326885686243624,-0.1787024827170937,0.01971525252321177,1.4623132305553856,0.0,0.0,1.0
1.4412930529040757,1.6833578359562271,-1.0110300774046135,1.4989332560486912,-1.4972581664914142,1.0,0.0,0.0
0.24272952203377574,1.2783311422280745,-0.15650708019209317,0.1796307123638036,1.5249496622389158,0.0,1.0,0.0
2.040574818339254,2.2908978765484176,-0.777978350892108,0.36953032092450766,0.05299351767595719,0.0,1.0,0.0
-0.5563128318797765,-0.13926228582038291,-0.7113921433171064,1.6288645671691722,-0.36980239618787136,0.0,1.0,0.0
-1.305415038673721,-1.3543423670048025,0.34288947662041874,-0.5399888569188618,1.149131072137735,0.0,0.0,1.0
0.9418915817081127,0.33326885686243624,0.2818521196766673,0.02970996876324823,0.3505165681727254,0.0,0.0,1.0
1.041771875947328,0.670791101635884,-1.0443231811921143,0.9492238628466548,1.384017690950973,0.0,1.0,0.0
0.04296893355540185,-0.3417756326844592,-1.033225479929614,1.089149890207173,-1.1527577922319983,0.0,1.0,0.0
-1.3553551857933004,-1.1518290201407262,0.30959637283291797,-0.7798620466797502,-1.231053331836411,0.0,0.0,1.0
0.04296893355540185,-0.3417756326844592,0.6702716638641766,-0.7298884654795651,-0.7925983100516999,0.0,1.0,0.0
-0.8559537145973374,-1.2868379180500975,-1.1830444469733676,1.8387536082099498,-0.2758477486625761,0.0,1.0,0.0
-0.5563128318797765,0.33326885686243624,0.9865561498454342,-1.309582007401713,-1.4189626268870015,0.0,1.0,0.0
0.9918317288277203,0.5357822037265125,0.38728028167041983,-0.4800205594786395,-1.6225310298584745,0.0,0.0,1.0
-1.205534744434506,-1.219333469095431,2.529136625332971,-1.9492438467640825,-1.5285763823331793,0.0,0.0,1.0
0.04296893355540185,-0.47678453059383064,0.4261222360891707,-0.7998514791598246,1.4309950147136206,0.0,1.0,0.0
-0.20673180204257968,-0.3417756326844592,1.4637573041329455,-1.2296242774814168,0.8046306978783191,0.0,1.0,0.0
0.4924302576317573,-0.004253387911011494,-1.8156134189358828,2.788251651013468,-1.2153942239155284,1.0,0.0,0.0
-1.2554748915541136,-1.219333469095431,5.042765961289281,-2.6188898348465632,-1.231053331836411,0.0,0.0,1.0
1.9906346712196465,2.1558889786390463,0.4039268335641702,-0.8298356278799357,1.5406087701597984,1.0,0.0,0.0
-0.20673180204257968,0.5357822037265125,0.353987177882919,-0.46003112699856585,1.4779723384762682,0.0,0.0,1.0
-0.8559537145973374,-1.0168201222313547,0.1986193602079153,0.11966241492358203,-0.04096112984933804,0.0,1.0,0.0
-1.2554748915541136,-0.47678453059383064,0.13758200326416384,-0.2501420859577882,-1.3719853031243538,0.0,1.0,0.0
-1.005774155956132,-1.759369060732955,0.3706337297766694,-0.4800205594786395,1.3683585830300904,1.0,0.0,0.0
1.141652170186515,0.5357822037265125,1.0198492536329349,-1.3695503048419349,1.6502225256059762,0.0,1.0,0.0
-0.8559537145973374,-1.2868379180500975,6.085949879964306,-2.7188369972469335,-0.36980239618787136,1.0,0.0,0.0
0.8919514345885334,0.40077330581714116,-0.483889267435851,0.8392819842062474,0.03733440975507465,0.0,1.0,0.0
-1.305415038673721,-1.4218468159595072,0.09874004884541292,-0.4500364107585287,1.0395173166915572,0.0,1.0,0.0
-0.20673180204257968,0.13075550999835991,-0.3951076573358489,0.7993031192460994,-1.5442354902540618,0.0,1.0,0.0
-0.8060135674777581,-0.3417756326844592,-0.13986052829834278,-0.12021077483730715,0.31919835233096033,0.0,0.0,1.0
-0.006971213564205815,-0.47678453059383064,-0.7002944420546061,0.0696888337233969,0.14694816520125242,0.0,0.0,1.0
2.040574818339254,2.1558889786390463,2.712248696164225,-2.109159306604675,-0.9805076051022904,0.0,0.0,1.0
-0.006971213564205815,-0.13926228582038291,-0.3618145535483481,0.05969411748335973,-0.4637570437131666,0.0,1.0,0.0
0.8420112874689257,0.46827775477180766,-0.5393777737483523,0.10966769868354485,-0.29150685658345865,0.0,0.0,1.0
0.8420112874689257,0.40077330581714116,0.6702716638641766,-1.1296771150810465,-0.651666338763757,0.0,1.0,0.0
0.34260981627296266,1.5483489380468558,-0.6725501888983555,0.8992502816464697,-0.6046890150011095,0.0,1.0,0.0
-0.7061332732385428,-1.0843245711860596,1.3250360383516921,-1.1796506962812316,0.8359489137200842,0.0,0.0,1.0
0.4924302576317573,0.6032866526811791,1.569185466126698,-1.839301968123675,0.9455626691662619,0.0,1.0,0.0
1.2914726115453095,1.0083133464093317,0.4982572942954225,-0.5599782893989361,1.8851091444192143,1.0,0.0,0.0
1.141652170186515,0.9408088974546268,-0.3507168522858478,-0.27013151843786254,-1.3719853031243538,0.0,1.0,0.0
0.7421309932297389,0.5357822037265125,0.28740097030791745,-1.0397246689207131,-1.1684169001528808,1.0,0.0,0.0
-0.05691136068381348,-0.47678453059383064,-0.8334668572046093,1.2790494987678764,-1.6851674615420047,0.0,0.0,1.0
-0.9058938617169451,-1.5568557138688788,-0.20089788524209423,-0.17018435603749227,-0.32282507242522374,0.0,1.0,0.0
1.6410536413824781,1.750862284910932,0.46496419050792165,-0.5399888569188618,-0.08793845361198566,0.0,1.0,0.0
1.0917120230669073,1.0758177953640367,-0.8667599609921102,0.42949861836472925,-0.5577116912384619,0.0,1.0,0.0
-1.4552354800324874,-1.219333469095431,-0.7613317989983577,1.1191340389272846,1.2274266117421475,0.0,1.0,0.0
-1.405295332912908,-0.9493156732766498,0.12648430200166358,-0.6999043167594543,-0.36980239618787136,0.0,1.0,0.0
-0.6062529789993558,-0.004253387911011494,-0.2952283459733465,-0.15019492355741795,-0.823916525893465,0.0,0.0,1.0
-0.6062529789993558,-0.6117934285032021,-0.2785817940795961,0.9092449978865069,0.31919835233096033,0.0,1.0,0.0
0.2926696691533834,-0.47678453059383064,0.34288947662041874,0.01971525252321177,-0.6046890150011095,0.0,1.0,0.0
-1.9046968041088712,-1.8943779586423264,-0.8334668572046093,0.8592714166863218,-1.575553706095827,0.0,0.0,1.0
-1.0557143030757397,-1.4893512649141738,-0.22309328776709478,-0.2501420859577882,-0.4637570437131666,0.0,1.0,0.0
0.24272952203377574,-0.07175783686571639,-0.40620535859834916,1.3190283637280251,1.0081991008497921,0.0,0.0,1.0
-0.5563128318797765,-0.004253387911011494,0.9976538511079344,-1.2696031424415646,-0.7769392021308174,0.0,1.0,0.0
0.4924302576317573,0.06325106104369341,0.10428889947666305,-0.7398831817196023,-1.6851674615420047,0.0,1.0,0.0
0.7421309932297389,0.46827775477180766,-0.4727915661733507,-0.060242477397084854,-1.4189626268870015,0.0,0.0,1.0
-0.006971213564205815,-0.07175783686571639,-0.051078918198340664,-0.5499835731588989,-0.5733707991593444,0.0,0.0,1.0
-0.2566719491621874,-0.47678453059383064,-0.5393777737483523,0.6193982269254332,-1.606871921937592,0.0,1.0,0.0
0.4424901105121496,0.8733044484999603,0.7146624689141776,-1.1096876826009725,1.1804492879795,1.0,0.0,0.0
-0.5563128318797765,0.13075550999835991,-0.0399812169358404,-0.23015265347771385,0.9142444533244969,1.0,0.0,0.0
-0.45643253764056124,0.2657644079077313,0.3040475222016678,-0.6699201680393435,0.6167214028277286,0.0,1.0,0.0
1.4912332000236834,0.7382955505905888,-0.6170616825858541,-0.020263612436936897,1.149131072137735,0.0,0.0,1.0
-1.405295332912908,-1.0168201222313547,-0.5171823712233518,0.36953032092450766,0.9925399929289095,0.0,1.0,0.0
-0.40649239052098196,-1.0168201222313547,-0.28967949534209636,0.11966241492358203,0.5071076473815508,0.0,1.0,0.0
-1.005774155956132,-0.5442889795485355,-0.06772547009209105,-0.05024776115704769,-0.3541432882669888,0.0,1.0,0.0
-0.5563128318797765,-1.0168201222313547,1.1252774156266874,-0.5499835731588989,0.14694816520125242,0.0,1.0,0.0
0.4924302576317573,1.4133400401374843,-0.7446852471046073,0.6094035106853961,-0.4480979357922841,0.0,1.0,0.0
0.6921908461101312,0.8057999995452554,-1.022127778667114,1.0591657414870623,-1.1057804684693506,0.0,1.0,0.0
-1.3553551857933004,-1.0168201222313547,1.2473521295141903,-0.9197880740402689,0.6323805107486111,0.0,1.0,0.0
-0.2566719491621874,0.5357822037265125,-0.5116335205921017,0.09967298244350768,-0.2288704248999285,0.0,1.0,0.0
1.7908740827412726,2.08838452968438,-0.7446852471046073,-0.17018435603749227,-0.7769392021308174,0.0,1.0,0.0
-0.8559537145973374,-0.40928008163916413,-1.0165789280358637,0.5394404970051366,-0.18189310113728088,0.0,1.0,0.0
0.5423704047513649,0.33326885686243624,0.353987177882919,-0.7398831817196023,0.2095845968847826,0.0,0.0,1.0
-1.1555945973149266,-1.8943779586423264,-0.8168203053108589,0.2995673072442482,1.3996767988718555,0.0,1.0,0.0
-0.15679165492300043,-0.5442889795485355,0.8089929296454299,-1.1096876826009725,1.11781285629597,0.0,0.0,1.0
-0.5563128318797765,-0.5442889795485355,-0.7058432926858563,0.4095091858846556,0.5071076473815508,0.0,0.0,1.0
0.14284922779458878,-0.5442889795485355,-0.7835272015233582,1.438964958608469,1.415335906792738,0.0,1.0,0.0
-0.9058938617169451,-1.6243601628235453,-1.2274352520233687,1.5688962697289506,-1.6851674615420047,1.0,0.0,0.0
-0.506372684760169,0.06325106104369341,0.9199699422704325,-0.9897510877205279,-0.36980239618787136,0.0,0.0,1.0
-0.9058938617169451,-1.4218468159595072,-0.611512831954604,0.9392291466066176,0.5227667553024333,0.0,1.0,0.0
-1.6549960685108898,-1.759369060732955,-0.03443236630459026,-0.7498778979596394,1.1647901800586176,0.0,0.0,1.0
-0.05691136068381348,-0.5442889795485355,-1.1442024925546168,1.079155173967136,-0.7299618783681697,0.0,1.0,0.0
-0.7061332732385428,-0.13926228582038291,0.5426480993454236,-0.5399888569188618,1.556267878080681,0.0,1.0,0.0
0.09290908067498112,-0.004253387911011494,-0.2563863915545956,0.72934010556584,1.0081991008497921,0.0,1.0,0.0
0.19278937491416806,1.1433222443187032,0.08764234758291266,-0.1302054910773436,-1.606871921937592,0.0,0.0,1.0
-0.9058938617169451,-1.1518290201407262,-0.4505961636483502,0.1796307123638036,0.3818347840144905,0.0,1.0,0.0
-0.40649239052098196,-1.0843245711860596,1.6746136281204504,-1.7193653732432308,-1.058803144706703,0.0,1.0,0.0
0.5423704047513649,0.40077330581714116,-0.611512831954604,1.26905478252784,-1.1370986843111157,0.0,0.0,1.0
1.5411733471432911,0.9408088974546268,1.608027420545449,-1.5494551971626014,0.8046306978783191,0.0,1.0,0.0
1.2914726115453095,1.5483489380468558,0.6702716638641766,-0.9697616552404539,-1.1214395763902332,0.0,1.0,0.0
0.34260981627296266,-0.2067667347750878,-0.08992087261709159,-0.18017907227752872,-0.5420525833175793,0.0,0.0,1.0
1.3913529057844964,0.40077330581714116,-0.7502340977358574,0.3195567397243225,1.4936314463971507,0.0,1.0,0.0
-0.40649239052098196,-0.6117934285032021,-0.3951076573358489,0.559429929485211,-1.6538492457002396,0.0,1.0,0.0
-0.7560734203581504,-0.5442889795485355,-0.1953490346108441,-0.6299413030791948,1.1647901800586176,0.0,1.0,0.0
0.7920711403493464,0.5357822037265125,-1.022127778667114,1.7787853107697276,1.3683585830300904,0.0,1.0,0.0
0.04296893355540185,1.1433222443187032,-0.7724295002608579,0.8492767004462846,1.5249496622389158,0.0,0.0,1.0
-1.305415038673721,-1.2868379180500975,-1.0609697330858647,1.7388064458095798,-0.651666338763757,0.0,1.0,0.0
1.6909937885020574,1.2783311422280745,1.2861940839329413,-0.8398303441199725,1.4779723384762682,0.0,1.0,0.0
0.6921908461101312,0.1982599589530648,-0.2619352421858457,0.13965184740365566,1.3683585830300904,0.0,1.0,0.0
0.9418915817081127,0.5357822037265125,-0.11211627514209212,-0.10022134235723282,-0.2758477486625761,0.0,1.0,0.0
0.14284922779458878,1.0758177953640367,-0.6226105332171044,1.6188698509291357,-1.5598945981749444,1.0,0.0,0.0
-0.2566719491621874,0.46827775477180766,-0.2841306447108462,-0.05024776115704769,-0.19755220905816342,0.0,0.0,1.0
-0.7061332732385428,-0.13926228582038291,1.6801624787517007,-1.9892227117242305,0.5384258632233159,0.0,1.0,0.0
1.8408142298608519,1.8183667338655987,0.13758200326416384,0.01971525252321177,0.6636987265903762,1.0,0.0,0.0
-0.8060135674777581,-0.6117934285032021,-0.07882317135459133,-0.07023719363712203,-0.3384841803461063,0.0,0.0,1.0
0.6422506989905519,0.2657644079077313,-0.006688113148339602,-0.1601896397974551,1.3683585830300904,0.0,1.0,0.0
0.34260981627296266,-0.3417756326844592,-0.17315363208584358,-0.01026889619689973,-0.7612800942099348,0.0,1.0,0.0
0.5423704047513649,0.670791101635884,0.7646021245954289,-1.0896982501208983,1.2587448275839126,0.0,1.0,0.0
-1.205534744434506,-0.6117934285032021,-0.5005358193296015,0.9092449978865069,1.0395173166915572,0.0,1.0,0.0
1.241532464425702,1.0083133464093317,1.4582084535016955,-1.3595555886018982,1.3213812592674428,0.0,1.0,0.0
-1.005774155956132,-0.9493156732766498,0.39282913230166994,-0.6899096005194172,-0.8082574179725824,0.0,1.0,0.0
-0.30661209628179503,0.2657644079077313,0.23746131462666623,-0.8298356278799357,1.149131072137735,0.0,1.0,0.0
-1.0557143030757397,-1.5568557138688788,0.2984986715704177,-0.510004708198751,-0.3854615041087539,0.0,1.0,0.0
-0.15679165492300043,-0.6117934285032021,-0.3118748978670969,0.10966769868354485,1.5719269860015634,0.0,1.0,0.0
1.6410536413824781,0.8733044484999603,-0.8334668572046093,1.3889913774082838,-1.0744622526275855,0.0,1.0,0.0
0.6422506989905519,0.2657644079077313,0.5315503980829233,-0.7498778979596394,0.03733440975507465,0.0,0.0,1.0
-0.2566719491621874,-0.004253387911011494,-1.0554208824546147,1.26905478252784,-0.24452953282081105,0.0,1.0,0.0
0.4424901105121496,0.33326885686243624,-0.15095822956084304,0.11966241492358203,-0.9178711734187602,1.0,0.0,0.0
-0.8060135674777581,-0.5442889795485355,-0.26748409281709584,1.1191340389272846,-1.4815990585705316,0.0,0.0,1.0
-1.305415038673721,-1.219333469095431,0.2541078665204166,0.6193982269254332,-1.1057804684693506,1.0,0.0,0.0
-0.6561931261189635,-0.6117934285032021,-0.6448059357421049,0.9492238628466548,1.446654122634503,0.0,0.0,1.0
1.3414127586648887,1.4808444890921508,-0.7446852471046073,1.1391234714073581,0.773312482036554,0.0,1.0,0.0
-0.40649239052098196,-1.0843245711860596,1.8743722508454552,-1.6094234946028239,-1.6225310298584745,0.0,1.0,0.0
0.8420112874689257,-0.07175783686571639,0.3761825804079195,-0.23015265347771385,-0.2288704248999285,0.0,1.0,0.0
0.24272952203377574,0.33326885686243624,-0.7224898445796067,2.0886215142108755,-0.5420525833175793,0.0,1.0,0.0
-2.004577098348058,-2.231900203415774,2.8010303062642277,-1.769338954443416,-0.9335302813396428,0.0,0.0,1.0
0.19278937491416806,1.0758177953640367,-0.12321397640459239,-0.10022134235723282,-0.9805076051022904,0.0,1.0,0.0
-0.40649239052098196,0.46827775477180766,0.0044095881141606634,-0.37007868083823275,1.0551764246124398,0.0,1.0,0.0
1.3414127586648887,1.6158533870015224,-0.5282800724858521,0.8692661329263589,-1.5442354902540618,0.0,1.0,0.0
1.1915923173060943,1.2783311422280745,0.731309020807928,-1.0097405202006022,1.5092905543180333,0.0,1.0,0.0
-1.3553551857933004,-0.8818112243219832,-0.400656507967099,-0.3201050996380477,1.6971998493686238,0.0,1.0,0.0
-1.605055921391282,-1.4893512649141738,0.48715959303292217,-0.94977222276038,0.14694816520125242,1.0,0.0,0.0
-2.25427783394604,-2.7719357950532983,0.015507289376660929,-0.38007339707826926,-1.4972581664914142,0.0,1.0,0.0
1.8408142298608519,1.8858711828203034,1.6246739724391994,-1.6394076433229345,-1.1370986843111157,0.0,1.0,0.0
-0.5563128318797765,-0.5442889795485355,0.2319124639954161,-0.3300998158780841,-0.1035975615328682,0.0,0.0,1.0
-1.0557143030757397,-0.8143067753672784,-0.006688113148339602,-0.24014736971775102,-0.8395756338143475,0.0,0.0,1.0
0.2926696691533834,1.1433222443187032,-0.5948662800608536,-0.08023190987715847,-1.6538492457002396,0.0,1.0,0.0
-0.20673180204257968,0.5357822037265125,-0.8112714546796088,0.9892027278068027,-0.4637570437131666,0.0,1.0,0.0
-1.4552354800324874,-1.4893512649141738,0.5370992487141734,-0.9697616552404539,-0.2758477486625761,0.0,1.0,0.0
-1.7548763627500765,-1.759369060732955,0.14313085389541397,0.3495408884444333,1.3526994751092078,0.0,0.0,1.0
0.24272952203377574,0.9408088974546268,-0.5393777737483523,0.6993559568457292,-0.8552347417352301,0.0,1.0,0.0
-0.506372684760169,-0.6792978774579069,-0.5726708775358531,0.3895197534045813,-1.3719853031243538,1.0,0.0,0.0
1.141652170186515,1.210826693273408,-0.4228519104920995,-0.43004697827845434,1.3996767988718555,0.0,0.0,1.0
0.8919514345885334,0.46827775477180766,-0.611512831954604,0.7893084030060623,-0.8552347417352301,0.0,0.0,1.0
0.2926696691533834,-0.40928008163916413,-0.7169409939483565,0.05969411748335973,-0.13491577737463328,0.0,1.0,0.0
-1.7548763627500765,-1.759369060732955,-1.0498720318233645,1.5589015534889135,-0.6046890150011095,0.0,0.0,1.0
1.241532464425702,1.2783311422280745,-0.10656742451084199,0.48946691580495155,-0.21321131697904597,0.0,1.0,0.0
-0.20673180204257968,0.13075550999835991,-0.38955880670459875,0.6993559568457292,-1.4502808427287666,0.0,1.0,0.0
-1.1555945973149266,-0.27427118372975434,0.31514522346416807,-0.4800205594786395,1.0238582087706747,0.0,0.0,1.0
0.34260981627296266,-0.004253387911011494,0.5648435018704241,-0.5399888569188618,1.1021537483750874,0.0,0.0,1.0
0.3925499633925703,0.46827775477180766,2.1351682305142115,-1.759344238203379,-1.1214395763902332,0.0,0.0,1.0
0.7421309932297389,0.40077330581714116,-0.09546972324834173,-0.3400945321181213,1.4779723384762682,0.0,1.0,0.0
0.5923105518709442,0.670791101635884,0.18752165894541503,-0.7198937492395286,-0.7925983100516999,0.0,1.0,0.0
1.2914726115453095,1.3458355911827795,-0.5116335205921017,0.5494352132451739,1.0238582087706747,0.0,1.0,0.0
1.141652170186515,1.1433222443187032,-0.41175420922959927,0.3495408884444333,0.14694816520125242,0.0,1.0,0.0
1.041771875947328,0.670791101635884,0.9532630460579333,-1.1296771150810465,-0.3854615041087539,0.0,0.0,1.0
1.1915923173060943,0.9408088974546268,0.7535044233329286,-1.0397246689207131,0.31919835233096033,0.0,0.0,1.0
-0.05691136068381348,0.2657644079077313,0.20416821083916545,-0.5699730056389732,1.2587448275839126,0.0,0.0,1.0
-0.9058938617169451,-1.3543423670048025,2.3848665089204677,-1.8293072518836382,-1.1840760080737633,0.0,0.0,1.0
1.9906346712196465,2.1558889786390463,0.5149038461891728,-0.9397775065203428,0.2095845968847826,0.0,1.0,0.0
1.4912332000236834,1.6833578359562271,-0.4339496117545998,0.01971525252321177,0.3035392444100778,0.0,1.0,0.0
0.19278937491416806,-0.004253387911011494,0.11538660073916332,0.22960429356398873,1.2274266117421475,0.0,0.0,1.0
0.2926696691533834,1.1433222443187032,-0.6392570851108547,1.079155173967136,1.1647901800586176,0.0,0.0,1.0
0.34260981627296266,0.5357822037265125,-0.18425133334834384,0.39951446964461845,-0.16623399321639837,0.0,0.0,1.0
-0.9058938617169451,-0.6792978774579069,-0.17315363208584358,0.04969940124332256,1.3213812592674428,0.0,0.0,1.0
0.24272952203377574,1.0758177953640367,-1.6269524974733782,1.2890442150079136,0.8985853454036143,0.0,0.0,1.0
-0.05691136068381348,0.33326885686243624,0.05434924379541185,0.27957787476417384,1.5719269860015634,1.0,0.0,0.0
1.7908740827412726,1.8183667338655987,3.5223808883267447,-2.239090617725156,-1.1057804684693506,0.0,0.0,1.0
-0.006971213564205815,-0.6117934285032021,-0.4228519104920995,0.5694246457252482,-1.5129172744122967,0.0,0.0,1.0
-0.6062529789993558,-0.9493156732766498,1.058691208051686,-1.4095291698020833,-0.7612800942099348,0.0,1.0,0.0
-0.40649239052098196,-0.8143067753672784,0.36508487914541926,-0.8898039253201576,1.149131072137735,0.0,1.0,0.0
0.19278937491416806,-0.27427118372975434,-0.08992087261709159,-0.15019492355741795,0.2565619206474302,0.0,1.0,0.0
-0.8060135674777581,-0.7468023264126119,0.20971706147041558,-0.29012095091793616,-1.6851674615420047,1.0,0.0,0.0
0.8420112874689257,0.670791101635884,-0.5449266243796025,0.42949861836472925,1.5719269860015634,0.0,1.0,0.0
-0.45643253764056124,0.06325106104369341,-0.611512831954604,0.289572591004211,-0.18189310113728088,1.0,0.0,0.0
0.7421309932297389,0.5357822037265125,0.4927084436641723,-0.3600839645981956,0.9299035612453793,0.0,0.0,1.0
0.3925499633925703,1.6158533870015224,1.2639986814079407,-1.439513318522194,-0.04096112984933804,0.0,1.0,0.0
1.2914726115453095,1.4133400401374843,-0.11211627514209212,-0.1901737885175659,1.1021537483750874,0.0,1.0,0.0
0.6422506989905519,-0.004253387911011494,-0.5615731762733529,0.08967826620347052,-1.575553706095827,0.0,1.0,0.0
-1.005774155956132,-1.69186461177825,-0.6226105332171044,0.3595356046844705,-0.1035975615328682,0.0,0.0,1.0
0.09290908067498112,1.0758177953640367,0.3706337297766694,-0.8997986415601948,1.4309950147136206,0.0,1.0,0.0
0.24272952203377574,1.3458355911827795,2.4736481190204698,-2.0691804416445265,0.5540849711441984,0.0,0.0,1.0
0.5923105518709442,-0.13926228582038291,0.942165344795433,-1.299587291161676,0.6793578345112588,1.0,0.0,0.0
1.3913529057844964,1.5483489380468558,-0.2508375409233454,-0.2501420859577882,1.415335906792738,0.0,1.0,0.0
1.0917120230669073,0.7382955505905888,-0.5837685787983534,1.8587430406900243,-0.08793845361198566,0.0,0.0,1.0
0.6921908461101312,0.40077330581714116,-0.4173030598608494,0.8592714166863218,-0.18189310113728088,0.0,0.0,1.0
-0.6561931261189635,-0.2067667347750878,-0.983285824248363,1.049171025247025,-1.1527577922319983,0.0,0.0,1.0
-0.15679165492300043,-0.27427118372975434,-0.15095822956084304,-0.38007339707826926,1.0081991008497921,0.0,1.0,0.0
1.0917120230669073,1.0083133464093317,-0.31742374849834704,0.2595884422841002,-1.434621734807884,1.0,0.0,0.0
0.6921908461101312,0.46827775477180766,-0.4450473130171001,-0.23015265347771385,-1.058803144706703,0.0,0.0,1.0
0.2926696691533834,0.5357822037265125,-0.9111507660421112,1.3190283637280251,1.11781285629597,0.0,1.0,0.0
-0.20673180204257968,-0.5442889795485355,0.3484383272516689,-0.27013151843786254,-1.1997351159946459,0.0,1.0,0.0
-0.30661209628179503,-0.9493156732766498,-0.2619352421858457,0.04969940124332256,1.149131072137735,0.0,1.0,0.0
0.14284922779458878,0.8057999995452554,1.3527802915079428,-1.439513318522194,0.4914485394606683,0.0,0.0,1.0
-0.5563128318797765,-1.219333469095431,1.6024785699141988,-1.6194182108428605,-1.2780306555990586,0.0,1.0,0.0
0.6921908461101312,0.46827775477180766,-0.16760478145459345,-0.17018435603749227,-0.19755220905816342,0.0,1.0,0.0
0.6921908461101312,0.46827775477180766,0.8478348840641808,-0.7698673304397138,-1.606871921937592,0.0,0.0,1.0
0.5923105518709442,0.06325106104369341,4.110559055239259,-2.4289902262858596,-1.5129172744122967,0.0,0.0,1.0
1.2914726115453095,1.4808444890921508,-0.4505961636483502,-0.12021077483730715,-1.1527577922319983,0.0,0.0,1.0
0.34260981627296266,1.210826693273408,0.353987177882919,-0.5899624381190469,-1.4189626268870015,0.0,1.0,0.0
0.24272952203377574,-0.3417756326844592,1.3194871877204422,-1.6394076433229345,-1.6851674615420047,0.0,1.0,0.0
-1.105654450195319,-1.4893512649141738,0.45941533987667155,-0.7898567629197875,-1.403303518966119,0.0,0.0,1.0
-0.506372684760169,-0.004253387911011494,-0.4505961636483502,0.48946691580495155,1.7754953889730365,1.0,0.0,0.0
-2.054517245467666,-2.3669091013251458,0.3040475222016678,-0.67991488427938,-0.823916525893465,1.0,0.0,0.0
2.040574818339254,2.1558889786390463,0.25965671715166677,0.10966769868354485,0.3348574602518429,0.0,0.0,1.0
-0.506372684760169,0.06325106104369341,-0.9111507660421112,0.8892555654064326,-0.7612800942099348,0.0,1.0,0.0
0.04296893355540185,0.40077330581714116,-0.9166996166733613,0.5394404970051366,0.1782663810430175,0.0,1.0,0.0
0.4424901105121496,0.6032866526811791,-0.3618145535483481,-0.43004697827845434,1.0551764246124398,1.0,0.0,0.0
0.7421309932297389,0.46827775477180766,-0.5782197281671032,-0.15019492355741795,1.8224727127356841,0.0,1.0,0.0
0.6921908461101312,0.40077330581714116,-0.8778576622546104,0.6094035106853961,-0.589029907080227,0.0,1.0,0.0
-0.9058938617169451,-0.8143067753672784,-0.5726708775358531,1.1890970526075433,0.7106760503530238,1.0,0.0,0.0
1.3414127586648887,0.46827775477180766,2.4292573139704685,-1.9992174279642676,-1.3563261952034713,0.0,1.0,0.0
-0.10685150780339275,-0.27427118372975434,-0.0732743207233412,0.16963599612376715,-0.3541432882669888,0.0,1.0,0.0
-1.305415038673721,-0.5442889795485355,-1.4715846797983745,1.4289702423684318,0.2095845968847826,0.0,1.0,0.0
0.24272952203377574,-0.2067667347750878,-1.0998116875046158,1.089149890207173,0.4601303236189032,0.0,0.0,1.0
-1.605055921391282,-1.4218468159595072,0.8811279878516816,-0.9197880740402689,-0.9335302813396428,0.0,1.0,0.0
-1.205534744434506,-1.0843245711860596,-0.1787024827170937,0.599408794445359,-0.8865529575769951,0.0,0.0,1.0
-1.005774155956132,-1.6243601628235453,-0.4450473130171001,0.4394933346047664,0.8672671295618493,0.0,0.0,1.0
-0.506372684760169,-0.004253387911011494,-1.1164582393983662,1.6388592834092095,-1.231053331836411,0.0,0.0,1.0
-0.506372684760169,-1.0168201222313547,0.10983775010791318,-0.1901737885175659,1.3526994751092078,0.0,1.0,0.0
0.5423704047513649,0.06325106104369341,-0.45614501427960036,-0.04025304491701052,1.6815407414477412,0.0,1.0,0.0
1.6909937885020574,1.5483489380468558,0.686918215757927,-0.6099518705991213,-0.4637570437131666,0.0,1.0,0.0
0.04296893355540185,-0.47678453059383064,0.9588118966891834,-1.1496665475611205,0.5227667553024333,0.0,1.0,0.0
-1.505175627152095,-1.1518290201407262,-0.777978350892108,0.6393876594055069,0.3818347840144905,0.0,0.0,1.0
1.141652170186515,0.46827775477180766,0.10983775010791318,-0.6099518705991213,0.1782663810430175,0.0,0.0,1.0
-0.9558340088365244,-1.4893512649141738,0.0044095881141606634,-0.2201579372376774,1.4936314463971507,0.0,1.0,0.0
-0.9058938617169451,-1.0843245711860596,-1.022127778667114,0.9392291466066176,1.587586093922446,0.0,1.0,0.0
-0.506372684760169,-0.40928008163916413,1.4360130509766948,-1.4495080347622311,-0.29150685658345865,0.0,1.0,0.0
-0.15679165492300043,0.7382955505905888,-0.5560243256421027,0.48946691580495155,1.0395173166915572,0.0,1.0,0.0
-0.6062529789993558,-0.5442889795485355,-0.9277973179358616,0.8492767004462846,0.19392548896390005,1.0,0.0,0.0
-1.6549960685108898,-1.6243601628235453,0.0044095881141606634,-0.14020020731738078,-0.8552347417352301,0.0,1.0,0.0
1.0917120230669073,0.7382955505905888,-0.6725501888983555,0.6993559568457292,-0.7299618783681697,0.0,1.0,0.0
0.09290908067498112,0.06325106104369341,-0.8168203053108589,0.7893084030060623,1.4623132305553856,0.0,1.0,0.0
0.9418915817081127,0.6032866526811791,0.015507289376660929,-0.3300998158780841,-0.1035975615328682,0.0,1.0,0.0
-0.506372684760169,0.06325106104369341,-0.18980018397959397,0.1296571311636185,-0.3541432882669888,0.0,1.0,0.0
-0.7061332732385428,-0.40928008163916413,-0.5560243256421027,0.7093506730857664,0.6480396186694937,1.0,0.0,0.0
-2.154397539706853,-2.4344135502798503,-0.8445645584671096,0.009720536283174605,-0.416779719950519,0.0,0.0,1.0
0.8919514345885334,-0.2067667347750878,-0.5393777737483523,0.5294457807650995,1.963404684023627,0.0,1.0,0.0
0.4924302576317573,0.46827775477180766,-0.8223691559421091,0.49946163204498867,0.24090281272654765,0.0,1.0,0.0
-0.7560734203581504,-1.219333469095431,-0.5282800724858521,0.04969940124332256,0.976880885008027,0.0,1.0,0.0
-0.7560734203581504,-0.27427118372975434,-0.20644673587334436,-0.060242477397084854,-0.36980239618787136,0.0,0.0,1.0
-0.8559537145973374,-0.8143067753672784,-1.0554208824546147,1.2090864850876175,-0.056620237770220586,0.0,0.0,1.0
-0.5563128318797765,0.33326885686243624,0.5592946512391739,-1.0797035338808614,1.3683585830300904,0.0,1.0,0.0
1.7908740827412726,1.6833578359562271,-1.0776162849796151,1.408980809888358,0.28788013648919525,0.0,1.0,0.0
0.34260981627296266,0.06325106104369341,0.3262429247266683,-0.7198937492395286,-0.4480979357922841,0.0,1.0,0.0
-0.506372684760169,-0.8143067753672784,-0.8723088116233603,1.8487483244499872,1.4309950147136206,1.0,0.0,0.0
-0.45643253764056124,0.2657644079077313,-0.06772547009209105,0.39951446964461845,0.6480396186694937,0.0,1.0,0.0
1.5911134942628704,1.0083133464093317,-0.1454093789295929,-0.21016322099764023,-1.6851674615420047,0.0,1.0,0.0
1.141652170186515,0.8733044484999603,-0.5560243256421027,0.1796307123638036,-0.18189310113728088,0.0,1.0,0.0
-0.40649239052098196,-1.0168201222313547,-0.9388950191983618,1.2390706338077284,-0.7299618783681697,0.0,1.0,0.0
0.5423704047513649,0.46827775477180766,0.24301016525791636,0.0696888337233969,-1.6538492457002396,0.0,0.0,1.0
1.6909937885020574,1.1433222443187032,0.8367371828016805,-0.510004708198751,1.2744039355047951,0.0,0.0,1.0
1.141652170186515,1.0758177953640367,0.026604990639161195,-0.5699730056389732,-1.6851674615420047,0.0,1.0,0.0
0.3925499633925703,0.6032866526811791,-0.13986052829834278,-0.1302054910773436,-0.651666338763757,0.0,0.0,1.0
-0.10685150780339275,0.5357822037265125,-0.9056019154108611,0.8592714166863218,0.8046306978783191,0.0,1.0,0.0
0.8420112874689257,0.7382955505905888,0.5814900537641744,-0.7198937492395286,1.5406087701597984,0.0,1.0,0.0
0.24272952203377574,-0.07175783686571639,-0.7890760521546083,0.5894140782053218,1.6032452018433285,1.0,0.0,0.0
0.04296893355540185,0.9408088974546268,-0.8279180065733592,1.2090864850876175,-0.21321131697904597,0.0,0.0,1.0
-1.3553551857933004,-1.0168201222313547,-0.20089788524209423,0.329551455964359,-0.2758477486625761,0.0,1.0,0.0
-1.6549960685108898,-1.69186461177825,0.3761825804079195,-0.639936019319232,-1.090121360548468,1.0,0.0,0.0
0.24272952203377574,-0.07175783686571639,-0.3285214497608473,-0.0002741799568625625,0.6323805107486111,0.0,1.0,0.0
1.0917120230669073,0.5357822037265125,1.5969297192829488,-1.6194182108428605,-1.5442354902540618,0.0,1.0,0.0
-0.9058938617169451,-1.4218468159595072,1.7079067319079513,-1.6394076433229345,-0.6046890150011095,0.0,1.0,0.0
-1.1555945973149266,-0.7468023264126119,0.1986193602079153,-0.01026889619689973,-1.4972581664914142,0.0,1.0,0.0
-1.105654450195319,-1.1518290201407262,-0.3451680016545977,0.4794721995649144,0.976880885008027,0.0,1.0,0.0
1.2914726115453095,0.9408088974546268,0.9921050004766843,-0.8798092090801208,0.7263351582739064,0.0,0.0,1.0
-0.7061332732385428,-1.0843245711860596,-1.27182605707337,1.9686849193304317,-1.058803144706703,0.0,1.0,0.0
-0.7560734203581504,-1.0843245711860596,0.4039268335641702,-0.3900681133183064,1.0395173166915572,1.0,0.0,0.0
0.4424901105121496,0.2657644079077313,0.20416821083916545,0.039704685003285396,-0.24452953282081105,0.0,0.0,1.0
0.2926696691533834,1.1433222443187032,0.07654464632041239,-0.020263612436936897,-1.6851674615420047,0.0,1.0,0.0
-2.154397539706853,-2.501917999234517,-0.27303294344834594,-0.5699730056389732,-0.16623399321639837,0.0,1.0,0.0
1.0917120230669073,0.9408088974546268,-0.7835272015233582,0.7193453893258035,1.4779723384762682,0.0,0.0,1.0
-1.1555945973149266,-0.8818112243219832,-1.6103059455796278,2.0386479330106906,0.5540849711441984,0.0,1.0,0.0
-0.40649239052098196,-1.0168201222313547,-0.8778576622546104,2.058637365490765,-0.7612800942099348,0.0,1.0,0.0
-0.6561931261189635,-0.07175783686571639,-0.5171823712233518,0.329551455964359,-0.9648484971814079,0.0,1.0,0.0
-2.054517245467666,-2.231900203415774,0.043251542532911594,0.08967826620347052,-0.009642914007572967,0.0,1.0,0.0
-0.9058938617169451,-0.7468023264126119,1.0975331624704368,-1.4495080347622311,-1.2780306555990586,0.0,1.0,0.0
-0.3565522434013743,-0.9493156732766498,-0.8612111103608601,1.359007228688173,1.7285180652103889,0.0,1.0,0.0
-0.6062529789993558,0.13075550999835991,0.9310676435329328,-1.2396189937214535,-0.8082574179725824,1.0,0.0,0.0
0.6422506989905519,0.670791101635884,1.7578463875892025,-1.8093178194035642,1.2744039355047951,0.0,1.0,0.0
1.1915923173060943,0.7382955505905888,0.5260015474516732,-0.5799677218790097,1.1961083959003824,0.0,1.0,0.0
-0.15679165492300043,-0.6792978774579069,0.5870389043954246,-0.8098461953998617,0.7419942661947889,0.0,0.0,1.0
-1.305415038673721,-1.0168201222313547,0.33734062598916864,0.2096148610839151,1.2900630434256777,0.0,0.0,1.0
-0.8060135674777581,-0.3417756326844592,-1.0831651356108654,0.5294457807650995,0.2252437048056651,0.0,0.0,1.0
1.241532464425702,0.2657644079077313,-0.6891967407921059,0.8192925517261738,0.14694816520125242,0.0,1.0,0.0
-0.3565522434013743,-1.0168201222313547,-0.23973983966084517,-0.060242477397084854,-0.43243882787140153,0.0,0.0,1.0
-0.5563128318797765,0.06325106104369341,0.17642395768291477,-0.3201050996380477,-0.4637570437131666,0.0,1.0,0.0
-1.2554748915541136,-0.47678453059383064,-0.7502340977358574,0.3495408884444333,1.3683585830300904,0.0,1.0,0.0
0.09290908067498112,-0.13926228582038291,-0.8057226040483587,0.7393348218058772,-1.3563261952034713,0.0,0.0,1.0
0.6921908461101312,0.1982599589530648,0.5537458006079238,-0.7298884654795651,0.9925399929289095,0.0,1.0,0.0
-1.305415038673721,-0.9493156732766498,0.35953602851416916,-0.7198937492395286,-0.3541432882669888,0.0,0.0,1.0
-0.10685150780339275,0.7382955505905888,-1.3273145633858712,2.418447150132098,0.8985853454036143,0.0,1.0,0.0
-0.006971213564205815,0.9408088974546268,-0.8612111103608601,0.6094035106853961,-1.575553706095827,0.0,0.0,1.0
-0.9058938617169451,-0.40928008163916413,-0.5116335205921017,0.7093506730857664,1.211767503821265,0.0,1.0,0.0
-1.405295332912908,-0.9493156732766498,-0.2952283459733465,0.6593770918855812,-0.15057488529551583,1.0,0.0,0.0
0.8919514345885334,0.06325106104369341,1.103082013101687,-1.1996401287613057,-0.7769392021308174,0.0,1.0,0.0
-0.6561931261189635,-0.47678453059383064,-0.7613317989983577,0.5294457807650995,1.2900630434256777,1.0,0.0,0.0
-0.30661209628179503,-0.6117934285032021,0.7257601701766779,-0.4100575457983807,-0.620348122921992,0.0,1.0,0.0
-0.05691136068381348,-0.6117934285032021,-1.0776162849796151,1.6788381483693573,-1.5285763823331793,0.0,0.0,1.0
0.7421309932297389,0.5357822037265125,-0.7002944420546061,0.45948276708484076,0.9142444533244969,0.0,1.0,0.0
1.241532464425702,1.3458355911827795,-0.5726708775358531,0.3495408884444333,1.1961083959003824,0.0,0.0,1.0
-0.8559537145973374,-1.0843245711860596,0.2984986715704177,-0.30011566715797333,1.0395173166915572,0.0,1.0,0.0
1.041771875947328,0.5357822037265125,1.2917429345641913,-1.2895925749216386,1.963404684023627,0.0,1.0,0.0
-0.10685150780339275,-0.40928008163916413,-0.16205593082334332,0.24959372604406307,0.601062294906846,0.0,1.0,0.0
-2.25427783394604,-2.7044313460985934,-0.46169386491085046,-0.08023190987715847,0.9299035612453793,0.0,1.0,0.0
-0.9058938617169451,-0.6117934285032021,0.15977740578916438,-0.37007868083823275,0.9142444533244969,0.0,1.0,0.0
0.09290908067498112,1.0758177953640367,0.6813693651266768,-1.1196823988410094,0.8516080216409667,1.0,0.0,0.0
0.5923105518709442,0.2657644079077313,-0.8723088116233603,0.15964127988372998,0.14694816520125242,0.0,0.0,1.0
-1.105654450195319,-1.69186461177825,-0.8223691559421091,0.8592714166863218,0.021675301834192112,0.0,1.0,0.0
0.2926696691533834,0.46827775477180766,-0.5615731762733529,0.8492767004462846,-0.4637570437131666,0.0,1.0,0.0
1.3913529057844964,0.6032866526811791,0.5370992487141734,-0.5000099919587139,-1.090121360548468,0.0,1.0,0.0
1.141652170186515,1.210826693273408,-1.022127778667114,1.0091921602868772,-0.056620237770220586,0.0,0.0,1.0
0.4924302576317573,0.6032866526811791,-0.13431167766709265,0.1796307123638036,0.976880885008027,0.0,0.0,1.0
-0.20673180204257968,-0.6117934285032021,0.5648435018704241,-0.4200522620384179,-0.416779719950519,0.0,1.0,0.0
-0.9558340088365244,-1.4893512649141738,0.3706337297766694,-0.6999043167594543,0.3505165681727254,0.0,1.0,0.0
-0.10685150780339275,0.7382955505905888,-0.2286421383983449,-0.1901737885175659,1.0708355325333223,0.0,0.0,1.0
0.34260981627296266,0.40077330581714116,-0.733587545842107,0.2395990098040259,1.7285180652103889,0.0,0.0,1.0
-1.005774155956132,-0.9493156732766498,-0.0399812169358404,0.2595884422841002,-0.8395756338143475,0.0,1.0,0.0
1.041771875947328,0.5357822037265125,-0.1953490346108441,-0.2501420859577882,-1.027484928864938,0.0,0.0,1.0
-1.105654450195319,-1.5568557138688788,-0.18980018397959397,-0.030258328676973353,-1.2936897635199411,0.0,1.0,0.0
-0.2566719491621874,-0.47678453059383064,-0.18425133334834384,0.1496465636436928,-0.47941615163404916,0.0,0.0,1.0
1.0917120230669073,0.33326885686243624,1.6246739724391994,-1.6294129270828976,0.3348574602518429,0.0,0.0,1.0
-0.5563128318797765,-0.004253387911011494,-1.199690998867118,1.2890442150079136,-0.025302021928455508,0.0,0.0,1.0
-1.2554748915541136,-0.47678453059383064,0.1320331526329137,-0.3900681133183064,-0.11925666945375074,1.0,0.0,0.0
1.6410536413824781,1.8183667338655987,0.5759412031329243,-0.929782790280306,0.5384258632233159,0.0,1.0,0.0
0.34260981627296266,0.8733044484999603,-0.9166996166733613,1.3090336474879878,-0.651666338763757,1.0,0.0,0.0
-0.20673180204257968,-0.5442889795485355,1.818883744532954,-1.6593970758030088,1.8381318206565667,0.0,0.0,1.0
1.141652170186515,1.0083133464093317,0.14313085389541397,-0.4400416945184915,-1.0431440367858205,0.0,1.0,0.0
0.8919514345885334,0.46827775477180766,1.1752170713079386,-1.0697088176408243,0.39749389193537304,0.0,1.0,0.0
-1.4552354800324874,-1.0168201222313547,1.0753377599454363,-1.1296771150810465,-0.9022120654978777,0.0,1.0,0.0
0.9418915817081127,0.46827775477180766,2.262791795032965,-1.4994816159624162,0.4601303236189032,0.0,1.0,0.0
-0.9558340088365244,-1.0168201222313547,0.7590532739641787,-0.94977222276038,-1.3406670872825888,0.0,1.0,0.0
0.6422506989905519,0.46827775477180766,1.5525389142329475,-1.4495080347622311,-0.9648484971814079,0.0,0.0,1.0
-0.506372684760169,-1.0168201222313547,0.35953602851416916,-0.5299941406788247,0.8046306978783191,0.0,1.0,0.0
1.7908740827412726,1.6158533870015224,3.8442142249392526,-2.3190483476454524,-1.6851674615420047,0.0,1.0,0.0
-1.0557143030757397,-1.759369060732955,0.3706337297766694,-0.4500364107585287,-1.465939950649649,0.0,1.0,0.0
-0.40649239052098196,0.2657644079077313,-0.1953490346108441,0.329551455964359,-1.1057804684693506,0.0,0.0,1.0
0.7421309932297389,0.33326885686243624,0.27630326904541713,-0.3300998158780841,0.16260727312213497,0.0,1.0,0.0
-0.05691136068381348,-0.27427118372975434,-1.360607667173372,0.9692132953267292,0.28788013648919525,0.0,1.0,0.0
1.7908740827412726,1.8183667338655987,-0.611512831954604,0.7693189705259886,1.415335906792738,0.0,1.0,0.0
-0.6062529789993558,0.06325106104369341,0.6314297094454256,-0.9697616552404539,0.1782663810430175,0.0,1.0,0.0
1.3414127586648887,0.33326885686243624,0.15977740578916438,-0.3101103833980105,-1.2467124397572935,1.0,0.0,0.0
0.6921908461101312,0.5357822037265125,1.103082013101687,-0.9697616552404539,-0.056620237770220586,0.0,0.0,1.0
-0.6062529789993558,-1.0843245711860596,-0.36736340417959823,0.10966769868354485,0.31919835233096033,0.0,1.0,0.0
-1.105654450195319,-0.6792978774579069,-0.46169386491085046,0.11966241492358203,-1.6851674615420047,0.0,1.0,0.0
1.1915923173060943,0.13075550999835991,-0.8168203053108589,1.578890985968987,0.5540849711441984,0.0,0.0,1.0
0.9418915817081127,0.670791101635884,0.7368578714391781,-1.0097405202006022,-1.4815990585705316,1.0,0.0,0.0
0.9918317288277203,0.6032866526811791,0.13758200326416384,-0.10022134235723282,-1.4502808427287666,0.0,1.0,0.0
-1.405295332912908,-0.9493156732766498,1.3028406358266917,-1.6993759407631568,-1.2153942239155284,0.0,1.0,0.0
-0.5563128318797765,-0.6792978774579069,1.5136969598141967,-1.4095291698020833,1.0395173166915572,0.0,0.0,1.0
-1.2554748915541136,-0.8818112243219832,0.03770269190166146,-0.20016850475760306,0.24090281272654765,0.0,0.0,1.0
0.34260981627296266,0.46827775477180766,-0.6337082344796046,0.5294457807650995,-0.9335302813396428,0.0,1.0,0.0
0.24272952203377574,-0.13926228582038291,-0.17315363208584358,-0.2201579372376774,0.6636987265903762,0.0,0.0,1.0
-0.45643253764056124,-1.0843245711860596,0.8533837346954309,-0.8398303441199725,-0.6673254466846396,0.0,1.0,0.0
0.19278937491416806,0.40077330581714116,-0.5060846699608516,0.48946691580495155,-1.3563261952034713,0.0,0.0,1.0
-1.0557143030757397,-1.69186461177825,0.5981366056579248,-0.9197880740402689,1.6345634176850936,0.0,0.0,1.0
0.24272952203377574,1.0083133464093317,0.6203320081829253,-0.3101103833980105,-0.6673254466846396,0.0,1.0,0.0
1.1915923173060943,0.2657644079077313,-0.10101857387959186,-0.15019492355741795,0.5384258632233159,0.0,1.0,0.0
0.5423704047513649,0.8733044484999603,1.6468693749641998,-1.7193653732432308,-1.1997351159946459,0.0,0.0,1.0
0.4924302576317573,0.6032866526811791,2.817676858157978,-2.2091064690050453,1.1021537483750874,0.0,0.0,1.0
-0.40649239052098196,0.2657644079077313,0.17087510705166464,-0.27013151843786254,-1.1057804684693506,0.0,1.0,0.0
0.19278937491416806,-0.47678453059383064,-0.400656507967099,0.02970996876324823,0.9142444533244969,0.0,0.0,1.0
1.6410536413824781,1.1433222443187032,-0.17315363208584358,-0.4500364107585287,1.7128589572895063,0.0,1.0,0.0
-1.005774155956132,-0.27427118372975434,0.5204526968204229,-0.5199994244387881,-1.0431440367858205,0.0,1.0,0.0
0.14284922779458878,-0.13926228582038291,-0.40620535859834916,0.11966241492358203,0.7576533741156715,0.0,1.0,0.0
0.2926696691533834,-0.40928008163916413,0.2319124639954161,-0.43004697827845434,0.14694816520125242,0.0,0.0,1.0
-0.30661209628179503,-0.8818112243219832,-0.15095822956084304,-0.280126234677899,0.28788013648919525,0.0,1.0,0.0
1.8408142298608519,1.8858711828203034,0.10428889947666305,-0.23015265347771385,1.5406087701597984,0.0,0.0,1.0
1.6410536413824781,0.9408088974546268,-0.8001737534171085,1.9087166218902094,-1.6225310298584745,0.0,0.0,1.0
2.040574818339254,2.1558889786390463,-0.16205593082334332,0.689361240605692,0.6950169424321413,0.0,0.0,1.0
-1.0557143030757397,-0.8818112243219832,1.1752170713079386,-1.3395661561218237,0.05299351767595719,0.0,0.0,1.0
-0.8559537145973374,-1.1518290201407262,-0.483889267435851,0.5494352132451739,-0.6986436625264046,0.0,1.0,0.0
0.8420112874689257,0.670791101635884,-0.06772547009209105,0.21960957732395228,0.569744079065081,0.0,1.0,0.0
1.9406945241000388,2.020880080729675,-0.5893174294296035,0.8392819842062474,1.1021537483750874,0.0,1.0,0.0
-2.004577098348058,-2.299404652370441,0.4927084436641723,-0.3201050996380477,0.2095845968847826,0.0,0.0,1.0
-0.9558340088365244,-0.5442889795485355,-0.43949846238584994,0.5794193619652847,-0.43243882787140153,0.0,0.0,1.0
-0.5563128318797765,-0.9493156732766498,0.19307050957666516,-0.6499307355592692,0.31919835233096033,0.0,0.0,1.0
-0.8559537145973374,-1.4218468159595072,0.38728028167041983,-0.7598726141996767,0.6793578345112588,0.0,0.0,1.0
0.9418915817081127,0.5357822037265125,0.6147831575516752,-1.0197352364406391,-0.21321131697904597,0.0,1.0,0.0
-0.8559537145973374,-0.7468023264126119,-0.9777369736171128,0.6094035106853961,-1.606871921937592,0.0,0.0,1.0
-1.0557143030757397,-0.6792978774579069,0.4982572942954225,-1.0996929663609354,-1.2780306555990586,0.0,1.0,0.0
0.19278937491416806,-0.13926228582038291,-0.7224898445796067,0.7493295380459143,0.47578943153978576,1.0,0.0,0.0
1.141652170186515,0.6032866526811791,0.48715959303292217,-0.7698673304397138,-1.6851674615420047,0.0,0.0,1.0
0.5923105518709442,0.670791101635884,0.7257601701766779,-0.6999043167594543,1.446654122634503,0.0,1.0,0.0
0.3925499633925703,1.3458355911827795,-0.6836478901608558,0.649382375645544,-1.575553706095827,0.0,1.0,0.0
0.04296893355540185,-0.40928008163916413,0.11538660073916332,0.7693189705259886,-1.2780306555990586,0.0,1.0,0.0
-1.2554748915541136,-0.9493156732766498,-0.017785814410839866,-0.1302054910773436,-1.575553706095827,1.0,0.0,0.0
-0.9058938617169451,-0.6792978774579069,-0.7002944420546061,1.4989332560486912,0.5854031869859635,0.0,1.0,0.0
0.3925499633925703,0.5357822037265125,0.13758200326416384,-0.38007339707826926,-1.1997351159946459,0.0,1.0,0.0
-1.4552354800324874,-1.219333469095431,-0.6226105332171044,0.5194510645250631,0.44447121569802067,0.0,1.0,0.0
0.4424901105121496,0.46827775477180766,-0.7058432926858563,1.7488011620496169,-1.434621734807884,0.0,1.0,0.0
0.09290908067498112,0.670791101635884,4.60995561205177,-2.52893738868623,0.569744079065081,0.0,0.0,1.0
0.34260981627296266,-0.07175783686571639,-0.7058432926858563,0.5294457807650995,0.7419942661947889,0.0,1.0,0.0
0.34260981627296266,0.5357822037265125,1.025398104264185,-0.9997458039605651,-0.4950752595549317,0.0,0.0,1.0
1.141652170186515,1.210826693273408,0.36508487914541926,-0.4800205594786395,0.6950169424321413,0.0,1.0,0.0
-0.8559537145973374,-0.5442889795485355,-0.46169386491085046,0.5494352132451739,-0.5107343674758142,0.0,1.0,0.0
0.7920711403493464,0.8057999995452554,-0.7280386952108568,0.289572591004211,-0.29150685658345865,0.0,1.0,0.0
-1.8547566569892635,-1.8268735096876216,-0.2286421383983449,0.15964127988372998,-1.4502808427287666,0.0,0.0,1.0
-1.605055921391282,-1.4893512649141738,0.14313085389541397,-0.05024776115704769,0.2565619206474302,0.0,1.0,0.0
1.4412930529040757,1.750862284910932,-0.8057226040483587,0.6393876594055069,-0.40112061202963645,0.0,0.0,1.0
-1.305415038673721,-0.40928008163916413,0.4483176386141713,-0.46003112699856585,-0.8865529575769951,0.0,1.0,0.0
1.8907543769804596,2.1558889786390463,-0.18425133334834384,0.689361240605692,0.7263351582739064,1.0,0.0,0.0
-1.2554748915541136,-1.1518290201407262,-0.10101857387959186,-0.18017907227752872,-0.5263934753966968,0.0,0.0,1.0
0.8420112874689257,0.46827775477180766,-0.2563863915545956,1.1091393226872475,-0.32282507242522374,0.0,1.0,0.0
0.4424901105121496,0.46827775477180766,-0.3007771966045966,0.09967298244350768,1.149131072137735,0.0,0.0,1.0
-0.20673180204257968,0.13075550999835991,-1.1442024925546168,1.1191340389272846,-1.058803144706703,0.0,1.0,0.0
0.34260981627296266,0.8733044484999603,-0.09546972324834173,-0.4800205594786395,-0.9335302813396428,0.0,1.0,0.0
0.2926696691533834,-0.004253387911011494,0.015507289376660929,-0.6099518705991213,-0.11925666945375074,0.0,0.0,1.0
-2.204337686826432,-2.501917999234517,2.06303317230796,-1.9092649818039344,-0.5263934753966968,0.0,1.0,0.0
-1.205534744434506,-1.219333469095431,2.950849273307981,-2.149138171564823,0.569744079065081,1.0,0.0,0.0
0.7421309932297389,0.6032866526811791,-0.48943811806710114,0.05969411748335973,-1.6851674615420047,0.0,1.0,0.0
0.04296893355540185,0.8733044484999603,-1.2995703102296206,2.468420731332283,-0.651666338763757,0.0,1.0,0.0
-0.6561931261189635,-0.13926228582038291,-1.027676629298364,1.3290230799680616,1.6345634176850936,0.0,1.0,0.0
0.09290908067498112,1.0083133464093317,0.5537458006079238,-0.8898039253201576,-1.1997351159946459,0.0,1.0,0.0
1.1915923173060943,1.3458355911827795,0.12648430200166358,-0.21016322099764023,-1.5285763823331793,0.0,1.0,0.0
1.7908740827412726,2.020880080729675,-0.028883515673340132,-0.030258328676973353,0.11562994935948734,0.0,1.0,0.0
1.6909937885020574,1.8858711828203034,-0.9943835255108632,1.079155173967136,-0.21321131697904597,0.0,1.0,0.0
0.34260981627296266,1.4808444890921508,0.2818521196766673,-0.15019492355741795,0.6323805107486111,0.0,1.0,0.0
-1.3553551857933004,-1.3543423670048025,-0.11766512577334225,-0.40006282955834355,-0.7612800942099348,0.0,1.0,0.0
-1.2554748915541136,-0.8143067753672784,-0.3451680016545977,-0.10022134235723282,0.3035392444100778,0.0,1.0,0.0
0.34260981627296266,0.33326885686243624,0.15422855515791425,-0.1302054910773436,0.3348574602518429,1.0,0.0,0.0
0.14284922779458878,0.9408088974546268,-0.3784611054420985,-0.30011566715797333,0.09997084143860481,0.0,1.0,0.0
0.3925499633925703,0.9408088974546268,-1.2052398494983683,2.7182886373332087,-1.403303518966119,0.0,1.0,0.0
-0.7061332732385428,-0.3417756326844592,0.043251542532911594,0.4794721995649144,-1.1214395763902332,0.0,1.0,0.0
-0.006971213564205815,-0.27427118372975434,-0.483889267435851,0.599408794445359,-0.8865529575769951,0.0,1.0,0.0
0.09290908067498112,0.9408088974546268,0.15977740578916438,0.09967298244350768,-1.1840760080737633,0.0,1.0,0.0
0.34260981627296266,-0.3417756326844592,0.2152659121016657,-0.46003112699856585,-1.1527577922319983,0.0,1.0,0.0
-1.305415038673721,-0.5442889795485355,-0.6170616825858541,-0.12021077483730715,-1.2780306555990586,0.0,1.0,0.0
1.1915923173060943,0.670791101635884,-0.4284007611233497,0.8492767004462846,-0.416779719950519,0.0,1.0,0.0
1.740933935621665,1.6833578359562271,-0.6725501888983555,0.21960957732395228,0.976880885008027,0.0,1.0,0.0
0.24272952203377574,-0.07175783686571639,1.0864354612079365,-1.299587291161676,-0.009642914007572967,0.0,0.0,1.0
-1.405295332912908,-1.0843245711860596,1.6302228230704494,-1.4794921834823425,0.14694816520125242,0.0,1.0,0.0
0.09290908067498112,1.0758177953640367,-0.21754443713584465,-0.10022134235723282,1.0395173166915572,0.0,1.0,0.0
-0.9058938617169451,-1.0843245711860596,-0.7835272015233582,1.1791023363675062,-0.4950752595549317,1.0,0.0,0.0
1.7908740827412726,1.95337563177497,0.27075441841416703,-0.8098461953998617,-0.8552347417352301,0.0,1.0,0.0
-1.3553551857933004,-0.8818112243219832,0.44276878798292113,-0.8398303441199725,0.3348574602518429,0.0,1.0,0.0
-0.9558340088365244,-0.6792978774579069,-0.567122026904603,-0.38007339707826926,-0.19755220905816342,0.0,1.0,0.0
-0.7061332732385428,-0.3417756326844592,-0.4949869686983513,0.4195039021246928,-0.6986436625264046,0.0,1.0,0.0
1.1915923173060943,1.210826693273408,-1.0054812267733635,1.0591657414870623,0.39749389193537304,0.0,0.0,1.0
0.5423704047513649,0.7382955505905888,0.9532630460579333,-1.0896982501208983,0.976880885008027,0.0,1.0,0.0
-1.2554748915541136,-0.8143067753672784,-1.2607283558108695,1.0291815927669508,0.8046306978783191,0.0,1.0,0.0
0.04296893355540185,0.7382955505905888,0.44276878798292113,-0.6599254517993064,1.2274266117421475,0.0,1.0,0.0
-1.1555945973149266,-0.6792978774579069,-0.1953490346108441,0.039704685003285396,-1.1370986843111157,0.0,0.0,1.0
2.140455112578441,2.3584023255031226,-0.4173030598608494,-0.3300998158780841,1.3526994751092078,0.0,1.0,0.0
0.14284922779458878,0.2657644079077313,-1.366156517804622,0.9692132953267292,-1.1057804684693506,0.0,0.0,1.0
-1.505175627152095,-1.4893512649141738,0.24301016525791636,-0.280126234677899,1.2744039355047951,0.0,1.0,0.0
0.2926696691533834,0.13075550999835991,0.45941533987667155,-0.5899624381190469,-1.638190137779357,0.0,1.0,0.0
-1.105654450195319,-0.47678453059383064,3.905251581883004,-2.4289902262858596,-1.1214395763902332,0.0,0.0,1.0
-1.605055921391282,-1.4218468159595072,0.9255187929016827,-0.9197880740402689,0.05299351767595719,0.0,1.0,0.0
0.14284922779458878,1.0083133464093317,-0.7724295002608579,0.3795250371645441,-1.6851674615420047,0.0,0.0,1.0
-0.8559537145973374,-0.3417756326844592,-0.10101857387959186,-0.29012095091793616,-0.36980239618787136,1.0,0.0,0.0
-0.506372684760169,-0.9493156732766498,-0.40620535859834916,0.6393876594055069,0.06865262559683973,0.0,1.0,0.0
0.24272952203377574,0.40077330581714116,-0.22309328776709478,0.5194510645250631,-1.5598945981749444,0.0,1.0,0.0
-0.506372684760169,-1.219333469095431,-1.0054812267733635,0.2695831585241374,-0.9022120654978777,0.0,0.0,1.0
-0.5563128318797765,-0.07175783686571639,-1.0110300774046135,1.448959674848506,0.2095845968847826,0.0,0.0,1.0
0.8420112874689257,0.13075550999835991,-0.5782197281671032,0.8092978354861367,-1.4972581664914142,0.0,1.0,0.0
-0.7560734203581504,-0.47678453059383064,-0.2841306447108462,0.36953032092450766,1.2744039355047951,0.0,0.0,1.0
1.9406945241000388,1.8183667338655987,1.447110752239195,-1.5694446296426754,0.7889715899574365,0.0,1.0,0.0
-0.5563128318797765,0.13075550999835991,0.6369785600766757,-0.8898039253201576,0.7889715899574365,0.0,1.0,0.0
1.4412930529040757,1.4133400401374843,-1.1386536419233666,1.4689491073285805,-0.3071659645043412,0.0,1.0,0.0
1.0917120230669073,0.40077330581714116,-1.1386536419233666,1.3190283637280251,0.8046306978783191,0.0,1.0,0.0
0.4424901105121496,1.3458355911827795,-0.03443236630459026,0.39951446964461845,0.8516080216409667,0.0,1.0,0.0
0.19278937491416806,0.5357822037265125,-1.0609697330858647,1.5988804184490615,0.601062294906846,0.0,1.0,0.0
1.3414127586648887,0.6032866526811791,-0.8001737534171085,0.8292872679662102,-0.43243882787140153,0.0,1.0,0.0
0.24272952203377574,1.0758177953640367,-0.6337082344796046,0.2395990098040259,-0.08793845361198566,0.0,1.0,0.0
0.8919514345885334,0.7382955505905888,-0.8001737534171085,0.45948276708484076,0.9925399929289095,0.0,0.0,1.0
-0.3565522434013743,-1.0168201222313547,0.27630326904541713,-0.7298884654795651,-0.5263934753966968,0.0,1.0,0.0
1.9406945241000388,2.020880080729675,-0.3118748978670969,0.49946163204498867,-0.4637570437131666,0.0,1.0,0.0
-0.8060135674777581,-1.4218468159595072,1.1308262662579376,-1.2696031424415646,0.4131529998562556,0.0,1.0,0.0
0.34260981627296266,1.210826693273408,-0.33961915102334755,0.18962542860384077,1.556267878080681,0.0,1.0,0.0
0.19278937491416806,1.0758177953640367,-1.8821996265108845,3.6577919638966883,-1.638190137779357,0.0,1.0,0.0
1.8408142298608519,1.6158533870015224,0.5703923525016742,-0.7698673304397138,1.5406087701597984,0.0,0.0,1.0
-2.204337686826432,-2.6369268971438884,-0.3618145535483481,0.11966241492358203,0.7576533741156715,0.0,1.0,0.0
-1.105654450195319,-1.1518290201407262,-0.5782197281671032,1.0091921602868772,1.2744039355047951,0.0,1.0,0.0
-1.605055921391282,-1.4218468159595072,0.9921050004766843,-1.4794921834823425,0.6323805107486111,0.0,1.0,0.0
0.7920711403493464,0.5357822037265125,-0.6725501888983555,0.46947748332487793,-0.9648484971814079,0.0,1.0,0.0
0.4924302576317573,0.46827775477180766,-0.4173030598608494,0.5794193619652847,1.1961083959003824,0.0,1.0,0.0
1.2914726115453095,1.6158533870015224,-0.7169409939483565,1.0291815927669508,-1.1684169001528808,0.0,0.0,1.0
1.8907543769804596,2.08838452968438,-0.08992087261709159,-0.020263612436936897,0.6636987265903762,0.0,1.0,0.0
-0.9058938617169451,-1.4218468159595072,-0.777978350892108,1.488938539808654,0.4914485394606683,0.0,1.0,0.0
-0.6062529789993558,-0.13926228582038291,0.06544694505791213,-0.3400945321181213,-1.4502808427287666,0.0,0.0,1.0
0.9918317288277203,0.2657644079077313,-1.8156134189358828,1.5589015534889135,-0.4480979357922841,0.0,0.0,1.0
-1.2554748915541136,-0.9493156732766498,-1.0554208824546147,1.1491181876473953,-1.3563261952034713,0.0,0.0,1.0
-1.205534744434506,-0.6792978774579069,-0.6226105332171044,0.559429929485211,1.11781285629597,0.0,0.0,1.0
-1.0557143030757397,-0.6792978774579069,5.087156766339282,-2.6088951186065263,-0.40112061202963645,0.0,0.0,1.0
0.34260981627296266,-0.004253387911011494,-0.8001737534171085,0.7993031192460994,-0.3541432882669888,0.0,1.0,0.0
-1.105654450195319,-1.6243601628235453,0.3761825804079195,-0.9697616552404539,-0.7143027704472872,0.0,1.0,0.0
1.0917120230669073,0.8733044484999603,-0.16205593082334332,-0.29012095091793616,-1.5285763823331793,0.0,0.0,1.0
-1.005774155956132,-1.69186461177825,0.7978952283829296,-1.2196295612413797,-1.2780306555990586,1.0,0.0,0.0
0.19278937491416806,0.8057999995452554,-0.2785817940795961,0.5294457807650995,1.1334719642168525,1.0,0.0,0.0
1.141652170186515,0.06325106104369341,0.8256394815391803,-0.9597669390004171,0.11562994935948734,1.0,0.0,0.0
-0.506372684760169,0.13075550999835991,-0.12876282703584252,-0.470025843238603,-0.08793845361198566,0.0,1.0,0.0
1.8408142298608519,1.8183667338655987,-0.8001737534171085,1.3889913774082838,0.24090281272654765,0.0,1.0,0.0
-1.005774155956132,-0.8818112243219832,-0.6059639813233539,1.1890970526075433,-0.9491893892605253,0.0,0.0,1.0
0.7421309932297389,0.33326885686243624,0.06544694505791213,-0.5699730056389732,0.9142444533244969,1.0,0.0,0.0
0.09290908067498112,0.9408088974546268,-0.483889267435851,0.7793136867660251,-1.1527577922319983,0.0,1.0,0.0
0.14284922779458878,1.1433222443187032,0.9310676435329328,-0.639936019319232,0.7889715899574365,0.0,1.0,0.0
-0.8060135674777581,-0.5442889795485355,-0.694745591423356,0.6393876594055069,0.31919835233096033,0.0,0.0,1.0
-1.2554748915541136,-0.9493156732766498,1.4082687978204442,-1.329571439881787,-0.589029907080227,0.0,1.0,0.0
0.34260981627296266,1.2783311422280745,-0.8334668572046093,0.649382375645544,1.2274266117421475,1.0,0.0,0.0
-0.9558340088365244,-1.6243601628235453,2.9231050201517306,-2.079175157884564,0.6636987265903762,0.0,0.0,1.0
-0.506372684760169,-0.8818112243219832,1.9576050103142073,-1.7193653732432308,-0.18189310113728088,0.0,1.0,0.0
-0.506372684760169,-1.0168201222313547,0.46496419050792165,-0.6499307355592692,0.7263351582739064,1.0,0.0,0.0
-0.6062529789993558,0.1982599589530648,0.07654464632041239,-0.3201050996380477,-0.16623399321639837,0.0,1.0,0.0
0.3925499633925703,0.5357822037265125,-0.733587545842107,0.5094563482850258,-0.8865529575769951,0.0,1.0,0.0
-1.5551157742717028,-1.0843245711860596,-0.4949869686983513,0.689361240605692,1.2274266117421475,0.0,0.0,1.0
0.8420112874689257,0.46827775477180766,0.36508487914541926,-0.6699201680393435,1.759836281052154,0.0,1.0,0.0
-0.15679165492300043,0.5357822037265125,-0.6725501888983555,0.6593770918855812,1.3996767988718555,1.0,0.0,0.0
1.4912332000236834,0.7382955505905888,-0.27303294344834594,0.2995673072442482,0.006016193913309572,0.0,0.0,1.0
0.5923105518709442,0.46827775477180766,0.15977740578916438,-0.17018435603749227,-0.9178711734187602,0.0,1.0,0.0
-1.005774155956132,-1.0168201222313547,0.2541078665204166,-0.6999043167594543,-1.3093488714408237,0.0,0.0,1.0
-0.9058938617169451,-0.6792978774579069,-0.7169409939483565,0.7593242542859515,-0.4950752595549317,0.0,0.0,1.0
1.6410536413824781,0.8057999995452554,1.2418032788829403,-1.2696031424415646,-1.262371547678176,0.0,1.0,0.0
0.24272952203377574,1.0083133464093317,-0.9388950191983618,1.6088751346890986,-1.575553706095827,0.0,0.0,1.0
-0.9058938617169451,-1.1518290201407262,-0.5060846699608516,0.329551455964359,1.4309950147136206,0.0,0.0,1.0
0.8420112874689257,0.5357822037265125,2.3016337494517156,-1.839301968123675,1.415335906792738,0.0,0.0,1.0
-0.45643253764056124,0.33326885686243624,-0.0399812169358404,-0.3400945321181213,-0.7143027704472872,0.0,1.0,0.0
-1.3553551857933004,-1.0843245711860596,-0.5005358193296015,0.4394933346047664,-1.1527577922319983,0.0,0.0,1.0
1.740933935621665,1.8858711828203034,-0.7502340977358574,1.578890985968987,-0.36980239618787136,1.0,0.0,0.0
-0.006971213564205815,-0.27427118372975434,0.4982572942954225,-0.7698673304397138,-0.29150685658345865,1.0,0.0,0.0
0.6422506989905519,0.2657644079077313,-0.21199558650459452,0.15964127988372998,1.3213812592674428,0.0,1.0,0.0
0.34260981627296266,-0.27427118372975434,0.15977740578916438,-0.4800205594786395,-0.40112061202963645,0.0,0.0,1.0
0.34260981627296266,0.5357822037265125,-0.2952283459733465,-0.29012095091793616,1.2274266117421475,0.0,1.0,0.0
1.141652170186515,0.5357822037265125,-0.41175420922959927,0.3795250371645441,-1.575553706095827,0.0,1.0,0.0
-1.205534744434506,-0.27427118372975434,-0.6670013382671054,0.8192925517261738,1.6815407414477412,1.0,0.0,0.0
0.19278937491416806,-0.2067667347750878,-0.8612111103608601,0.5094563482850258,0.8046306978783191,0.0,1.0,0.0
-0.7560734203581504,-0.9493156732766498,-0.09546972324834173,-0.3101103833980105,-0.8552347417352301,0.0,1.0,0.0
1.241532464425702,0.1982599589530648,-0.7446852471046073,1.7388064458095798,0.6950169424321413,0.0,1.0,0.0
-0.006971213564205815,0.9408088974546268,0.2818521196766673,-0.639936019319232,-1.606871921937592,0.0,1.0,0.0
0.6921908461101312,0.5357822037265125,0.8811279878516816,-1.0397246689207131,-0.13491577737463328,0.0,1.0,0.0
-0.20673180204257968,0.06325106104369341,-0.4672427155421006,0.6094035106853961,-0.4950752595549317,0.0,0.0,1.0
0.6422506989905519,0.6032866526811791,0.1486797045266641,-0.6899096005194172,-0.40112061202963645,0.0,1.0,0.0
-1.2554748915541136,-0.47678453059383064,0.7535044233329286,-1.0197352364406391,-0.5577116912384619,0.0,1.0,0.0
1.8408142298608519,1.750862284910932,-0.13986052829834278,-0.4500364107585287,0.47578943153978576,1.0,0.0,0.0
0.19278937491416806,-0.07175783686571639,-0.23973983966084517,-0.8198409116398986,0.7263351582739064,0.0,1.0,0.0
-0.9558340088365244,-1.4218468159595072,0.2152659121016657,-0.4400416945184915,-0.823916525893465,0.0,1.0,0.0
-1.305415038673721,-0.6792978774579069,-0.10656742451084199,-0.30011566715797333,0.6167214028277286,0.0,0.0,1.0
-1.505175627152095,-1.6243601628235453,0.1986193602079153,-0.26013680219782537,-0.15057488529551583,0.0,1.0,0.0
-0.006971213564205815,0.9408088974546268,1.397171096557944,-1.5894340621227494,1.6502225256059762,0.0,0.0,1.0
-0.506372684760169,0.2657644079077313,0.4760618917704219,-0.29012095091793616,0.36617567609360796,0.0,0.0,1.0
-0.7061332732385428,-1.219333469095431,-0.9888346748796131,2.818235799733579,1.0081991008497921,0.0,1.0,0.0
-0.8559537145973374,-0.27427118372975434,0.7867975271204294,-1.2895925749216386,1.3526994751092078,0.0,0.0,1.0
1.3913529057844964,1.4133400401374843,2.323829151976716,-1.9692332792441565,-0.8082574179725824,0.0,1.0,0.0
1.0917120230669073,0.8733044484999603,-0.10101857387959186,0.05969411748335973,-0.8708938496561126,0.0,0.0,1.0
-0.30661209628179503,-0.6792978774579069,1.447110752239195,-1.5694446296426754,0.31919835233096033,0.0,1.0,0.0
-0.05691136068381348,-0.40928008163916413,-0.400656507967099,0.11966241492358203,-1.3719853031243538,0.0,1.0,0.0
0.19278937491416806,1.210826693273408,0.27630326904541713,0.19962014484387794,1.4623132305553856,0.0,1.0,0.0
-0.45643253764056124,-0.8143067753672784,-1.1663978950796172,1.359007228688173,1.556267878080681,0.0,1.0,0.0
0.34260981627296266,0.7382955505905888,4.648797566470521,-2.568916253646378,0.42881210777713813,0.0,1.0,0.0
-0.5563128318797765,-0.9493156732766498,2.939751572045481,-2.1291487390847488,-1.262371547678176,0.0,1.0,0.0
0.34260981627296266,0.7382955505905888,-0.33961915102334755,0.6793665243656548,0.8985853454036143,0.0,1.0,0.0
0.7421309932297389,0.33326885686243624,-0.8834065128858606,0.8692661329263589,0.8202898057992016,0.0,1.0,0.0
-0.5563128318797765,0.13075550999835991,3.1062170909829847,-1.9992174279642676,-0.15057488529551583,0.0,0.0,1.0
0.9418915817081127,0.5357822037265125,0.1320331526329137,-0.08023190987715847,-1.0744622526275855,0.0,0.0,1.0
-1.3553551857933004,-0.8818112243219832,0.015507289376660929,-0.30011566715797333,1.1961083959003824,0.0,0.0,1.0
1.8408142298608519,2.08838452968438,0.7978952283829296,-1.1596612638011576,-0.9648484971814079,0.0,1.0,0.0
1.8408142298608519,1.6158533870015224,0.9921050004766843,-1.349560872361861,0.3505165681727254,0.0,1.0,0.0
-0.9558340088365244,-1.5568557138688788,5.703079186408047,-2.7188369972469335,0.27222102856831276,0.0,1.0,0.0
-1.1555945973149266,-1.0843245711860596,1.1141797143641872,-1.2895925749216386,0.44447121569802067,0.0,1.0,0.0
-0.20673180204257968,0.6032866526811791,-0.5060846699608516,0.6293929431654698,1.384017690950973,0.0,1.0,0.0
-1.105654450195319,-1.8268735096876216,-1.244081803917119,1.398986093648321,1.1334719642168525,0.0,0.0,1.0
-1.305415038673721,-0.7468023264126119,-0.21754443713584465,0.6293929431654698,0.4601303236189032,0.0,0.0,1.0
1.2914726115453095,0.670791101635884,0.39282913230166994,-0.08023190987715847,0.6950169424321413,0.0,1.0,0.0
1.141652170186515,0.8057999995452554,0.05434924379541185,0.05969411748335973,-0.651666338763757,0.0,1.0,0.0
-0.8559537145973374,0.06325106104369341,-0.08992087261709159,0.5894140782053218,-0.13491577737463328,0.0,1.0,0.0
-1.005774155956132,-0.7468023264126119,-0.21754443713584465,-0.3300998158780841,-0.056620237770220586,0.0,1.0,0.0
-1.2554748915541136,-1.1518290201407262,-0.3507168522858478,0.559429929485211,-1.1997351159946459,0.0,0.0,1.0
1.0917120230669073,0.8733044484999603,0.17087510705166464,-0.3900681133183064,-1.6851674615420047,0.0,1.0,0.0
-0.7560734203581504,-0.07175783686571639,-0.31742374849834704,0.2096148610839151,-1.4502808427287666,0.0,1.0,0.0
-0.10685150780339275,-0.3417756326844592,0.015507289376660929,0.02970996876324823,0.5227667553024333,0.0,1.0,0.0
0.8919514345885334,0.1982599589530648,0.7035647676516774,-0.7298884654795651,-1.3876444110452364,0.0,0.0,1.0
1.8408142298608519,1.6158533870015224,0.9033233903766822,-0.8798092090801208,0.569744079065081,0.0,1.0,0.0
0.04296893355540185,-0.6117934285032021,0.11538660073916332,-0.46003112699856585,-1.465939950649649,1.0,0.0,0.0
-1.505175627152095,-1.5568557138688788,1.6357716737016996,-1.6194182108428605,1.3683585830300904,1.0,0.0,0.0
-0.20673180204257968,-0.6117934285032021,4.032875146401757,-2.4689690912460076,-0.4480979357922841,0.0,1.0,0.0
-0.5563128318797765,0.06325106104369341,0.08764234758291266,0.05969411748335973,1.0708355325333223,0.0,0.0,1.0
1.740933935621665,1.95337563177497,0.026604990639161195,-0.3101103833980105,-0.32282507242522374,0.0,1.0,0.0
0.5923105518709442,0.1982599589530648,0.04880039316416172,-0.14020020731738078,-0.7612800942099348,0.0,1.0,0.0
0.8919514345885334,0.670791101635884,1.2861940839329413,-1.279597858681602,0.8516080216409667,0.0,1.0,0.0
1.6410536413824781,1.750862284910932,-0.7890760521546083,0.7093506730857664,0.4601303236189032,0.0,0.0,1.0
-0.2566719491621874,-0.004253387911011494,-0.8390157078358594,1.2390706338077284,-0.21321131697904597,0.0,1.0,0.0
-1.8547566569892635,-1.8943779586423264,0.5426480993454236,-0.8398303441199725,-1.262371547678176,0.0,1.0,0.0
1.1915923173060943,0.13075550999835991,-1.0443231811921143,0.5094563482850258,0.9455626691662619,0.0,1.0,0.0
1.3414127586648887,1.4808444890921508,-0.9056019154108611,1.2790494987678764,0.8829262374827318,0.0,1.0,0.0
-1.0557143030757397,-1.6243601628235453,-0.6725501888983555,0.2995673072442482,1.556267878080681,1.0,0.0,0.0
0.4424901105121496,0.46827775477180766,-0.8168203053108589,0.4195039021246928,-0.16623399321639837,0.0,1.0,0.0
0.2926696691533834,-0.13926228582038291,2.07413087357046,-1.749349521963342,0.773312482036554,1.0,0.0,0.0
0.8919514345885334,0.46827775477180766,-0.5449266243796025,0.9292344303665805,-0.7769392021308174,0.0,1.0,0.0
-0.8559537145973374,0.06325106104369341,-0.7280386952108568,0.5294457807650995,-0.4637570437131666,0.0,1.0,0.0
-0.05691136068381348,0.1982599589530648,0.5481969499766737,-1.0896982501208983,0.6950169424321413,0.0,1.0,0.0
1.041771875947328,0.40077330581714116,-0.4450473130171001,0.7593242542859515,-0.2288704248999285,0.0,1.0,0.0
1.7908740827412726,1.750862284910932,-0.5726708775358531,0.19962014484387794,0.03733440975507465,1.0,0.0,0.0
0.5923105518709442,0.40077330581714116,1.5081481091829465,-1.5994287783627865,-0.36980239618787136,0.0,1.0,0.0
-2.204337686826432,-2.569422448189222,0.24855901588916648,-0.639936019319232,-0.416779719950519,0.0,0.0,1.0
-1.505175627152095,-1.4218468159595072,-0.4672427155421006,0.8992502816464697,1.5092905543180333,0.0,1.0,0.0
1.8408142298608519,1.95337563177497,-0.20644673587334436,0.04969940124332256,-1.6851674615420047,0.0,1.0,0.0
-1.405295332912908,-0.8818112243219832,-0.7835272015233582,-0.1901737885175659,-0.3071659645043412,0.0,0.0,1.0
-0.506372684760169,-0.004253387911011494,0.7091136182829275,-0.9997458039605651,-0.8552347417352301,0.0,0.0,1.0
1.041771875947328,0.9408088974546268,0.353987177882919,-0.4100575457983807,-0.056620237770220586,0.0,1.0,0.0
-1.3553551857933004,-1.219333469095431,0.07654464632041239,-0.6499307355592692,-1.6538492457002396,0.0,1.0,0.0
-0.30661209628179503,-0.9493156732766498,0.015507289376660929,0.1796307123638036,0.9142444533244969,1.0,0.0,0.0
-1.105654450195319,-1.0168201222313547,-0.5060846699608516,-0.0002741799568625625,1.3213812592674428,0.0,1.0,0.0
0.19278937491416806,1.1433222443187032,-0.17315363208584358,0.5394404970051366,0.8829262374827318,0.0,0.0,1.0
-0.8559537145973374,-0.47678453059383064,-0.7668806496296078,1.1890970526075433,-1.465939950649649,0.0,1.0,0.0
-0.006971213564205815,-0.6117934285032021,0.5093549955579227,-1.1696559800411945,0.03733440975507465,0.0,1.0,0.0
-0.9558340088365244,-1.4218468159595072,-0.4228519104920995,0.72934010556584,1.5406087701597984,0.0,0.0,1.0
-0.10685150780339275,-0.47678453059383064,-0.8501134090983598,0.9392291466066176,0.13128905728036988,0.0,1.0,0.0
-1.5551157742717028,-1.4893512649141738,0.05434924379541185,-0.4200522620384179,1.5406087701597984,1.0,0.0,0.0
0.34260981627296266,1.210826693273408,-1.1275559406608664,1.8387536082099498,1.2744039355047951,0.0,1.0,0.0
0.6921908461101312,0.33326885686243624,0.17642395768291477,-0.6099518705991213,1.5719269860015634,0.0,1.0,0.0
0.09290908067498112,0.33326885686243624,-0.6836478901608558,0.6693718081256184,-0.2758477486625761,0.0,1.0,0.0
0.6422506989905519,0.40077330581714116,0.11538660073916332,-0.3201050996380477,0.08431173351772227,0.0,1.0,0.0
-0.9558340088365244,-1.5568557138688788,0.6924670663891771,-1.2396189937214535,0.5854031869859635,0.0,1.0,0.0
-1.0557143030757397,-1.4218468159595072,-0.739136396473357,1.8487483244499872,-0.2288704248999285,1.0,0.0,0.0
0.19278937491416806,0.46827775477180766,0.6480762613391761,-0.37007868083823275,0.3035392444100778,1.0,0.0,0.0
-0.6561931261189635,-0.13926228582038291,-0.5782197281671032,0.8792608491663954,-0.5733707991593444,0.0,0.0,1.0
1.0917120230669073,0.6032866526811791,-0.18425133334834384,-0.599957154359084,-0.9178711734187602,0.0,1.0,0.0
-1.105654450195319,-1.8268735096876216,-0.12876282703584252,0.009720536283174605,0.9142444533244969,1.0,0.0,0.0
0.14284922779458878,-0.27427118372975434,-0.16760478145459345,0.6593770918855812,-0.19755220905816342,0.0,0.0,1.0
1.2914726115453095,0.2657644079077313,-0.9666392723546126,2.67830977237306,-0.43243882787140153,0.0,1.0,0.0
-0.40649239052098196,-0.8143067753672784,-0.5504754750108526,-0.09022662611719565,1.2587448275839126,1.0,0.0,0.0
-1.405295332912908,-0.8143067753672784,-0.48943811806710114,0.30956202348428535,-0.620348122921992,0.0,1.0,0.0
1.041771875947328,1.0083133464093317,1.0420446561579355,-1.2296242774814168,-0.9022120654978777,0.0,1.0,0.0
-1.8547566569892635,-1.8943779586423264,-0.4727915661733507,0.24959372604406307,-1.1370986843111157,0.0,0.0,1.0
0.7421309932297389,0.2657644079077313,0.2984986715704177,-0.3201050996380477,-0.9022120654978777,0.0,0.0,1.0
-1.005774155956132,-0.5442889795485355,-0.8945042141483608,0.9692132953267292,-0.21321131697904597,0.0,1.0,0.0
0.24272952203377574,1.3458355911827795,1.3305848889829424,-1.2296242774814168,-0.9648484971814079,0.0,0.0,1.0
-0.9558340088365244,-1.4218468159595072,-0.23973983966084517,-0.0002741799568625625,-1.6851674615420047,0.0,0.0,1.0
1.2914726115453095,1.4133400401374843,-0.20644673587334436,0.72934010556584,0.9925399929289095,0.0,1.0,0.0
-1.105654450195319,-0.2067667347750878,-1.0998116875046158,0.919239714126544,1.5719269860015634,0.0,1.0,0.0
0.24272952203377574,-0.2067667347750878,0.11538660073916332,-0.9797563714804911,0.4914485394606683,0.0,1.0,0.0
-1.3553551857933004,-1.0168201222313547,-0.1953490346108441,0.19962014484387794,0.5384258632233159,0.0,1.0,0.0
1.740933935621665,1.8858711828203034,1.8743722508454552,-1.769338954443416,-0.18189310113728088,0.0,1.0,0.0
0.34260981627296266,0.1982599589530648,0.6647228132329265,-1.0197352364406391,-1.5912128140167094,0.0,0.0,1.0
-1.305415038673721,-1.0168201222313547,-0.8334668572046093,-0.08023190987715847,-0.8395756338143475,0.0,1.0,0.0
-2.204337686826432,-2.6369268971438884,0.46496419050792165,-0.909793357800232,1.6032452018433285,1.0,0.0,0.0
-1.4552354800324874,-1.4218468159595072,-0.23973983966084517,0.46947748332487793,-0.3071659645043412,0.0,1.0,0.0
0.7920711403493464,0.40077330581714116,-1.2107887001296183,2.0786267979708386,-0.5420525833175793,0.0,1.0,0.0
-1.405295332912908,-1.0168201222313547,0.3983779829329201,-0.8398303441199725,1.3996767988718555,0.0,0.0,1.0
-0.9058938617169451,-1.4218468159595072,-0.4284007611233497,-0.12021077483730715,0.2565619206474302,0.0,0.0,1.0
0.34260981627296266,1.2783311422280745,-1.1663978950796172,1.9187113381302465,0.2095845968847826,1.0,0.0,0.0
-0.05691136068381348,-0.6792978774579069,0.07654464632041239,-0.0002741799568625625,-0.3071659645043412,0.0,1.0,0.0
-1.205534744434506,-0.8818112243219832,-0.43949846238584994,0.6693718081256184,0.6636987265903762,0.0,1.0,0.0
-1.4552354800324874,-1.4893512649141738,-0.739136396473357,2.0386479330106906,0.39749389193537304,0.0,1.0,0.0
-0.40649239052098196,-1.0843245711860596,-1.0498720318233645,1.129128755167321,-0.18189310113728088,0.0,1.0,0.0
0.14284922779458878,-0.40928008163916413,0.9199699422704325,-1.0597141014007874,1.2900630434256777,0.0,1.0,0.0
-1.0557143030757397,-1.3543423670048025,-0.27303294344834594,0.6193982269254332,-1.5912128140167094,0.0,1.0,0.0
0.34260981627296266,0.40077330581714116,0.0044095881141606634,1.26905478252784,-0.3541432882669888,0.0,1.0,0.0
0.9418915817081127,0.5357822037265125,-0.07882317135459133,0.3195567397243225,-0.7143027704472872,0.0,1.0,0.0
0.9418915817081127,0.40077330581714116,-1.155300193817117,2.858214664693726,-0.3541432882669888,0.0,1.0,0.0
0.09290908067498112,-0.004253387911011494,-0.8334668572046093,1.359007228688173,1.1961083959003824,0.0,1.0,0.0
-1.0557143030757397,-1.0843245711860596,0.5925877550266747,0.05969411748335973,1.0551764246124398,0.0,1.0,0.0
0.34260981627296266,0.40077330581714116,-0.10656742451084199,0.5894140782053218,0.601062294906846,0.0,1.0,0.0
-1.6549960685108898,-1.4893512649141738,-1.5603662898983768,2.8981935296538746,-0.04096112984933804,0.0,0.0,1.0
1.740933935621665,1.5483489380468558,-0.0399812169358404,0.16963599612376715,-1.1840760080737633,0.0,0.0,1.0
0.5923105518709442,0.7382955505905888,0.05989809442666199,-0.030258328676973353,-1.3719853031243538,0.0,1.0,0.0
-0.40649239052098196,-1.0168201222313547,-0.8945042141483608,1.3390177962080987,-0.11925666945375074,0.0,1.0,0.0
-1.5551157742717028,-1.4218468159595072,-0.8556622597296099,0.4794721995649144,0.569744079065081,0.0,0.0,1.0
0.24272952203377574,-0.47678453059383064,-0.9222484673046115,0.8792608491663954,1.618904309764211,0.0,1.0,0.0
-0.8559537145973374,-1.3543423670048025,-0.5393777737483523,0.72934010556584,-0.6673254466846396,0.0,1.0,0.0
-0.40649239052098196,-1.0168201222313547,0.026604990639161195,0.15964127988372998,0.601062294906846,0.0,1.0,0.0
-1.3553551857933004,-1.1518290201407262,-1.5048777835858753,2.058637365490765,0.1782663810430175,0.0,1.0,0.0
0.5423704047513649,0.33326885686243624,0.043251542532911594,-0.4200522620384179,-0.416779719950519,0.0,0.0,1.0
-1.3553551857933004,-1.0843245711860596,-1.110909388767116,1.2090864850876175,-1.1214395763902332,0.0,1.0,0.0
1.8408142298608519,1.5483489380468558,-0.8612111103608601,0.5894140782053218,0.2095845968847826,0.0,1.0,0.0
0.2926696691533834,-0.004253387911011494,-0.5615731762733529,1.3789966611682467,-0.07227934569110313,0.0,1.0,0.0
1.8907543769804596,1.8183667338655987,0.6924670663891771,-1.0697088176408243,1.1021537483750874,0.0,1.0,0.0
1.1915923173060943,0.7382955505905888,0.2152659121016657,-0.7698673304397138,1.384017690950973,1.0,0.0,0.0
1.241532464425702,1.3458355911827795,-0.10101857387959186,0.01971525252321177,1.0395173166915572,0.0,0.0,1.0
1.0917120230669073,0.46827775477180766,1.2750963826704411,-1.5094763322024536,-0.26018864074169357,0.0,1.0,0.0
-0.15679165492300043,-0.5442889795485355,-0.7668806496296078,1.408980809888358,0.16260727312213497,0.0,1.0,0.0
0.34260981627296266,0.7382955505905888,-1.194142148235868,1.2190812013276549,-0.3541432882669888,0.0,1.0,0.0
-0.8060135674777581,-0.6117934285032021,-0.400656507967099,0.24959372604406307,0.4914485394606683,0.0,1.0,0.0
0.34260981627296266,0.5357822037265125,-0.38955880670459875,0.6393876594055069,-0.5107343674758142,0.0,0.0,1.0
-0.006971213564205815,-0.27427118372975434,-0.0732743207233412,0.6393876594055069,0.6636987265903762,0.0,1.0,0.0
-0.006971213564205815,0.9408088974546268,-0.3063260472358468,-0.30011566715797333,1.1804492879795,0.0,1.0,0.0
1.041771875947328,0.8057999995452554,-0.944443869829612,1.079155173967136,0.8829262374827318,0.0,1.0,0.0
-1.3553551857933004,-0.9493156732766498,-0.6004151306921038,0.19962014484387794,0.021675301834192112,1.0,0.0,0.0
-0.8060135674777581,-0.40928008163916413,0.7035647676516774,-1.5694446296426754,-0.620348122921992,0.0,0.0,1.0
0.5423704047513649,0.33326885686243624,-0.056627768829590794,-0.1302054910773436,-0.26018864074169357,0.0,1.0,0.0
-1.205534744434506,-0.9493156732766498,-0.056627768829590794,0.5294457807650995,-1.4502808427287666,0.0,1.0,0.0
1.1915923173060943,1.2783311422280745,0.2152659121016657,-1.0097405202006022,-0.996166713023173,0.0,1.0,0.0
0.7421309932297389,0.33326885686243624,-0.06217661946084093,-0.43004697827845434,1.415335906792738,0.0,1.0,0.0
1.3414127586648887,1.1433222443187032,1.2196078763579397,-1.0097405202006022,-1.606871921937592,0.0,0.0,1.0
-0.20673180204257968,-0.5442889795485355,0.3206940740954182,-0.37007868083823275,-1.1370986843111157,1.0,0.0,0.0
1.3913529057844964,1.4133400401374843,-0.6725501888983555,1.1391234714073581,-0.8395756338143475,0.0,1.0,0.0
-0.506372684760169,-1.0843245711860596,-1.0165789280358637,1.2590600662878026,1.2587448275839126,0.0,1.0,0.0
-0.6062529789993558,-0.13926228582038291,-0.9000530647796109,0.959218579086692,-1.262371547678176,0.0,0.0,1.0
0.04296893355540185,-0.47678453059383064,0.6369785600766757,-0.8997986415601948,1.4623132305553856,0.0,1.0,0.0
0.5923105518709442,1.0758177953640367,-0.4339496117545998,1.2890442150079136,1.5719269860015634,0.0,1.0,0.0
0.5923105518709442,0.40077330581714116,-1.0387743305608643,1.1990917688475804,-0.6046890150011095,1.0,0.0,0.0
-0.2566719491621874,-0.9493156732766498,0.7368578714391781,-0.94977222276038,1.0864946404542049,0.0,1.0,0.0
-0.9058938617169451,-0.8143067753672784,0.5870389043954246,-1.1796506962812316,-0.7769392021308174,0.0,0.0,1.0
0.2926696691533834,1.2783311422280745,-0.7002944420546061,0.1296571311636185,-1.0118258209440554,0.0,1.0,0.0
-0.20673180204257968,-0.6117934285032021,0.19307050957666516,-0.08023190987715847,-0.3854615041087539,0.0,1.0,0.0
-2.25427783394604,-2.569422448189222,-0.5060846699608516,0.8892555654064326,-0.6673254466846396,0.0,1.0,0.0
-0.9058938617169451,-1.5568557138688788,0.7867975271204294,-0.8997986415601948,-0.36980239618787136,0.0,0.0,1.0
0.24272952203377574,1.3458355911827795,-0.4783404168046009,0.5094563482850258,0.6793578345112588,0.0,1.0,0.0
-1.605055921391282,-1.6243601628235453,-0.9499927204608621,1.1990917688475804,0.5071076473815508,0.0,1.0,0.0
-0.5563128318797765,-0.7468023264126119,0.7756998258579291,-1.1296771150810465,1.149131072137735,0.0,0.0,1.0
1.3414127586648887,0.40077330581714116,0.81454178027668,-1.3695503048419349,-1.5442354902540618,0.0,1.0,0.0
-1.105654450195319,-1.0843245711860596,0.4039268335641702,-0.7898567629197875,1.1804492879795,0.0,1.0,0.0
-1.1555945973149266,-1.759369060732955,0.5759412031329243,-0.35008924835815847,-0.823916525893465,0.0,1.0,0.0
-0.5563128318797765,-0.2067667347750878,-0.5005358193296015,0.8792608491663954,0.6167214028277286,0.0,1.0,0.0
-0.6062529789993558,-0.6792978774579069,-0.23419098902959504,0.3795250371645441,0.6167214028277286,1.0,0.0,0.0
-0.5563128318797765,0.06325106104369341,-0.16205593082334332,-0.20016850475760306,-0.8708938496561126,0.0,1.0,0.0
0.19278937491416806,-0.27427118372975434,-0.10101857387959186,-0.5000099919587139,0.1782663810430175,0.0,0.0,1.0
-1.205534744434506,-0.7468023264126119,-0.3340703003920974,-0.1901737885175659,1.1647901800586176,0.0,0.0,1.0
1.7908740827412726,2.020880080729675,-0.09546972324834173,-0.4200522620384179,0.39749389193537304,0.0,1.0,0.0
-1.305415038673721,-0.6792978774579069,-0.3951076573358489,0.13965184740365566,0.7576533741156715,1.0,0.0,0.0
1.141652170186515,1.210826693273408,-0.5893174294296035,1.0291815927669508,1.1804492879795,0.0,1.0,0.0
-0.45643253764056124,-0.9493156732766498,0.3983779829329201,-0.8598197766000468,0.8359489137200842,0.0,1.0,0.0
-0.45643253764056124,-1.0168201222313547,-0.9333461685671117,1.5489068372488763,0.8046306978783191,0.0,1.0,0.0
1.0917120230669073,0.8057999995452554,0.12093545137041345,-0.510004708198751,-0.025302021928455508,0.0,0.0,1.0
-0.40649239052098196,-0.6117934285032021,-0.20089788524209423,-0.5299941406788247,-1.5912128140167094,0.0,0.0,1.0
-0.3565522434013743,-0.8143067753672784,1.2917429345641913,-1.4794921834823425,-0.29150685658345865,0.0,1.0,0.0
0.9418915817081127,-0.2067667347750878,0.15977740578916438,-0.2501420859577882,0.42881210777713813,0.0,0.0,1.0
-0.8559537145973374,-1.0168201222313547,-0.5837685787983534,0.6193982269254332,0.6323805107486111,0.0,0.0,1.0
1.3414127586648887,0.46827775477180766,-0.7835272015233582,1.7687905945296911,-1.3876444110452364,0.0,1.0,0.0
-1.505175627152095,-1.4893512649141738,1.3028406358266917,-1.1996401287613057,1.2587448275839126,0.0,1.0,0.0
-1.2554748915541136,-0.6792978774579069,-0.3840099560733486,0.3495408884444333,1.3057221513465602,0.0,1.0,0.0
0.09290908067498112,0.9408088974546268,-0.4949869686983513,-0.15019492355741795,-0.620348122921992,0.0,0.0,1.0
-0.20673180204257968,0.06325106104369341,-0.8612111103608601,0.9792080115667656,-1.5129172744122967,0.0,1.0,0.0
0.14284922779458878,-0.2067667347750878,0.23746131462666623,-0.9197880740402689,0.569744079065081,1.0,0.0,0.0
-1.605055921391282,-1.3543423670048025,0.12093545137041345,-0.17018435603749227,-1.5442354902540618,0.0,1.0,0.0
0.6422506989905519,0.670791101635884,-0.0011392625170894694,-0.3101103833980105,1.5406087701597984,0.0,1.0,0.0
-1.0557143030757397,-1.6243601628235453,1.153021668782938,-1.4694974672423051,0.44447121569802067,0.0,1.0,0.0
0.4424901105121496,-0.004253387911011494,5.85844700408305,-2.6288845510866,1.556267878080681,0.0,1.0,0.0
1.5911134942628704,0.8057999995452554,-0.35626570291709797,0.30956202348428535,-1.3719853031243538,1.0,0.0,0.0
0.4424901105121496,0.40077330581714116,0.81454178027668,-1.2296242774814168,1.0708355325333223,1.0,0.0,0.0
0.3925499633925703,0.33326885686243624,0.23746131462666623,-0.8898039253201576,1.3370403671883253,1.0,0.0,0.0
0.7421309932297389,0.40077330581714116,0.14313085389541397,0.3895197534045813,0.5384258632233159,0.0,1.0,0.0
1.241532464425702,1.0083133464093317,-0.2563863915545956,-0.49001527571867665,0.36617567609360796,0.0,1.0,0.0
-0.006971213564205815,0.8733044484999603,0.9088722410079323,-0.9597669390004171,-0.3541432882669888,0.0,1.0,0.0
0.24272952203377574,0.5357822037265125,0.5093549955579227,-0.94977222276038,0.3818347840144905,1.0,0.0,0.0
-0.3565522434013743,0.33326885686243624,-0.18980018397959397,-0.12021077483730715,-1.2153942239155284,0.0,1.0,0.0
0.19278937491416806,-0.13926228582038291,1.030946954895435,-0.9597669390004171,1.3683585830300904,0.0,0.0,1.0
0.3925499633925703,0.5357822037265125,-0.4339496117545998,0.1296571311636185,-0.8552347417352301,0.0,0.0,1.0
0.19278937491416806,1.1433222443187032,-1.2496306545483693,1.9486954868503574,0.8202898057992016,0.0,1.0,0.0
0.4424901105121496,0.46827775477180766,0.6591739626016763,-1.1496665475611205,-1.403303518966119,0.0,1.0,0.0
-0.5563128318797765,0.06325106104369341,-0.38955880670459875,1.3190283637280251,1.2744039355047951,0.0,0.0,1.0
-0.45643253764056124,0.33326885686243624,-0.6670013382671054,0.8792608491663954,-0.4950752595549317,0.0,1.0,0.0
-0.5563128318797765,0.40077330581714116,0.4205733854579206,-0.6999043167594543,1.7754953889730365,1.0,0.0,0.0
0.2926696691533834,0.13075550999835991,-1.69908755567963,1.2290759175676913,-1.3250079793617062,0.0,0.0,1.0
-0.7061332732385428,-0.13926228582038291,0.3206940740954182,-0.4100575457983807,1.6502225256059762,0.0,1.0,0.0
-0.8559537145973374,-1.4893512649141738,-1.1608490444483672,1.5389121210088392,0.09997084143860481,0.0,0.0,1.0
0.6921908461101312,0.06325106104369341,0.46496419050792165,-0.7698673304397138,-1.0744622526275855,1.0,0.0,0.0
-0.40649239052098196,0.40077330581714116,0.9144210916391824,-0.9397775065203428,0.8202898057992016,1.0,0.0,0.0
0.5423704047513649,0.7382955505905888,-0.17315363208584358,0.1496465636436928,1.1961083959003824,0.0,1.0,0.0
-2.25427783394604,-2.7044313460985934,0.03770269190166146,-0.4100575457983807,0.9612217770871444,0.0,1.0,0.0
-0.6561931261189635,0.06325106104369341,0.8533837346954309,-0.8098461953998617,-0.8865529575769951,0.0,0.0,1.0
0.19278937491416806,0.8733044484999603,0.5537458006079238,-0.5399888569188618,-1.3093488714408237,0.0,1.0,0.0
-0.006971213564205815,-0.6792978774579069,0.45941533987667155,-0.8198409116398986,-0.07227934569110313,1.0,0.0,0.0
-1.305415038673721,-1.1518290201407262,-0.3118748978670969,0.18962542860384077,-0.9491893892605253,0.0,0.0,1.0
-0.5563128318797765,0.13075550999835991,-0.522731221854602,-0.0002741799568625625,0.3348574602518429,0.0,1.0,0.0
-1.205534744434506,-0.9493156732766498,-1.1830444469733676,2.238542257811431,1.0238582087706747,0.0,1.0,0.0
0.2926696691533834,-0.004253387911011494,-0.6670013382671054,0.2395990098040259,-0.2758477486625761,1.0,0.0,0.0
-0.45643253764056124,0.06325106104369341,-0.5782197281671032,0.8792608491663954,1.9007682523400968,0.0,1.0,0.0
1.0917120230669073,1.1433222443187032,-0.3784611054420985,0.559429929485211,0.5071076473815508,0.0,1.0,0.0
-1.3553551857933004,-0.8143067753672784,0.25965671715166677,-0.7298884654795651,0.36617567609360796,0.0,0.0,1.0
-0.15679165492300043,0.670791101635884,-0.5060846699608516,0.9792080115667656,-0.43243882787140153,0.0,0.0,1.0
1.141652170186515,0.8057999995452554,-0.7668806496296078,0.9692132953267292,0.16260727312213497,0.0,1.0,0.0
-1.6549960685108898,-1.4893512649141738,0.36508487914541926,-0.8698144928400837,0.31919835233096033,0.0,1.0,0.0
-1.605055921391282,-1.759369060732955,-0.4672427155421006,0.9892027278068027,-0.08793845361198566,0.0,0.0,1.0
1.7908740827412726,1.5483489380468558,-0.48943811806710114,0.33954617220439615,0.1782663810430175,0.0,1.0,0.0
-0.45643253764056124,0.2657644079077313,-0.4949869686983513,0.08967826620347052,-0.3541432882669888,0.0,1.0,0.0
-0.20673180204257968,-0.6117934285032021,0.5038061449266726,-0.7698673304397138,1.3526994751092078,1.0,0.0,0.0
1.6909937885020574,1.2783311422280745,-0.7613317989983577,0.99919744404684,-0.8395756338143475,1.0,0.0,0.0
1.5411733471432911,0.8733044484999603,-0.7557829483671075,1.5589015534889135,0.6636987265903762,0.0,1.0,0.0
0.24272952203377574,-0.47678453059383064,0.27630326904541713,-0.510004708198751,-0.26018864074169357,0.0,0.0,1.0
-0.8060135674777581,-0.2067667347750878,0.7756998258579291,-0.6699201680393435,0.9299035612453793,0.0,0.0,1.0
0.09290908067498112,-0.2067667347750878,-0.5060846699608516,-0.3201050996380477,-1.465939950649649,0.0,1.0,0.0
0.09290908067498112,-0.2067667347750878,-1.4660358291671245,2.0686320817308017,-1.4502808427287666,0.0,1.0,0.0
-1.105654450195319,-1.4893512649141738,1.2307055776204399,-1.1096876826009725,0.31919835233096033,0.0,1.0,0.0
1.3414127586648887,1.3458355911827795,-0.3063260472358468,0.1496465636436928,-0.6673254466846396,1.0,0.0,0.0
0.6921908461101312,0.2657644079077313,-0.8390157078358594,0.5294457807650995,1.2587448275839126,0.0,1.0,0.0
0.34260981627296266,1.4133400401374843,-0.8001737534171085,0.18962542860384077,0.773312482036554,0.0,1.0,0.0
0.6422506989905519,0.7382955505905888,0.5981366056579248,-1.1796506962812316,0.5071076473815508,0.0,1.0,0.0
0.14284922779458878,1.0758177953640367,-0.4228519104920995,0.15964127988372998,-0.08793845361198566,1.0,0.0,0.0
-0.40649239052098196,-1.0843245711860596,-0.8501134090983598,1.408980809888358,-1.2780306555990586,0.0,1.0,0.0
1.3414127586648887,1.4808444890921508,-0.944443869829612,1.1791023363675062,1.0395173166915572,0.0,1.0,0.0
0.09290908067498112,1.0758177953640367,-0.1454093789295929,0.07968354996343335,0.773312482036554,0.0,0.0,1.0
0.8420112874689257,0.06325106104369341,-0.8612111103608601,1.049171025247025,-1.090121360548468,0.0,1.0,0.0
0.9418915817081127,0.33326885686243624,-0.37291225481084833,-0.030258328676973353,1.24308571966303,1.0,0.0,0.0
-0.40649239052098196,0.06325106104369341,0.015507289376660929,-0.3900681133183064,-1.606871921937592,1.0,0.0,0.0
0.34260981627296266,0.40077330581714116,1.3250360383516921,-1.2895925749216386,1.6815407414477412,0.0,0.0,1.0
-0.20673180204257968,0.06325106104369341,-0.28967949534209636,0.289572591004211,-1.027484928864938,0.0,1.0,0.0
-0.15679165492300043,0.40077330581714116,-0.3340703003920974,-0.20016850475760306,0.4601303236189032,0.0,1.0,0.0
-0.7061332732385428,-0.3417756326844592,-0.7502340977358574,0.329551455964359,-1.1684169001528808,0.0,0.0,1.0
-0.8559537145973374,-1.4218468159595072,0.06544694505791213,-0.6199465868391584,-0.5577116912384619,0.0,1.0,0.0
1.1915923173060943,1.210826693273408,-0.5060846699608516,0.33954617220439615,0.5227667553024333,0.0,1.0,0.0
0.5923105518709442,0.8057999995452554,0.5315503980829233,-1.0397246689207131,1.618904309764211,0.0,1.0,0.0
-1.1555945973149266,-0.2067667347750878,0.17087510705166464,-0.4200522620384179,0.8202898057992016,1.0,0.0,0.0
0.34260981627296266,0.670791101635884,-0.6725501888983555,0.9292344303665805,-0.025302021928455508,0.0,0.0,1.0
0.9918317288277203,0.670791101635884,-0.6614524876358553,0.5894140782053218,0.569744079065081,0.0,1.0,0.0
0.14284922779458878,-0.5442889795485355,0.6092343069204251,-0.7598726141996767,-0.9022120654978777,0.0,1.0,0.0
0.8919514345885334,0.46827775477180766,-0.6614524876358553,1.1990917688475804,-0.3071659645043412,0.0,0.0,1.0
1.740933935621665,1.4133400401374843,-1.1830444469733676,1.5688962697289506,0.09997084143860481,0.0,1.0,0.0
1.9906346712196465,2.020880080729675,-1.0498720318233645,2.1086109466909497,-0.3071659645043412,0.0,1.0,0.0
-0.2566719491621874,-0.6792978774579069,-0.2286421383983449,0.45948276708484076,-0.1035975615328682,0.0,1.0,0.0
1.141652170186515,0.6032866526811791,-0.7058432926858563,0.8892555654064326,-1.2467124397572935,0.0,1.0,0.0
-0.15679165492300043,-0.47678453059383064,0.03770269190166146,-0.280126234677899,-1.6225310298584745,0.0,1.0,0.0
1.8408142298608519,1.6158533870015224,-1.0609697330858647,1.0991446064472101,0.6950169424321413,0.0,1.0,0.0
0.04296893355540185,-0.47678453059383064,-1.1053605381358658,1.5988804184490615,0.3505165681727254,0.0,1.0,0.0
-0.6062529789993558,-0.9493156732766498,-0.6004151306921038,0.5694246457252482,-0.16623399321639837,0.0,1.0,0.0
0.5923105518709442,0.46827775477180766,2.3460245545017164,-1.749349521963342,-1.2467124397572935,0.0,0.0,1.0
0.34260981627296266,0.8057999995452554,1.8799211014767054,-1.5694446296426754,-1.3093488714408237,0.0,1.0,0.0
0.4924302576317573,0.33326885686243624,-0.611512831954604,-0.060242477397084854,-0.15057488529551583,0.0,1.0,0.0
0.34260981627296266,0.8057999995452554,-0.483889267435851,0.4394933346047664,-1.1684169001528808,0.0,1.0,0.0
-1.305415038673721,-1.0843245711860596,-0.3618145535483481,0.3595356046844705,-1.6225310298584745,0.0,1.0,0.0
-0.9558340088365244,-1.3543423670048025,0.02105614000791106,0.18962542860384077,-0.5420525833175793,0.0,0.0,1.0
1.6909937885020574,1.0758177953640367,-0.5171823712233518,0.99919744404684,0.8672671295618493,0.0,0.0,1.0
-0.30661209628179503,-0.47678453059383064,0.026604990639161195,-0.40006282955834355,1.3996767988718555,0.0,1.0,0.0
0.6921908461101312,0.8733044484999603,-0.7890760521546083,0.22960429356398873,-0.9335302813396428,0.0,1.0,0.0
1.1915923173060943,0.46827775477180766,-0.10101857387959186,0.039704685003285396,0.6950169424321413,0.0,0.0,1.0
-1.3553551857933004,-0.8818112243219832,0.20971706147041558,-0.4400416945184915,0.39749389193537304,0.0,0.0,1.0
-0.45643253764056124,-0.3417756326844592,-1.110909388767116,0.8192925517261738,-0.3384841803461063,0.0,0.0,1.0
-0.5563128318797765,0.06325106104369341,0.05434924379541185,0.01971525252321177,-0.6673254466846396,0.0,0.0,1.0
-0.7560734203581504,-0.8818112243219832,-0.9555415710921122,0.72934010556584,-0.9491893892605253,0.0,0.0,1.0
-2.154397539706853,-2.501917999234517,-0.4284007611233497,0.42949861836472925,-1.1057804684693506,0.0,0.0,1.0
0.34260981627296266,0.670791101635884,-0.5726708775358531,0.48946691580495155,0.1782663810430175,0.0,1.0,0.0
0.2926696691533834,0.33326885686243624,-0.4284007611233497,0.1296571311636185,-0.620348122921992,0.0,0.0,1.0
0.04296893355540185,0.8733044484999603,-0.02333466504209,0.22960429356398873,-0.24452953282081105,0.0,1.0,0.0
0.3925499633925703,0.33326885686243624,0.10983775010791318,0.009720536283174605,1.759836281052154,1.0,0.0,0.0
-1.2554748915541136,-0.47678453059383064,-0.4450473130171001,0.9692132953267292,1.4623132305553856,1.0,0.0,0.0
-1.7548763627500765,-1.759369060732955,-0.5948662800608536,0.919239714126544,-0.6829845546055221,1.0,0.0,0.0
-0.006971213564205815,-0.27427118372975434,-0.6004151306921038,0.7693189705259886,-1.0744622526275855,0.0,1.0,0.0
-0.10685150780339275,-0.6792978774579069,-0.400656507967099,-0.27013151843786254,1.3370403671883253,1.0,0.0,0.0
-1.3553551857933004,-1.0168201222313547,-0.10656742451084199,0.2395990098040259,0.9925399929289095,0.0,0.0,1.0
-0.3565522434013743,-1.0168201222313547,-0.650354786373355,0.5394404970051366,-1.1057804684693506,0.0,0.0,1.0
-0.9558340088365244,-0.8818112243219832,0.731309020807928,-1.1196823988410094,-1.0431440367858205,0.0,1.0,0.0
-0.45643253764056124,0.33326885686243624,-0.3007771966045966,-0.2201579372376774,-0.9648484971814079,0.0,1.0,0.0
-1.505175627152095,-1.1518290201407262,-0.777978350892108,1.8987219056501723,0.42881210777713813,0.0,1.0,0.0
0.09290908067498112,0.06325106104369341,-0.3618145535483481,0.39951446964461845,1.415335906792738,0.0,0.0,1.0
2.0905149654588335,2.2908978765484176,-0.35626570291709797,0.01971525252321177,-0.15057488529551583,0.0,1.0,0.0
-1.3553551857933004,-1.1518290201407262,0.05989809442666199,-0.30011566715797333,-0.8395756338143475,0.0,1.0,0.0
-1.305415038673721,-0.47678453059383064,-0.9666392723546126,1.2390706338077284,-0.4950752595549317,1.0,0.0,0.0
0.09290908067498112,0.670791101635884,1.3194871877204422,-1.2496137099614908,0.6793578345112588,1.0,0.0,0.0
0.2926696691533834,0.670791101635884,-0.7668806496296078,1.4589543910885432,-0.21321131697904597,0.0,0.0,1.0
-0.6561931261189635,-0.07175783686571639,0.4538664892454214,-0.5899624381190469,0.3505165681727254,0.0,1.0,0.0
1.1915923173060943,0.7382955505905888,-0.5948662800608536,0.4494880508448036,1.3683585830300904,0.0,0.0,1.0
-0.6062529789993558,-0.2067667347750878,-0.5560243256421027,0.5794193619652847,-0.416779719950519,0.0,0.0,1.0
-0.006971213564205815,-0.27427118372975434,0.858932585326681,-1.1296771150810465,-0.21321131697904597,0.0,1.0,0.0
0.14284922779458878,-0.07175783686571639,0.17087510705166464,-0.599957154359084,-1.1997351159946459,0.0,1.0,0.0
0.14284922779458878,-0.40928008163916413,0.4039268335641702,-0.6899096005194172,0.6636987265903762,0.0,0.0,1.0
-0.15679165492300043,0.2657644079077313,-0.7169409939483565,0.4494880508448036,-0.04096112984933804,0.0,0.0,1.0
-0.20673180204257968,0.46827775477180766,2.1240705292517115,-1.6693917920430457,1.5249496622389158,0.0,1.0,0.0
1.241532464425702,0.13075550999835991,-1.1663978950796172,1.0591657414870623,0.6323805107486111,0.0,1.0,0.0
0.7421309932297389,0.7382955505905888,1.064240058682936,-1.2096348450013428,-0.1035975615328682,0.0,1.0,0.0
0.34260981627296266,-0.27427118372975434,0.009958438745410796,-0.5399888569188618,0.36617567609360796,0.0,1.0,0.0
0.3925499633925703,1.0758177953640367,-0.12876282703584252,-0.4400416945184915,-1.465939950649649,0.0,1.0,0.0
0.7920711403493464,0.40077330581714116,0.40947568419542035,0.24959372604406307,-0.16623399321639837,0.0,1.0,0.0
-0.7061332732385428,-0.40928008163916413,-0.3784611054420985,0.7993031192460994,0.5227667553024333,0.0,1.0,0.0
0.19278937491416806,0.9408088974546268,2.201754438089213,-1.6094234946028239,0.36617567609360796,0.0,1.0,0.0
1.041771875947328,1.0083133464093317,0.5315503980829233,-0.8398303441199725,-1.3250079793617062,0.0,0.0,1.0
0.24272952203377574,1.3458355911827795,-1.5326220367421262,2.0786267979708386,0.601062294906846,0.0,0.0,1.0
-0.8060135674777581,-1.219333469095431,-0.3784611054420985,0.6993559568457292,1.6658816335268587,0.0,1.0,0.0
-0.006971213564205815,0.8057999995452554,-1.0443231811921143,0.4095091858846556,1.5406087701597984,0.0,1.0,0.0
0.4424901105121496,0.1982599589530648,-0.5504754750108526,0.7593242542859515,0.5071076473815508,0.0,1.0,0.0
1.241532464425702,0.7382955505905888,0.17642395768291477,-0.5799677218790097,1.4623132305553856,0.0,1.0,0.0
1.141652170186515,0.7382955505905888,0.03770269190166146,-0.6899096005194172,0.7576533741156715,0.0,1.0,0.0
-0.8559537145973374,-0.9493156732766498,-0.22309328776709478,-0.17018435603749227,0.5384258632233159,0.0,1.0,0.0
1.0917120230669073,0.5357822037265125,0.12648430200166358,-0.1901737885175659,-0.4637570437131666,0.0,0.0,1.0
-1.0557143030757397,-1.4893512649141738,-0.006688113148339602,-0.15019492355741795,0.24090281272654765,0.0,1.0,0.0
1.4912332000236834,1.5483489380468558,-0.2952283459733465,0.2395990098040259,0.06865262559683973,0.0,1.0,0.0
1.141652170186515,0.9408088974546268,-0.21754443713584465,0.01971525252321177,-1.2153942239155284,0.0,0.0,1.0
-0.6561931261189635,-0.5442889795485355,-0.5005358193296015,0.22960429356398873,1.1647901800586176,1.0,0.0,0.0
-1.0557143030757397,-1.4893512649141738,-0.7890760521546083,0.49946163204498867,-0.056620237770220586,0.0,1.0,0.0
-1.005774155956132,-1.69186461177825,1.358329142139193,-1.2196295612413797,0.8672671295618493,0.0,0.0,1.0
-0.6561931261189635,-0.004253387911011494,-0.11211627514209212,-0.1901737885175659,1.415335906792738,0.0,0.0,1.0
-0.8559537145973374,-1.4218468159595072,0.9088722410079323,-1.1096876826009725,0.6167214028277286,0.0,1.0,0.0
-1.105654450195319,-1.4893512649141738,0.18752165894541503,-0.21016322099764023,-1.1684169001528808,0.0,1.0,0.0
0.34260981627296266,-0.004253387911011494,0.7368578714391781,-1.0297299526806762,1.0708355325333223,0.0,1.0,0.0
1.0917120230669073,1.0758177953640367,1.8466279976892046,-1.9592385630041196,1.4779723384762682,0.0,1.0,0.0
0.5423704047513649,1.4808444890921508,-0.26748409281709584,0.2595884422841002,-0.8708938496561126,1.0,0.0,0.0
-0.7560734203581504,-1.1518290201407262,-0.5504754750108526,0.3595356046844705,-1.606871921937592,0.0,0.0,1.0
0.5423704047513649,0.8057999995452554,-0.8612111103608601,0.9392291466066176,-0.9335302813396428,0.0,0.0,1.0
-0.6561931261189635,0.06325106104369341,-0.9499927204608621,1.6788381483693573,-0.5577116912384619,0.0,0.0,1.0
-0.8559537145973374,-1.4893512649141738,2.035288919151709,-1.78932838692349,-0.056620237770220586,0.0,1.0,0.0
-0.9558340088365244,-1.5568557138688788,0.5204526968204229,-0.929782790280306,0.5854031869859635,0.0,0.0,1.0
-0.10685150780339275,0.7382955505905888,1.5580877648641978,-1.5094763322024536,1.0395173166915572,0.0,1.0,0.0
0.4924302576317573,0.46827775477180766,-1.3273145633858712,1.718817013329506,1.0395173166915572,0.0,1.0,0.0
-1.405295332912908,-1.4218468159595072,-0.5449266243796025,-0.0002741799568625625,1.3683585830300904,0.0,1.0,0.0
-1.005774155956132,-0.27427118372975434,-0.017785814410839866,-0.27013151843786254,0.19392548896390005,0.0,1.0,0.0
1.1915923173060943,0.06325106104369341,-0.10656742451084199,-0.3400945321181213,-0.16623399321639837,0.0,0.0,1.0
0.34260981627296266,0.06325106104369341,-0.9555415710921122,1.2590600662878026,0.9299035612453793,0.0,0.0,1.0
-1.9046968041088712,-1.8268735096876216,-0.3451680016545977,-0.4800205594786395,-0.8552347417352301,0.0,0.0,1.0
-0.8559537145973374,-1.6243601628235453,2.235047541876714,-1.9392491305240454,1.0708355325333223,0.0,1.0,0.0
-0.7560734203581504,-0.27427118372975434,-0.5449266243796025,0.8192925517261738,-0.009642914007572967,0.0,0.0,1.0
0.9918317288277203,0.5357822037265125,-0.522731221854602,0.9092449978865069,-1.6538492457002396,0.0,1.0,0.0
0.14284922779458878,-0.6117934285032021,-0.4505961636483502,0.42949861836472925,1.0551764246124398,0.0,0.0,1.0
0.14284922779458878,0.7382955505905888,-1.0498720318233645,1.8687377569300614,0.3505165681727254,0.0,0.0,1.0
1.5411733471432911,1.8183667338655987,-1.033225479929614,1.1791023363675062,-0.16623399321639837,0.0,1.0,0.0
-1.6549960685108898,-1.4893512649141738,-0.18980018397959397,-0.060242477397084854,2.010382007786274,0.0,1.0,0.0
-0.7560734203581504,-0.27427118372975434,0.22081476273291584,-0.6499307355592692,-0.26018864074169357,1.0,0.0,0.0
0.8919514345885334,0.5357822037265125,-0.8667599609921102,0.6393876594055069,-1.1057804684693506,0.0,1.0,0.0
1.6410536413824781,0.9408088974546268,0.8478348840641808,-1.2096348450013428,-0.823916525893465,1.0,0.0,0.0
-1.305415038673721,-1.2868379180500975,1.0531423574204357,-0.8298356278799357,1.5092905543180333,0.0,1.0,0.0
0.19278937491416806,-0.27427118372975434,0.02105614000791106,-0.1901737885175659,1.587586093922446,0.0,1.0,0.0
-1.1555945973149266,-0.2067667347750878,0.4261222360891707,-0.8898039253201576,-1.3719853031243538,1.0,0.0,0.0
0.34260981627296266,0.13075550999835991,-0.3340703003920974,1.2290759175676913,-1.5442354902540618,1.0,0.0,0.0
-1.2554748915541136,-0.9493156732766498,-1.022127778667114,1.888727189410135,0.47578943153978576,1.0,0.0,0.0
0.4424901105121496,-0.3417756326844592,1.2140590257266897,-1.3195767236417497,0.13128905728036988,0.0,0.0,1.0
-1.605055921391282,-1.4893512649141738,0.18752165894541503,-0.3600839645981956,0.28788013648919525,0.0,1.0,0.0
1.740933935621665,1.6833578359562271,-0.45614501427960036,0.6393876594055069,0.9455626691662619,0.0,1.0,0.0
-0.506372684760169,0.1982599589530648,-0.3118748978670969,-0.08023190987715847,0.7106760503530238,0.0,1.0,0.0
-1.005774155956132,-1.4893512649141738,0.27075441841416703,-0.46003112699856585,0.09997084143860481,1.0,0.0,0.0
-1.305415038673721,-0.6117934285032021,0.23746131462666623,-0.4100575457983807,1.1334719642168525,0.0,0.0,1.0
-0.006971213564205815,-0.07175783686571639,0.6203320081829253,-1.1896454125212683,0.09997084143860481,0.0,0.0,1.0
1.6909937885020574,1.3458355911827795,-0.10101857387959186,-0.4100575457983807,1.6815407414477412,0.0,1.0,0.0
0.34260981627296266,1.1433222443187032,-0.1953490346108441,-0.3101103833980105,1.9007682523400968,0.0,0.0,1.0
-0.7061332732385428,-0.40928008163916413,4.288122275439263,-2.448979658765934,-0.996166713023173,0.0,1.0,0.0
-0.8559537145973374,-0.40928008163916413,0.30959637283291797,-1.0996929663609354,-0.07227934569110313,0.0,0.0,1.0
-0.6062529789993558,-1.0168201222313547,-0.6337082344796046,0.7393348218058772,-0.2758477486625761,0.0,0.0,1.0
-0.6062529789993558,-0.6117934285032021,-0.37291225481084833,0.7493295380459143,0.27222102856831276,0.0,0.0,1.0
2.040574818339254,2.020880080729675,0.1486797045266641,-0.280126234677899,-1.575553706095827,0.0,1.0,0.0
-0.3565522434013743,-0.9493156732766498,0.36508487914541926,-0.30011566715797333,-0.4637570437131666,0.0,1.0,0.0
-1.005774155956132,-0.5442889795485355,0.10428889947666305,0.16963599612376715,-1.1370986843111157,0.0,0.0,1.0
0.8420112874689257,0.5357822037265125,0.10983775010791318,0.4494880508448036,0.42881210777713813,0.0,1.0,0.0
0.4424901105121496,0.40077330581714116,0.07099579568916226,-0.510004708198751,-0.19755220905816342,0.0,1.0,0.0
1.8408142298608519,1.6833578359562271,-0.10656742451084199,-0.4400416945184915,0.7263351582739064,1.0,0.0,0.0
-1.2554748915541136,-0.7468023264126119,-0.8279180065733592,0.45948276708484076,0.5071076473815508,0.0,1.0,0.0
-0.10685150780339275,-0.47678453059383064,0.686918215757927,-0.4800205594786395,1.5719269860015634,0.0,0.0,1.0
-1.605055921391282,-1.4893512649141738,0.6924670663891771,-0.7198937492395286,0.5384258632233159,0.0,0.0,1.0
-0.7560734203581504,-0.2067667347750878,-0.567122026904603,0.2595884422841002,0.19392548896390005,0.0,1.0,0.0
-0.9558340088365244,-1.6243601628235453,0.14313085389541397,-0.37007868083823275,0.5071076473815508,0.0,0.0,1.0
0.2926696691533834,-0.40928008163916413,-0.6337082344796046,0.02970996876324823,-0.07227934569110313,0.0,1.0,0.0
0.6422506989905519,0.8733044484999603,-0.16760478145459345,0.24959372604406307,1.6502225256059762,0.0,1.0,0.0
-1.0557143030757397,-0.6792978774579069,-0.20644673587334436,0.01971525252321177,-1.2153942239155284,0.0,1.0,0.0
0.6921908461101312,0.2657644079077313,0.02105614000791106,0.08967826620347052,1.2900630434256777,0.0,1.0,0.0
-1.205534744434506,-1.1518290201407262,0.5592946512391739,-0.909793357800232,-0.4480979357922841,1.0,0.0,0.0
0.14284922779458878,-0.13926228582038291,-0.5282800724858521,0.19962014484387794,-1.638190137779357,0.0,0.0,1.0
0.6921908461101312,0.670791101635884,-1.1386536419233666,1.3290230799680616,0.773312482036554,0.0,1.0,0.0
1.141652170186515,1.210826693273408,-0.5782197281671032,0.4794721995649144,-0.15057488529551583,0.0,1.0,0.0
1.4412930529040757,1.4808444890921508,-0.38955880670459875,0.19962014484387794,1.6658816335268587,0.0,1.0,0.0
-0.40649239052098196,-1.0168201222313547,-0.5615731762733529,0.6593770918855812,-0.6986436625264046,0.0,1.0,0.0
0.9418915817081127,0.670791101635884,6.391136664683064,-2.7888000109271927,-1.1997351159946459,0.0,1.0,0.0
-1.205534744434506,-1.0843245711860596,0.1653262564204145,-0.17018435603749227,-0.2288704248999285,0.0,0.0,1.0
0.5423704047513649,1.5483489380468558,-0.2952283459733465,-0.510004708198751,0.2252437048056651,0.0,1.0,0.0
-1.0557143030757397,-1.3543423670048025,1.447110752239195,-1.5194710484424903,-0.996166713023173,1.0,0.0,0.0
-0.20673180204257968,-0.40928008163916413,0.5759412031329243,-0.7098990329994915,0.5854031869859635,0.0,1.0,0.0
1.1915923173060943,0.06325106104369341,0.5870389043954246,-0.8398303441199725,-0.2288704248999285,0.0,1.0,0.0
-1.205534744434506,-0.9493156732766498,-0.8279180065733592,1.3390177962080987,1.0551764246124398,0.0,0.0,1.0
-1.205534744434506,-0.47678453059383064,-0.6891967407921059,0.1296571311636185,-1.4189626268870015,0.0,0.0,1.0
0.8420112874689257,0.670791101635884,-0.012236963779589735,-0.6499307355592692,0.601062294906846,0.0,0.0,1.0
1.1915923173060943,0.5357822037265125,0.81454178027668,-1.1196823988410094,0.6636987265903762,0.0,1.0,0.0
0.2926696691533834,1.0083133464093317,-1.4271938747483734,2.018658500530617,-1.3093488714408237,1.0,0.0,0.0
-1.3553551857933004,-1.1518290201407262,-0.3063260472358468,0.3895197534045813,-1.4815990585705316,0.0,1.0,0.0
-1.205534744434506,-0.8143067753672784,-0.6836478901608558,0.5894140782053218,-0.1035975615328682,0.0,0.0,1.0
-0.9558340088365244,-0.7468023264126119,-1.1331047912921166,1.0391763090069879,0.03733440975507465,0.0,0.0,1.0
1.6909937885020574,1.0083133464093317,-0.694745591423356,0.4794721995649144,-0.5733707991593444,0.0,1.0,0.0
-1.2554748915541136,-0.7468023264126119,-0.02333466504209,-0.23015265347771385,-1.4972581664914142,0.0,0.0,1.0
-0.7560734203581504,-0.40928008163916413,0.2152659121016657,-0.37007868083823275,-0.5733707991593444,0.0,1.0,0.0
0.04296893355540185,0.13075550999835991,-0.35626570291709797,1.4189755261283954,-0.8552347417352301,0.0,1.0,0.0
1.3913529057844964,0.40077330581714116,0.43167108672042087,-0.21016322099764023,1.556267878080681,0.0,1.0,0.0
-0.9058938617169451,-1.1518290201407262,-0.7613317989983577,1.0991446064472101,0.5227667553024333,0.0,1.0,0.0
1.3913529057844964,0.40077330581714116,2.645662488589224,-2.0092121442043047,1.4309950147136206,0.0,1.0,0.0
-1.005774155956132,-1.1518290201407262,-0.36736340417959823,0.2595884422841002,-0.009642914007572967,0.0,1.0,0.0
-2.204337686826432,-2.7044313460985934,-0.9777369736171128,0.99919744404684,-1.465939950649649,0.0,1.0,0.0
0.9418915817081127,0.1982599589530648,-0.7835272015233582,0.39951446964461845,-0.6673254466846396,0.0,1.0,0.0
0.8420112874689257,0.13075550999835991,0.81454178027668,-1.1096876826009725,-0.7612800942099348,0.0,1.0,0.0
0.34260981627296266,0.33326885686243624,0.12093545137041345,-0.67991488427938,-0.9335302813396428,0.0,1.0,0.0
-1.6549960685108898,-1.3543423670048025,-0.48943811806710114,1.0691604577270994,1.3996767988718555,0.0,1.0,0.0
0.4924302576317573,-0.13926228582038291,0.3040475222016678,-0.8898039253201576,0.5540849711441984,0.0,0.0,1.0
-0.7061332732385428,0.13075550999835991,0.1653262564204145,-0.37007868083823275,-1.5285763823331793,0.0,1.0,0.0
0.6422506989905519,0.8057999995452554,0.7535044233329286,-0.7898567629197875,-1.4972581664914142,0.0,1.0,0.0
0.4424901105121496,1.4133400401374843,1.730102134432952,-1.6993759407631568,0.7576533741156715,0.0,0.0,1.0
1.4912332000236834,0.8057999995452554,0.34288947662041874,-0.7098990329994915,-0.6046890150011095,0.0,1.0,0.0
0.24272952203377574,-0.13926228582038291,0.08764234758291266,-0.11021605859726998,0.9142444533244969,0.0,0.0,1.0
-0.3565522434013743,-0.5442889795485355,-0.15650708019209317,-0.280126234677899,0.3348574602518429,0.0,1.0,0.0
-0.3565522434013743,0.33326885686243624,0.1320331526329137,0.2096148610839151,-1.3876444110452364,0.0,0.0,1.0
0.2926696691533834,-0.13926228582038291,-0.20644673587334436,0.2395990098040259,0.39749389193537304,0.0,1.0,0.0
-0.506372684760169,0.1982599589530648,0.10428889947666305,-0.46003112699856585,1.8068136048148016,0.0,0.0,1.0
0.19278937491416806,1.2783311422280745,1.8244325951642042,-1.8692861168437862,-0.24452953282081105,0.0,1.0,0.0
-1.0557143030757397,-0.3417756326844592,-0.8279180065733592,0.7893084030060623,0.3035392444100778,0.0,1.0,0.0
1.141652170186515,0.06325106104369341,-0.28967949534209636,0.599408794445359,1.1961083959003824,0.0,1.0,0.0
0.8919514345885334,0.5357822037265125,0.09874004884541292,-0.6699201680393435,1.2900630434256777,0.0,1.0,0.0
-0.9558340088365244,-1.5568557138688788,-0.694745591423356,0.8692661329263589,0.8046306978783191,0.0,1.0,0.0
-1.005774155956132,-0.6792978774579069,-0.8112714546796088,1.5888857022090244,-0.4480979357922841,0.0,0.0,1.0
0.34260981627296266,0.06325106104369341,-1.5437197380046264,1.6588487158892837,-0.15057488529551583,0.0,1.0,0.0
-1.5551157742717028,-1.3543423670048025,0.03770269190166146,-0.8898039253201576,-1.5129172744122967,0.0,1.0,0.0
0.09290908067498112,-0.2067667347750878,-0.3118748978670969,0.3795250371645441,0.006016193913309572,1.0,0.0,0.0
-0.8559537145973374,-1.5568557138688788,-0.10656742451084199,0.13965184740365566,-1.5285763823331793,0.0,0.0,1.0
1.241532464425702,0.6032866526811791,-0.3451680016545977,-0.08023190987715847,0.569744079065081,0.0,1.0,0.0
0.4424901105121496,0.46827775477180766,-0.483889267435851,0.72934010556584,-1.2936897635199411,0.0,0.0,1.0
-0.6561931261189635,-0.2067667347750878,0.8755791372204315,-1.0197352364406391,-0.5263934753966968,1.0,0.0,0.0
-1.305415038673721,-1.219333469095431,-1.3439611152796216,1.2090864850876175,1.618904309764211,0.0,1.0,0.0
0.19278937491416806,-0.07175783686571639,5.680883783883046,-2.7188369972469335,-0.416779719950519,1.0,0.0,0.0
1.1915923173060943,0.7382955505905888,2.029740068520459,-1.9092649818039344,-0.47941615163404916,0.0,1.0,0.0
-0.7061332732385428,-0.27427118372975434,-0.7890760521546083,1.408980809888358,-0.9491893892605253,0.0,0.0,1.0
1.241532464425702,1.210826693273408,2.6845044430079747,-2.0891698741246008,-0.5263934753966968,0.0,0.0,1.0
0.34260981627296266,1.2783311422280745,-0.3007771966045966,-0.12021077483730715,-1.5442354902540618,0.0,1.0,0.0
0.5923105518709442,1.6158533870015224,-0.18980018397959397,-0.04025304491701052,-0.08793845361198566,0.0,0.0,1.0
-0.10685150780339275,-0.2067667347750878,-0.9499927204608621,0.7393348218058772,0.6323805107486111,1.0,0.0,0.0
-0.5563128318797765,-0.27427118372975434,0.27630326904541713,-0.5799677218790097,1.3996767988718555,0.0,1.0,0.0
-1.1555945973149266,-0.2067667347750878,0.28740097030791745,-0.23015265347771385,1.384017690950973,0.0,1.0,0.0
1.1915923173060943,0.670791101635884,-0.2952283459733465,0.039704685003285396,1.3213812592674428,0.0,1.0,0.0
-0.40649239052098196,-0.6117934285032021,0.36508487914541926,-0.5699730056389732,-0.009642914007572967,0.0,1.0,0.0
-0.05691136068381348,-0.47678453059383064,0.4483176386141713,-0.8898039253201576,1.384017690950973,0.0,1.0,0.0
-0.6062529789993558,-0.9493156732766498,-1.155300193817117,2.2785211227715787,-0.416779719950519,0.0,1.0,0.0
-0.5563128318797765,-0.8143067753672784,-0.051078918198340664,-0.17018435603749227,-1.3250079793617062,0.0,1.0,0.0
-1.205534744434506,-1.1518290201407262,-0.7169409939483565,0.6993559568457292,1.3057221513465602,0.0,1.0,0.0
-0.9558340088365244,-1.5568557138688788,-0.9056019154108611,1.6188698509291357,0.08431173351772227,1.0,0.0,0.0
1.041771875947328,0.8057999995452554,-0.650354786373355,1.0291815927669508,0.601062294906846,0.0,1.0,0.0
-0.15679165492300043,0.8057999995452554,0.11538660073916332,0.3895197534045813,0.28788013648919525,0.0,0.0,1.0
-0.6561931261189635,-0.27427118372975434,-0.6392570851108547,1.0391763090069879,-1.1840760080737633,0.0,0.0,1.0
-1.005774155956132,-0.6792978774579069,-0.5560243256421027,-0.15019492355741795,-1.1527577922319983,0.0,0.0,1.0
-0.9558340088365244,-0.9493156732766498,0.06544694505791213,0.27957787476417384,-1.6851674615420047,0.0,0.0,1.0
0.6921908461101312,0.1982599589530648,3.6832975566329984,-2.339037780125526,0.9612217770871444,0.0,1.0,0.0
-0.15679165492300043,0.13075550999835991,-0.4505961636483502,0.33954617220439615,-1.2467124397572935,0.0,1.0,0.0
0.2926696691533834,-0.004253387911011494,-0.7890760521546083,1.5189226885287654,-0.2758477486625761,0.0,0.0,1.0
0.3925499633925703,1.3458355911827795,-0.9166996166733613,1.0191868765269143,0.7263351582739064,0.0,1.0,0.0
0.4424901105121496,1.0083133464093317,0.9144210916391824,-0.8698144928400837,0.8046306978783191,0.0,0.0,1.0
0.7920711403493464,0.5357822037265125,-1.0887139862421154,0.9492238628466548,0.5071076473815508,0.0,0.0,1.0
0.34260981627296266,-0.27427118372975434,-0.6559036370046051,0.9792080115667656,0.8985853454036143,0.0,0.0,1.0
-1.405295332912908,-1.1518290201407262,-0.4783404168046009,0.5794193619652847,-0.04096112984933804,1.0,0.0,0.0
1.9406945241000388,2.020880080729675,-0.7557829483671075,0.8292872679662102,-1.5285763823331793,0.0,1.0,0.0
0.3925499633925703,0.5357822037265125,-0.2952283459733465,0.5694246457252482,0.601062294906846,0.0,1.0,0.0
0.7421309932297389,0.33326885686243624,0.9033233903766822,-1.1296771150810465,0.42881210777713813,0.0,1.0,0.0
0.8919514345885334,0.40077330581714116,6.285708502689311,-2.8187841596473038,0.2565619206474302,0.0,1.0,0.0
-0.8060135674777581,-0.3417756326844592,0.03215384127041133,-0.3400945321181213,0.14694816520125242,0.0,1.0,0.0
1.1915923173060943,1.2783311422280745,-0.9610904217233625,0.72934010556584,0.8516080216409667,1.0,0.0,0.0
1.2914726115453095,1.4133400401374843,-0.36736340417959823,-0.27013151843786254,1.1961083959003824,0.0,1.0,0.0
-0.7061332732385428,-1.1518290201407262,-0.650354786373355,0.039704685003285396,1.11781285629597,0.0,1.0,0.0
0.04296893355540185,0.8733044484999603,0.7590532739641787,-0.9697616552404539,0.6793578345112588,0.0,1.0,0.0
-2.204337686826432,-2.501917999234517,0.5370992487141734,-0.7298884654795651,-0.8082574179725824,0.0,1.0,0.0
-0.40649239052098196,-1.0168201222313547,1.563636615495448,-1.3895397373220089,-0.6046890150011095,0.0,1.0,0.0
0.7920711403493464,0.33326885686243624,0.3484383272516689,-0.7698673304397138,-1.6538492457002396,1.0,0.0,0.0
-0.6062529789993558,-1.2868379180500975,-0.37291225481084833,1.3490125124481358,-1.2467124397572935,0.0,1.0,0.0
-0.006971213564205815,-0.5442889795485355,0.5315503980829233,-0.7598726141996767,-1.6225310298584745,0.0,0.0,1.0
-0.9558340088365244,-0.8143067753672784,0.4927084436641723,-0.24014736971775102,-1.4972581664914142,0.0,0.0,1.0
1.241532464425702,1.3458355911827795,-0.8667599609921102,1.129128755167321,1.2900630434256777,0.0,1.0,0.0
0.5423704047513649,0.5357822037265125,1.025398104264185,-1.2496137099614908,-0.1035975615328682,0.0,1.0,0.0
-0.9558340088365244,-1.4893512649141738,0.5370992487141734,-0.3300998158780841,-0.8865529575769951,0.0,0.0,1.0
1.7908740827412726,1.5483489380468558,2.08522857483296,-1.769338954443416,0.13128905728036988,0.0,0.0,1.0
0.3925499633925703,1.2783311422280745,-0.6004151306921038,0.8492767004462846,-1.2936897635199411,1.0,0.0,0.0
0.6422506989905519,0.5357822037265125,-0.2508375409233454,-0.470025843238603,-0.8395756338143475,0.0,0.0,1.0
-0.9058938617169451,-0.8818112243219832,3.5889670959017463,-2.219101185245082,-1.1997351159946459,0.0,1.0,0.0
0.6422506989905519,0.7382955505905888,-0.1953490346108441,-0.09022662611719565,-1.6538492457002396,0.0,1.0,0.0
-0.45643253764056124,-0.9493156732766498,4.3824527361705155,-2.5389321049262668,-0.19755220905816342,0.0,0.0,1.0
0.14284922779458878,1.0083133464093317,0.0044095881141606634,0.1496465636436928,0.6793578345112588,0.0,0.0,1.0
-0.6062529789993558,-0.27427118372975434,1.946507309051707,-1.5994287783627865,1.0238582087706747,0.0,1.0,0.0
-0.006971213564205815,1.0083133464093317,-1.0554208824546147,0.8592714166863218,0.08431173351772227,0.0,1.0,0.0
0.24272952203377574,-0.47678453059383064,-0.3840099560733486,0.07968354996343335,1.7441771731312714,0.0,1.0,0.0
-0.40649239052098196,-0.9493156732766498,0.5093549955579227,-0.46003112699856585,-0.6829845546055221,0.0,0.0,1.0
1.4412930529040757,1.4808444890921508,1.0531423574204357,-1.6394076433229345,-0.18189310113728088,0.0,1.0,0.0
-0.3565522434013743,-1.0843245711860596,-0.3951076573358489,0.21960957732395228,-0.3854615041087539,0.0,0.0,1.0
-0.10685150780339275,-0.40928008163916413,0.5204526968204229,-1.2496137099614908,-1.231053331836411,0.0,1.0,0.0
1.241532464425702,0.13075550999835991,0.043251542532911594,-0.3101103833980105,-0.07227934569110313,0.0,1.0,0.0
0.8919514345885334,-0.3417756326844592,-0.07882317135459133,-0.04025304491701052,1.8694500364983317,0.0,1.0,0.0
-0.8559537145973374,-1.3543423670048025,7.473162537776839,-3.618361458850266,-0.7925983100516999,0.0,1.0,0.0
-0.15679165492300043,-0.27427118372975434,-0.9999323761421133,1.0691604577270994,0.8359489137200842,0.0,1.0,0.0
-0.15679165492300043,-0.5442889795485355,-1.316216862123371,1.5489068372488763,-0.32282507242522374,1.0,0.0,0.0
0.09290908067498112,1.0758177953640367,-0.6891967407921059,1.578890985968987,-0.40112061202963645,0.0,0.0,1.0
-0.5563128318797765,-0.2067667347750878,-0.733587545842107,0.8592714166863218,0.8359489137200842,1.0,0.0,0.0
1.5911134942628704,0.9408088974546268,-0.13986052829834278,0.11966241492358203,1.9164273602609794,0.0,1.0,0.0
-0.7061332732385428,-0.27427118372975434,0.9754584485829338,-1.1596612638011576,-0.2758477486625761,0.0,1.0,0.0
0.3925499633925703,0.46827775477180766,0.25965671715166677,-0.6599254517993064,0.5384258632233159,0.0,1.0,0.0
1.5411733471432911,0.8057999995452554,0.7756998258579291,-0.5199994244387881,-1.2936897635199411,0.0,1.0,0.0
-1.005774155956132,-0.7468023264126119,0.2152659121016657,-0.4400416945184915,0.7106760503530238,0.0,1.0,0.0
-1.4552354800324874,-1.2868379180500975,-0.5171823712233518,-0.3400945321181213,1.8694500364983317,0.0,1.0,0.0
0.3925499633925703,0.5357822037265125,-0.40620535859834916,0.5194510645250631,1.2587448275839126,1.0,0.0,0.0
0.3925499633925703,0.40077330581714116,-0.9943835255108632,0.8792608491663954,-0.26018864074169357,0.0,1.0,0.0
-0.9558340088365244,-1.2868379180500975,-0.46169386491085046,0.36953032092450766,-0.43243882787140153,0.0,0.0,1.0
0.24272952203377574,0.46827775477180766,0.6369785600766757,-1.1396718313210832,0.8359489137200842,1.0,0.0,0.0
-0.9058938617169451,-0.6792978774579069,0.39282913230166994,-0.8298356278799357,0.7419942661947889,0.0,1.0,0.0
1.2914726115453095,1.6158533870015224,-0.7835272015233582,0.15964127988372998,-1.058803144706703,0.0,1.0,0.0
-1.305415038673721,-0.8818112243219832,0.24855901588916648,-0.18017907227752872,0.7263351582739064,0.0,1.0,0.0
-1.405295332912908,-1.4218468159595072,1.5858320180204484,-1.5394604809225643,0.5384258632233159,0.0,1.0,0.0
-1.305415038673721,-1.0168201222313547,-0.2952283459733465,0.8592714166863218,-0.5107343674758142,0.0,1.0,0.0
0.7920711403493464,0.33326885686243624,-0.7890760521546083,0.9392291466066176,-0.056620237770220586,0.0,1.0,0.0
-0.40649239052098196,-0.8818112243219832,-0.13986052829834278,0.18962542860384077,1.384017690950973,0.0,1.0,0.0
0.2926696691533834,-0.3417756326844592,-0.3784611054420985,0.959218579086692,-1.231053331836411,0.0,1.0,0.0
1.740933935621665,1.2783311422280745,-0.2563863915545956,-0.1302054910773436,-1.465939950649649,0.0,1.0,0.0
0.09290908067498112,0.9408088974546268,-0.2452886902920953,0.3595356046844705,-0.19755220905816342,0.0,1.0,0.0
1.4412930529040757,1.6158533870015224,-0.5171823712233518,0.16963599612376715,1.384017690950973,0.0,1.0,0.0
1.6410536413824781,1.210826693273408,-0.5449266243796025,0.48946691580495155,-0.7299618783681697,0.0,0.0,1.0
-1.1555945973149266,-0.7468023264126119,-0.4505961636483502,0.10966769868354485,-1.465939950649649,0.0,1.0,0.0
-0.506372684760169,-0.6792978774579069,-0.38955880670459875,0.009720536283174605,-1.4815990585705316,0.0,1.0,0.0
-0.8060135674777581,-0.3417756326844592,-0.9056019154108611,1.0391763090069879,1.4779723384762682,0.0,1.0,0.0
0.34260981627296266,0.2657644079077313,-1.6935387050483799,1.1691076201274697,0.8202898057992016,0.0,1.0,0.0
1.6909937885020574,1.210826693273408,-1.238532953285869,1.089149890207173,-0.6046890150011095,0.0,0.0,1.0
-1.305415038673721,-1.1518290201407262,-0.41175420922959927,0.19962014484387794,-1.4815990585705316,0.0,1.0,0.0
0.2926696691533834,1.0083133464093317,-0.4450473130171001,0.6993559568457292,-0.6986436625264046,0.0,1.0,0.0
1.0917120230669073,0.670791101635884,1.6246739724391994,-1.6793865082830828,-0.589029907080227,0.0,1.0,0.0
-0.8060135674777581,-1.2868379180500975,-0.8001737534171085,0.39951446964461845,-0.24452953282081105,0.0,1.0,0.0
-0.5563128318797765,-0.9493156732766498,-0.6337082344796046,0.959218579086692,-1.1370986843111157,0.0,0.0,1.0
0.2926696691533834,0.13075550999835991,-1.2274352520233687,1.0991446064472101,-1.5598945981749444,0.0,1.0,0.0
0.7421309932297389,0.7382955505905888,-0.4450473130171001,0.5094563482850258,-0.16623399321639837,0.0,1.0,0.0
-0.6062529789993558,0.06325106104369341,-0.21199558650459452,0.8692661329263589,1.3213812592674428,0.0,0.0,1.0
0.2926696691533834,0.9408088974546268,-0.3951076573358489,0.039704685003285396,-0.823916525893465,0.0,0.0,1.0
-0.006971213564205815,-0.6117934285032021,-0.41175420922959927,0.05969411748335973,-1.5442354902540618,0.0,1.0,0.0
-0.30661209628179503,-0.5442889795485355,0.4538664892454214,-0.5499835731588989,-0.9335302813396428,0.0,1.0,0.0
1.7908740827412726,1.8858711828203034,0.8311883321704304,-0.6899096005194172,-1.434621734807884,0.0,0.0,1.0
1.3414127586648887,0.40077330581714116,0.8367371828016805,-1.329571439881787,-1.6225310298584745,0.0,1.0,0.0
1.6909937885020574,1.4808444890921508,0.4205733854579206,-0.43004697827845434,-0.8082574179725824,0.0,0.0,1.0
0.34260981627296266,0.06325106104369341,1.0087515523704347,-0.7698673304397138,0.976880885008027,0.0,1.0,0.0
-0.5563128318797765,-0.9493156732766498,-0.0011392625170894694,0.5394404970051366,-1.6225310298584745,0.0,1.0,0.0
0.04296893355540185,1.0083133464093317,-1.0887139862421154,0.6193982269254332,-1.2467124397572935,0.0,0.0,1.0
0.8919514345885334,-0.2067667347750878,0.3262429247266683,-0.9597669390004171,0.2565619206474302,0.0,1.0,0.0
-1.305415038673721,-1.0168201222313547,0.8478348840641808,-0.5699730056389732,-0.3854615041087539,0.0,1.0,0.0
-2.154397539706853,-2.501917999234517,0.9588118966891834,-1.1496665475611205,-1.0118258209440554,0.0,0.0,1.0
-0.15679165492300043,-0.27427118372975434,-0.028883515673340132,-0.09022662611719565,1.0708355325333223,0.0,0.0,1.0
0.09290908067498112,1.1433222443187032,0.07654464632041239,0.1296571311636185,-0.996166713023173,0.0,1.0,0.0
0.24272952203377574,-0.13926228582038291,2.2184009899829635,-1.8592914006037493,0.8829262374827318,0.0,1.0,0.0
0.3925499633925703,1.750862284910932,-0.9056019154108611,1.359007228688173,0.1782663810430175,0.0,1.0,0.0
0.8919514345885334,0.46827775477180766,-0.41175420922959927,-0.4200522620384179,-0.40112061202963645,0.0,0.0,1.0
-0.6062529789993558,0.13075550999835991,0.2319124639954161,-0.2501420859577882,-0.5107343674758142,0.0,0.0,1.0
0.19278937491416806,-0.13926228582038291,-1.0165789280358637,0.4394933346047664,0.44447121569802067,0.0,0.0,1.0
-1.005774155956132,-0.9493156732766498,0.48161074240167207,-0.6699201680393435,-0.9022120654978777,0.0,1.0,0.0
0.4424901105121496,0.6032866526811791,1.1641193700454384,-1.3595555886018982,-1.058803144706703,0.0,1.0,0.0
1.740933935621665,1.95337563177497,0.1819728083141649,0.46947748332487793,-0.36980239618787136,0.0,0.0,1.0
-0.6561931261189635,-1.0168201222313547,-0.38955880670459875,-0.01026889619689973,-0.6360072308428746,0.0,1.0,0.0
1.3913529057844964,1.5483489380468558,-1.1275559406608664,1.7488011620496169,1.24308571966303,1.0,0.0,0.0
-2.204337686826432,-2.569422448189222,-1.3994496215921228,1.478943823568617,-0.9178711734187602,0.0,1.0,0.0
-1.1555945973149266,-1.1518290201407262,-0.2841306447108462,0.09967298244350768,-0.1035975615328682,1.0,0.0,0.0
-1.105654450195319,-0.6117934285032021,-0.5948662800608536,0.2595884422841002,-1.4189626268870015,0.0,0.0,1.0
0.8919514345885334,-0.13926228582038291,0.03770269190166146,-0.020263612436936897,0.2095845968847826,0.0,0.0,1.0
1.3414127586648887,1.3458355911827795,1.6024785699141988,-1.5994287783627865,-0.6986436625264046,0.0,1.0,0.0
-1.605055921391282,-1.4218468159595072,-1.1220070900296162,1.6488539996492466,-1.606871921937592,0.0,1.0,0.0
-0.8060135674777581,-0.7468023264126119,-0.8223691559421091,0.8392819842062474,-0.11925666945375074,0.0,1.0,0.0
-0.05691136068381348,-0.13926228582038291,0.981007299214184,-1.1796506962812316,0.14694816520125242,0.0,1.0,0.0
-1.105654450195319,-1.759369060732955,2.0130935166267085,-1.5694446296426754,0.3348574602518429,0.0,0.0,1.0
1.0917120230669073,1.0083133464093317,-1.0720674343483652,1.2390706338077284,0.773312482036554,0.0,1.0,0.0
-0.9558340088365244,-1.4893512649141738,0.14313085389541397,-0.470025843238603,0.1782663810430175,0.0,1.0,0.0
-0.40649239052098196,-0.8818112243219832,-0.2619352421858457,-0.2201579372376774,-0.26018864074169357,0.0,1.0,0.0
0.9418915817081127,0.2657644079077313,-0.9222484673046115,0.7993031192460994,-0.5420525833175793,0.0,0.0,1.0
0.2926696691533834,-0.004253387911011494,-0.3118748978670969,0.39951446964461845,-0.16623399321639837,1.0,0.0,0.0
-0.05691136068381348,-0.3417756326844592,-1.0554208824546147,1.129128755167321,1.0708355325333223,0.0,1.0,0.0
-0.506372684760169,-0.8818112243219832,-0.1787024827170937,-0.2501420859577882,0.4131529998562556,0.0,1.0,0.0
-1.2554748915541136,-1.0843245711860596,0.35953602851416916,-0.1901737885175659,-0.025302021928455508,0.0,1.0,0.0
-0.6062529789993558,-1.0843245711860596,0.35953602851416916,-1.0497193851607503,-1.465939950649649,0.0,0.0,1.0
-0.5563128318797765,0.06325106104369341,-0.40620535859834916,0.33954617220439615,-0.9022120654978777,0.0,1.0,0.0
-0.40649239052098196,-1.0168201222313547,-0.2841306447108462,0.02970996876324823,0.6323805107486111,0.0,1.0,0.0
-0.8559537145973374,-0.5442889795485355,1.3527802915079428,-1.1696559800411945,0.3505165681727254,0.0,0.0,1.0
-1.005774155956132,-1.6243601628235453,0.858932585326681,-1.0896982501208983,0.9612217770871444,0.0,1.0,0.0
0.6422506989905519,0.2657644079077313,-0.006688113148339602,-0.1601896397974551,-0.6673254466846396,1.0,0.0,0.0
0.4924302576317573,0.2657644079077313,-0.3507168522858478,0.3595356046844705,1.0238582087706747,0.0,1.0,0.0
0.4424901105121496,0.6032866526811791,-0.23419098902959504,0.3195567397243225,-0.7143027704472872,0.0,1.0,0.0
0.7421309932297389,0.46827775477180766,-0.43949846238584994,-0.14020020731738078,-1.465939950649649,0.0,0.0,1.0
-0.45643253764056124,0.33326885686243624,-0.8334668572046093,2.138595095411061,-0.6829845546055221,0.0,1.0,0.0
-1.3553551857933004,-1.1518290201407262,-0.7169409939483565,0.8092978354861367,-1.3250079793617062,0.0,1.0,0.0
-0.7061332732385428,-0.6117934285032021,0.2652055677829169,-0.27013151843786254,1.4936314463971507,0.0,0.0,1.0
1.5911134942628704,1.6158533870015224,0.686918215757927,-0.6299413030791948,-0.5733707991593444,0.0,1.0,0.0
-0.8559537145973374,-0.6117934285032021,-0.567122026904603,-0.20016850475760306,-0.2288704248999285,0.0,1.0,0.0
0.7920711403493464,0.40077330581714116,1.563636615495448,-1.3795450210819722,0.9925399929289095,1.0,0.0,0.0
2.040574818339254,2.2233934275937512,-0.5615731762733529,0.5494352132451739,1.2587448275839126,0.0,1.0,0.0
-0.05691136068381348,-0.004253387911011494,-0.5116335205921017,0.5894140782053218,0.8516080216409667,0.0,1.0,0.0
0.24272952203377574,1.3458355911827795,-0.33961915102334755,-0.10022134235723282,0.7106760503530238,0.0,1.0,0.0
-0.9558340088365244,-0.9493156732766498,-0.6891967407921059,0.6293929431654698,-1.262371547678176,0.0,0.0,1.0
0.4424901105121496,0.5357822037265125,0.3317917753579185,-0.6999043167594543,-1.575553706095827,0.0,0.0,1.0
0.24272952203377574,-0.13926228582038291,-0.36736340417959823,0.22960429356398873,0.2095845968847826,0.0,0.0,1.0
1.2914726115453095,1.1433222443187032,-0.6059639813233539,1.1691076201274697,-1.1840760080737633,0.0,0.0,1.0
0.09290908067498112,1.210826693273408,1.4360130509766948,-1.6793865082830828,1.6032452018433285,0.0,1.0,0.0
1.241532464425702,1.3458355911827795,-0.46169386491085046,0.6293929431654698,1.5719269860015634,0.0,1.0,0.0
0.5423704047513649,1.5483489380468558,-0.4173030598608494,-0.470025843238603,-0.6673254466846396,0.0,1.0,0.0
0.24272952203377574,-0.3417756326844592,-1.2163375507608685,0.9892027278068027,-0.7612800942099348,0.0,0.0,1.0
1.1915923173060943,1.210826693273408,-0.0011392625170894694,-0.01026889619689973,-0.1035975615328682,0.0,0.0,1.0
0.6921908461101312,0.6032866526811791,-0.2785817940795961,-0.11021605859726998,1.11781285629597,0.0,0.0,1.0
-0.7061332732385428,-0.3417756326844592,0.8200906309079301,-1.0697088176408243,-0.9491893892605253,0.0,1.0,0.0
-1.305415038673721,-0.8818112243219832,-0.3951076573358489,0.6593770918855812,-0.21321131697904597,0.0,1.0,0.0
-0.8060135674777581,-0.7468023264126119,0.9255187929016827,-1.0497193851607503,-0.009642914007572967,0.0,1.0,0.0
-1.205534744434506,-0.9493156732766498,-0.5282800724858521,0.8192925517261738,-0.9648484971814079,0.0,0.0,1.0
-0.006971213564205815,0.9408088974546268,-0.40620535859834916,-0.10022134235723282,0.27222102856831276,0.0,0.0,1.0
1.2914726115453095,0.2657644079077313,0.6092343069204251,-0.9897510877205279,-0.7143027704472872,1.0,0.0,0.0
1.2914726115453095,1.5483489380468558,-0.4727915661733507,1.478943823568617,2.2765868424412776,0.0,0.0,1.0
-0.40649239052098196,-0.6792978774579069,-0.7280386952108568,0.7193453893258035,-1.6851674615420047,0.0,1.0,0.0
-0.8559537145973374,-1.0843245711860596,-0.27303294344834594,0.16963599612376715,0.976880885008027,0.0,1.0,0.0
0.5923105518709442,1.6158533870015224,-0.6170616825858541,-0.3400945321181213,-0.13491577737463328,0.0,0.0,1.0
-0.45643253764056124,-1.1518290201407262,-0.18425133334834384,-0.20016850475760306,0.27222102856831276,0.0,0.0,1.0
-1.2554748915541136,-1.0168201222313547,-0.23973983966084517,0.21960957732395228,-1.3406670872825888,0.0,0.0,1.0
-1.3553551857933004,-0.9493156732766498,-0.46169386491085046,0.289572591004211,0.2252437048056651,0.0,0.0,1.0
0.19278937491416806,-0.27427118372975434,-0.6836478901608558,0.329551455964359,-0.651666338763757,1.0,0.0,0.0
-0.8060135674777581,-0.3417756326844592,0.8478348840641808,-1.1696559800411945,0.44447121569802067,0.0,1.0,0.0
0.6422506989905519,0.2657644079077313,-0.5504754750108526,0.1496465636436928,1.3996767988718555,0.0,1.0,0.0
-2.104457392587245,-2.3669091013251458,-1.0054812267733635,0.919239714126544,-0.6986436625264046,0.0,1.0,0.0
-0.9558340088365244,-0.6117934285032021,0.1819728083141649,-0.2501420859577882,0.28788013648919525,0.0,0.0,1.0
1.241532464425702,0.9408088974546268,0.4982572942954225,-0.8298356278799357,1.8381318206565667,0.0,0.0,1.0
1.0917120230669073,1.1433222443187032,-0.7002944420546061,0.649382375645544,0.6167214028277286,1.0,0.0,0.0
-1.0557143030757397,-0.13926228582038291,0.8533837346954309,-1.0097405202006022,-1.1370986843111157,0.0,0.0,1.0
1.141652170186515,1.210826693273408,1.8854699521079556,-1.6993759407631568,0.2565619206474302,0.0,0.0,1.0
0.4924302576317573,1.0758177953640367,-0.4339496117545998,0.05969411748335973,0.7263351582739064,0.0,1.0,0.0
-2.354158128185227,-2.9069446929626697,-0.35626570291709797,1.0991446064472101,1.24308571966303,0.0,1.0,0.0
0.04296893355540185,0.06325106104369341,-1.2940214595983703,2.468420731332283,-0.7925983100516999,0.0,1.0,0.0
-1.4552354800324874,-1.219333469095431,-0.777978350892108,0.2595884422841002,1.3526994751092078,0.0,1.0,0.0
-0.15679165492300043,0.7382955505905888,0.19307050957666516,-0.3600839645981956,0.42881210777713813,0.0,1.0,0.0
0.14284922779458878,-0.07175783686571639,0.0044095881141606634,-0.01026889619689973,1.4936314463971507,0.0,1.0,0.0
-0.6062529789993558,-0.27427118372975434,-0.8612111103608601,0.8192925517261738,-1.0744622526275855,0.0,0.0,1.0
-1.605055921391282,-1.4218468159595072,-1.488231231692125,2.138595095411061,0.27222102856831276,0.0,1.0,0.0
0.24272952203377574,-0.2067667347750878,0.22636361336416597,0.27957787476417384,1.384017690950973,0.0,1.0,0.0
-1.205534744434506,-0.9493156732766498,0.2541078665204166,0.19962014484387794,-0.2758477486625761,0.0,0.0,1.0
1.0917120230669073,1.0083133464093317,-0.7002944420546061,0.3495408884444333,-0.3854615041087539,0.0,1.0,0.0
-0.506372684760169,0.40077330581714116,0.2652055677829169,-0.5799677218790097,0.5227667553024333,0.0,0.0,1.0
0.19278937491416806,0.33326885686243624,4.909593546139278,-2.548926821166304,-1.4972581664914142,0.0,1.0,0.0
-1.005774155956132,-1.3543423670048025,-0.3340703003920974,1.0691604577270994,-0.589029907080227,1.0,0.0,0.0
-0.40649239052098196,-1.0843245711860596,-0.7946249027858584,0.8492767004462846,-1.606871921937592,0.0,0.0,1.0
-1.405295332912908,-1.0168201222313547,-0.2508375409233454,-0.04025304491701052,1.149131072137735,0.0,1.0,0.0
-1.4552354800324874,-1.1518290201407262,-0.23973983966084517,0.5794193619652847,1.2900630434256777,0.0,1.0,0.0
0.34260981627296266,0.1982599589530648,0.29294982093916755,-0.40006282955834355,-1.465939950649649,0.0,1.0,0.0
0.5923105518709442,0.5357822037265125,-0.3340703003920974,0.11966241492358203,0.7419942661947889,0.0,1.0,0.0
-0.5563128318797765,-0.27427118372975434,0.33734062598916864,-0.6499307355592692,1.0551764246124398,1.0,0.0,0.0
-0.3565522434013743,-0.8818112243219832,-0.8279180065733592,0.9292344303665805,1.6815407414477412,0.0,0.0,1.0
0.14284922779458878,-0.27427118372975434,0.4705130411391718,-0.7398831817196023,1.0551764246124398,0.0,1.0,0.0
-0.7560734203581504,-0.27427118372975434,1.7855906407454532,-1.309582007401713,0.3505165681727254,0.0,1.0,0.0
1.8408142298608519,2.08838452968438,-1.022127778667114,0.9092449978865069,1.2587448275839126,0.0,1.0,0.0
-0.006971213564205815,-0.3417756326844592,1.8854699521079556,-1.759344238203379,-0.4480979357922841,0.0,0.0,1.0
0.6921908461101312,0.2657644079077313,0.10983775010791318,-0.40006282955834355,1.384017690950973,0.0,1.0,0.0
0.9418915817081127,0.5357822037265125,-0.7724295002608579,1.8187641757298763,-0.4480979357922841,0.0,1.0,0.0
1.9406945241000388,2.1558889786390463,0.2818521196766673,-0.8098461953998617,-1.606871921937592,0.0,1.0,0.0
0.19278937491416806,-0.47678453059383064,-0.7113921433171064,0.15964127988372998,0.8202898057992016,0.0,0.0,1.0
-0.15679165492300043,-0.5442889795485355,0.4483176386141713,-0.9997458039605651,0.9455626691662619,0.0,1.0,0.0
-0.6561931261189635,-0.13926228582038291,-0.7613317989983577,1.4289702423684318,0.31919835233096033,0.0,1.0,0.0
-0.006971213564205815,0.8733044484999603,-0.2563863915545956,0.13965184740365566,-1.2467124397572935,0.0,1.0,0.0
1.0917120230669073,0.9408088974546268,0.48161074240167207,-0.8398303441199725,-0.7143027704472872,0.0,0.0,1.0
-1.0557143030757397,-1.8268735096876216,-0.6614524876358553,0.7793136867660251,0.9925399929289095,0.0,0.0,1.0
-1.105654450195319,-1.0843245711860596,0.8089929296454299,-1.1596612638011576,1.11781285629597,0.0,1.0,0.0
-0.45643253764056124,0.5357822037265125,-0.12321397640459239,-0.1601896397974551,1.211767503821265,0.0,0.0,1.0
0.5923105518709442,0.6032866526811791,-0.6392570851108547,0.5194510645250631,-0.620348122921992,0.0,0.0,1.0
0.24272952203377574,1.0758177953640367,-0.07882317135459133,-0.24014736971775102,1.3057221513465602,0.0,1.0,0.0
-0.6062529789993558,-0.2067667347750878,0.27630326904541713,-0.470025843238603,0.6480396186694937,0.0,0.0,1.0
-1.505175627152095,-1.2868379180500975,-0.2785817940795961,0.4095091858846556,-0.18189310113728088,0.0,1.0,0.0
-0.5563128318797765,0.13075550999835991,-0.26748409281709584,0.5094563482850258,-0.1035975615328682,0.0,1.0,0.0
1.8907543769804596,2.1558889786390463,-0.8889553635171107,1.0191868765269143,1.1021537483750874,1.0,0.0,0.0
-1.005774155956132,-1.6243601628235453,0.6369785600766757,-1.1096876826009725,0.24090281272654765,0.0,1.0,0.0
0.09290908067498112,1.1433222443187032,0.5592946512391739,-0.9197880740402689,1.3057221513465602,0.0,1.0,0.0
-0.006971213564205815,-0.40928008163916413,-0.43949846238584994,0.3495408884444333,-0.08793845361198566,0.0,1.0,0.0
0.14284922779458878,1.1433222443187032,-0.5948662800608536,0.7693189705259886,-0.7299618783681697,1.0,0.0,0.0
0.24272952203377574,1.2783311422280745,-0.9388950191983618,0.4794721995649144,-1.3719853031243538,0.0,0.0,1.0
0.2926696691533834,-0.27427118372975434,-1.3828030696983724,1.7388064458095798,0.1782663810430175,0.0,1.0,0.0
1.141652170186515,0.46827775477180766,-0.22309328776709478,-0.2201579372376774,0.4601303236189032,0.0,1.0,0.0
0.7421309932297389,0.40077330581714116,-0.27303294344834594,0.8092978354861367,-0.416779719950519,0.0,1.0,0.0
0.34260981627296266,0.46827775477180766,-0.1787024827170937,0.6094035106853961,1.587586093922446,0.0,1.0,0.0
-0.8559537145973374,-0.7468023264126119,-0.8279180065733592,0.9692132953267292,-1.3250079793617062,0.0,0.0,1.0
-1.4552354800324874,-1.219333469095431,-1.066518583717115,1.079155173967136,-0.9178711734187602,0.0,1.0,0.0
0.9418915817081127,0.670791101635884,-0.6059639813233539,0.9792080115667656,1.0395173166915572,1.0,0.0,0.0
-0.506372684760169,-0.004253387911011494,0.23746131462666623,-0.8098461953998617,-0.8865529575769951,0.0,1.0,0.0
1.7908740827412726,1.2783311422280745,0.026604990639161195,-0.29012095091793616,-0.3071659645043412,1.0,0.0,0.0
0.24272952203377574,1.0083133464093317,0.6758205144954267,-0.4100575457983807,0.03733440975507465,0.0,1.0,0.0
1.4412930529040757,1.6158533870015224,0.05989809442666199,-0.3101103833980105,1.3526994751092078,0.0,1.0,0.0
0.9418915817081127,0.670791101635884,-1.1275559406608664,2.3584788526918756,0.05299351767595719,1.0,0.0,0.0
-0.45643253764056124,0.06325106104369341,1.9687027115767075,-1.9892227117242305,-0.025302021928455508,0.0,1.0,0.0
-1.305415038673721,-1.2868379180500975,1.1641193700454384,-1.4095291698020833,-1.5598945981749444,0.0,1.0,0.0
-1.3553551857933004,-1.2868379180500975,-0.3951076573358489,0.9792080115667656,-1.6851674615420047,0.0,1.0,0.0
-0.5563128318797765,-0.13926228582038291,-0.028883515673340132,0.2096148610839151,-1.3250079793617062,0.0,1.0,0.0
0.5923105518709442,-0.004253387911011494,-0.522731221854602,0.559429929485211,-1.403303518966119,0.0,0.0,1.0
0.34260981627296266,1.5483489380468558,-0.5171823712233518,0.5394404970051366,-0.3384841803461063,1.0,0.0,0.0
0.09290908067498112,1.0758177953640367,-1.0165789280358637,1.3490125124481358,0.3818347840144905,0.0,1.0,0.0
-0.006971213564205815,0.9408088974546268,0.5260015474516732,-0.8098461953998617,-1.6851674615420047,0.0,1.0,0.0
0.34260981627296266,0.6032866526811791,0.6147831575516752,-1.0597141014007874,-0.08793845361198566,0.0,1.0,0.0
0.34260981627296266,1.210826693273408,0.13758200326416384,-0.3201050996380477,-1.5129172744122967,0.0,1.0,0.0
-1.3553551857933004,-0.9493156732766498,-0.18980018397959397,-0.6499307355592692,-1.465939950649649,0.0,1.0,0.0
-0.006971213564205815,-0.6117934285032021,-0.6004151306921038,0.5394404970051366,-0.2758477486625761,0.0,1.0,0.0
-0.7061332732385428,-0.40928008163916413,0.8811279878516816,-0.67991488427938,0.6167214028277286,0.0,1.0,0.0
0.14284922779458878,0.13075550999835991,-0.611512831954604,0.46947748332487793,1.4936314463971507,0.0,0.0,1.0
1.1915923173060943,0.46827775477180766,-0.983285824248363,1.478943823568617,0.7419942661947889,0.0,1.0,0.0
-1.305415038673721,-1.1518290201407262,-0.02333466504209,-0.5399888569188618,-0.8865529575769951,0.0,0.0,1.0
-0.006971213564205815,0.33326885686243624,0.10428889947666305,-0.3300998158780841,0.4601303236189032,1.0,0.0,0.0
0.6921908461101312,0.5357822037265125,-1.410547322854623,2.2585316902915054,1.1804492879795,0.0,1.0,0.0
-0.40649239052098196,0.40077330581714116,-0.5837685787983534,0.8392819842062474,0.7106760503530238,1.0,0.0,0.0
0.4924302576317573,0.6032866526811791,-0.2619352421858457,-0.3300998158780841,1.4309950147136206,0.0,1.0,0.0
0.8919514345885334,0.13075550999835991,-0.567122026904603,0.22960429356398873,-1.6851674615420047,0.0,0.0,1.0
-0.506372684760169,0.2657644079077313,0.3706337297766694,-0.8898039253201576,0.4131529998562556,0.0,1.0,0.0
1.141652170186515,0.8057999995452554,1.6801624787517007,-1.6094234946028239,0.05299351767595719,0.0,0.0,1.0
-1.005774155956132,-1.6243601628235453,-0.37291225481084833,0.6693718081256184,0.13128905728036988,0.0,0.0,1.0
-1.7548763627500765,-1.6243601628235453,0.3761825804079195,-0.6499307355592692,-0.056620237770220586,0.0,1.0,0.0
-0.006971213564205815,-0.3417756326844592,1.0864354612079365,-1.1096876826009725,-0.40112061202963645,1.0,0.0,0.0
0.6422506989905519,0.2657644079077313,-0.1953490346108441,0.7193453893258035,1.3370403671883253,0.0,1.0,0.0
0.19278937491416806,-0.3417756326844592,-0.07882317135459133,1.129128755167321,-1.6225310298584745,0.0,1.0,0.0
0.2926696691533834,0.40077330581714116,3.2615849086579884,-2.1291487390847488,-0.8552347417352301,0.0,1.0,0.0
-0.10685150780339275,-0.27427118372975434,0.3262429247266683,-0.8997986415601948,0.4914485394606683,0.0,1.0,0.0
-1.005774155956132,-1.2868379180500975,0.07099579568916226,-0.3400945321181213,1.2900630434256777,0.0,0.0,1.0
0.34260981627296266,-0.47678453059383064,-0.6337082344796046,0.5294457807650995,-0.11925666945375074,0.0,1.0,0.0
1.7908740827412726,1.3458355911827795,-0.8223691559421091,1.0291815927669508,-0.1035975615328682,0.0,1.0,0.0
-0.8559537145973374,-0.6117934285032021,-0.6059639813233539,0.08967826620347052,0.8516080216409667,1.0,0.0,0.0
-0.8559537145973374,-1.5568557138688788,0.20416821083916545,-0.6199465868391584,0.9925399929289095,0.0,1.0,0.0
0.4924302576317573,1.4133400401374843,0.2541078665204166,-0.7698673304397138,-0.9022120654978777,0.0,1.0,0.0
-1.1555945973149266,-0.8143067753672784,-0.38955880670459875,0.36953032092450766,-0.18189310113728088,1.0,0.0,0.0
0.09290908067498112,-0.3417756326844592,-0.2452886902920953,-0.7398831817196023,-0.9178711734187602,0.0,1.0,0.0
-1.005774155956132,-1.5568557138688788,-0.2619352421858457,-0.1302054910773436,1.4779723384762682,0.0,1.0,0.0
0.34260981627296266,0.40077330581714116,-0.733587545842107,0.04969940124332256,-0.32282507242522374,0.0,1.0,0.0
0.8919514345885334,0.46827775477180766,0.5814900537641744,-0.6599254517993064,-0.620348122921992,0.0,1.0,0.0
-1.4552354800324874,-1.0168201222313547,-0.13431167766709265,0.2096148610839151,-0.416779719950519,0.0,0.0,1.0
1.4412930529040757,1.6158533870015224,2.1296193798829615,-1.6094234946028239,2.1356548711533345,0.0,1.0,0.0
-0.9058938617169451,-1.1518290201407262,0.8256394815391803,-0.7998514791598246,1.4779723384762682,0.0,1.0,0.0
0.24272952203377574,0.13075550999835991,1.2473521295141903,-1.4095291698020833,-1.262371547678176,0.0,1.0,0.0
-0.6062529789993558,-0.13926228582038291,0.1320331526329137,-0.12021077483730715,-0.6673254466846396,1.0,0.0,0.0
-0.6062529789993558,-1.0168201222313547,1.0919843118391865,-1.0996929663609354,-1.1997351159946459,0.0,1.0,0.0
-1.005774155956132,-0.8818112243219832,0.44276878798292113,0.009720536283174605,-0.9805076051022904,0.0,1.0,0.0
1.0917120230669073,0.8057999995452554,0.686918215757927,-1.0397246689207131,0.11562994935948734,0.0,0.0,1.0
1.0917120230669073,1.0083133464093317,-0.2785817940795961,-0.17018435603749227,-1.1370986843111157,0.0,1.0,0.0
0.24272952203377574,-0.13926228582038291,-0.9388950191983618,1.5888857022090244,0.5540849711441984,0.0,0.0,1.0
0.24272952203377574,-0.13926228582038291,0.05989809442666199,-0.26013680219782537,0.6323805107486111,0.0,1.0,0.0
-0.7061332732385428,-0.6792978774579069,-0.32297259912959714,0.07968354996343335,-1.5912128140167094,0.0,0.0,1.0
-0.6561931261189635,-0.07175783686571639,0.43167108672042087,-0.6999043167594543,1.4936314463971507,0.0,1.0,0.0
1.1915923173060943,0.6032866526811791,-0.5282800724858521,0.0696888337233969,1.0395173166915572,1.0,0.0,0.0
0.2926696691533834,0.1982599589530648,-0.694745591423356,1.0591657414870623,-1.2936897635199411,0.0,1.0,0.0
1.1915923173060943,0.6032866526811791,0.11538660073916332,-0.8198409116398986,1.0081991008497921,0.0,1.0,0.0
-0.6561931261189635,0.06325106104369341,0.7590532739641787,-0.6499307355592692,-0.589029907080227,0.0,1.0,0.0
1.241532464425702,0.33326885686243624,-0.06772547009209105,-0.12021077483730715,0.44447121569802067,0.0,0.0,1.0
0.9418915817081127,0.5357822037265125,2.035288919151709,-1.8293072518836382,-0.7143027704472872,0.0,1.0,0.0
2.0905149654588335,2.560915672367199,-0.32297259912959714,0.48946691580495155,0.44447121569802067,0.0,0.0,1.0
0.9418915817081127,0.40077330581714116,-0.4284007611233497,-0.12021077483730715,-1.3406670872825888,0.0,1.0,0.0
1.0917120230669073,1.1433222443187032,-0.8112714546796088,0.24959372604406307,-0.8552347417352301,0.0,0.0,1.0
-0.45643253764056124,0.40077330581714116,-0.5005358193296015,0.3195567397243225,-0.43243882787140153,0.0,0.0,1.0
1.4912332000236834,0.8057999995452554,-0.9888346748796131,0.7593242542859515,-0.025302021928455508,0.0,1.0,0.0
0.6422506989905519,0.5357822037265125,-0.8778576622546104,0.7893084030060623,-1.1684169001528808,0.0,1.0,0.0
-0.20673180204257968,0.670791101635884,0.9699095979516837,-0.9797563714804911,0.31919835233096033,1.0,0.0,0.0
-0.10685150780339275,0.7382955505905888,-0.483889267435851,0.42949861836472925,0.9299035612453793,0.0,0.0,1.0
0.14284922779458878,-0.47678453059383064,0.4039268335641702,-0.40006282955834355,0.7889715899574365,0.0,1.0,0.0
-0.7061332732385428,-0.27427118372975434,-0.8501134090983598,0.8592714166863218,-1.2936897635199411,0.0,1.0,0.0
1.8408142298608519,2.08838452968438,3.278231460551739,-2.189117036524971,1.211767503821265,0.0,0.0,1.0
1.4412930529040757,1.6158533870015224,0.6647228132329265,-0.6899096005194172,0.6950169424321413,0.0,0.0,1.0
-0.40649239052098196,0.33326885686243624,-0.8223691559421091,0.5794193619652847,-1.090121360548468,0.0,1.0,0.0
0.4424901105121496,0.33326885686243624,0.4261222360891707,-0.6499307355592692,-1.2936897635199411,0.0,1.0,0.0
-0.9558340088365244,-0.7468023264126119,-1.0443231811921143,1.2390706338077284,-0.08793845361198566,0.0,1.0,0.0
0.9418915817081127,0.670791101635884,-0.4672427155421006,0.599408794445359,-1.231053331836411,0.0,1.0,0.0
1.141652170186515,1.1433222443187032,-0.9499927204608621,1.359007228688173,0.8985853454036143,0.0,0.0,1.0
-0.006971213564205815,0.9408088974546268,0.35953602851416916,-0.1302054910773436,1.211767503821265,0.0,1.0,0.0
-1.105654450195319,-1.4218468159595072,1.0364958055266853,-1.2696031424415646,-1.1370986843111157,0.0,0.0,1.0
0.4424901105121496,1.4133400401374843,-0.9999323761421133,1.1691076201274697,0.601062294906846,0.0,1.0,0.0
-0.6062529789993558,-0.6117934285032021,-0.983285824248363,0.5394404970051366,0.08431173351772227,0.0,1.0,0.0
-0.5563128318797765,-0.27427118372975434,-0.5837685787983534,0.3795250371645441,1.1334719642168525,0.0,0.0,1.0
-0.9558340088365244,-1.2868379180500975,-0.7169409939483565,0.5794193619652847,-0.5733707991593444,0.0,1.0,0.0
1.041771875947328,0.8733044484999603,-0.15650708019209317,0.49946163204498867,1.5092905543180333,0.0,0.0,1.0
0.2926696691533834,-0.27427118372975434,1.0364958055266853,-0.9997458039605651,0.6167214028277286,0.0,1.0,0.0
0.09290908067498112,1.0758177953640367,-0.16205593082334332,0.7493295380459143,0.601062294906846,0.0,0.0,1.0
0.8919514345885334,-0.004253387911011494,-0.8112714546796088,0.48946691580495155,1.5719269860015634,0.0,1.0,0.0
0.19278937491416806,0.8057999995452554,-0.9610904217233625,1.6088751346890986,1.0864946404542049,0.0,0.0,1.0
-1.4552354800324874,-1.0843245711860596,0.24301016525791636,-0.8098461953998617,-1.6538492457002396,0.0,1.0,0.0
0.09290908067498112,-0.07175783686571639,0.1486797045266641,-0.3600839645981956,0.976880885008027,0.0,1.0,0.0
-0.9058938617169451,-0.6792978774579069,5.048314811920531,-2.6188898348465632,-0.9805076051022904,0.0,1.0,0.0
-1.3553551857933004,-1.0168201222313547,-0.23419098902959504,0.7493295380459143,-1.262371547678176,0.0,1.0,0.0
-1.3553551857933004,-0.7468023264126119,1.441561901607945,-1.5494551971626014,0.4601303236189032,0.0,0.0,1.0
-1.305415038673721,-1.2868379180500975,0.4483176386141713,-0.8798092090801208,0.5540849711441984,0.0,0.0,1.0
-1.005774155956132,-0.8143067753672784,-0.7113921433171064,1.3789966611682467,-0.5420525833175793,1.0,0.0,0.0
-1.405295332912908,-1.1518290201407262,-1.1830444469733676,1.718817013329506,-0.11925666945375074,0.0,0.0,1.0
0.9918317288277203,0.33326885686243624,0.18752165894541503,-0.7898567629197875,0.5540849711441984,0.0,0.0,1.0
-0.05691136068381348,0.9408088974546268,-0.23419098902959504,-0.30011566715797333,0.8516080216409667,1.0,0.0,0.0
1.5911134942628704,0.8057999995452554,-0.5560243256421027,0.3895197534045813,-1.2153942239155284,0.0,1.0,0.0
-2.104457392587245,-2.299404652370441,-0.17315363208584358,0.649382375645544,-0.13491577737463328,0.0,1.0,0.0
-1.3553551857933004,-0.9493156732766498,-0.22309328776709478,-0.24014736971775102,0.6167214028277286,1.0,0.0,0.0
0.19278937491416806,1.210826693273408,-0.983285824248363,0.7593242542859515,1.2587448275839126,0.0,0.0,1.0
0.8919514345885334,0.13075550999835991,-0.45614501427960036,0.039704685003285396,1.6502225256059762,0.0,1.0,0.0
1.7908740827412726,1.210826693273408,1.0919843118391865,-0.7098990329994915,-0.13491577737463328,0.0,1.0,0.0
1.2914726115453095,1.4808444890921508,-0.10656742451084199,0.2995673072442482,1.5719269860015634,0.0,1.0,0.0
-1.8547566569892635,-1.8943779586423264,-1.404998472223373,1.1091393226872475,1.0864946404542049,0.0,0.0,1.0
-0.8559537145973374,-0.5442889795485355,-0.2952283459733465,0.2395990098040259,-1.434621734807884,1.0,0.0,0.0
-0.9558340088365244,-1.1518290201407262,0.7812486764891792,-0.6299413030791948,1.211767503821265,0.0,0.0,1.0
-0.45643253764056124,0.1982599589530648,1.0420446561579355,-1.1296771150810465,-1.0118258209440554,0.0,1.0,0.0
-1.5551157742717028,-1.5568557138688788,-0.6392570851108547,0.329551455964359,0.19392548896390005,0.0,1.0,0.0
0.14284922779458878,0.1982599589530648,0.4982572942954225,-0.5899624381190469,-0.8708938496561126,0.0,1.0,0.0
1.9406945241000388,1.8183667338655987,-0.06217661946084093,-0.1601896397974551,1.0864946404542049,0.0,1.0,0.0
-1.2554748915541136,-0.9493156732766498,-1.1774955963421176,1.2090864850876175,-1.3093488714408237,0.0,0.0,1.0
-0.05691136068381348,-0.3417756326844592,1.3305848889829424,-1.3895397373220089,0.9612217770871444,0.0,1.0,0.0
-1.6549960685108898,-1.6243601628235453,-0.3618145535483481,0.16963599612376715,0.6323805107486111,0.0,1.0,0.0
-0.40649239052098196,-1.0843245711860596,-0.3507168522858478,-0.7298884654795651,-0.1035975615328682,0.0,0.0,1.0
-0.30661209628179503,-0.8818112243219832,-0.5171823712233518,2.288515839011616,0.4131529998562556,0.0,1.0,0.0
1.1915923173060943,0.06325106104369341,0.09319119821416279,-0.7098990329994915,0.3818347840144905,0.0,1.0,0.0
1.1915923173060943,1.3458355911827795,-0.45614501427960036,0.33954617220439615,-1.3250079793617062,1.0,0.0,0.0
-0.45643253764056124,-1.1518290201407262,-0.10101857387959186,-0.35008924835815847,-1.058803144706703,1.0,0.0,0.0
1.0917120230669073,1.0083133464093317,0.02105614000791106,-0.15019492355741795,-1.1057804684693506,0.0,1.0,0.0
0.34260981627296266,-0.3417756326844592,-0.5560243256421027,0.3795250371645441,-1.0431440367858205,0.0,0.0,1.0
0.2926696691533834,1.1433222443187032,1.0808866105766863,-1.0097405202006022,-0.5577116912384619,0.0,1.0,0.0
1.4412930529040757,1.4808444890921508,-0.16205593082334332,0.13965184740365566,-0.21321131697904597,0.0,1.0,0.0
0.5423704047513649,0.8057999995452554,0.08764234758291266,-0.470025843238603,1.0081991008497921,0.0,1.0,0.0
-1.505175627152095,-1.4218468159595072,-0.2563863915545956,0.6094035106853961,1.0238582087706747,0.0,1.0,0.0
-0.5563128318797765,-1.0843245711860596,0.5149038461891728,-0.8198409116398986,-1.4189626268870015,1.0,0.0,0.0
-1.0557143030757397,-0.6792978774579069,0.24301016525791636,-0.3300998158780841,-0.056620237770220586,0.0,1.0,0.0
-0.506372684760169,0.2657644079077313,0.14313085389541397,-0.3900681133183064,0.3035392444100778,0.0,1.0,0.0
0.19278937491416806,0.06325106104369341,0.41502453482667045,-0.6499307355592692,1.3057221513465602,0.0,1.0,0.0
0.5923105518709442,1.6158533870015224,-0.8945042141483608,1.8987219056501723,-0.19755220905816342,0.0,1.0,0.0
0.14284922779458878,1.1433222443187032,0.06544694505791213,-0.3600839645981956,-0.36980239618787136,0.0,0.0,1.0
0.24272952203377574,0.8733044484999603,-0.3951076573358489,0.10966769868354485,-1.1527577922319983,0.0,0.0,1.0
-1.605055921391282,-1.6243601628235453,-1.3051191608608705,0.8692661329263589,0.5384258632233159,0.0,1.0,0.0
-0.20673180204257968,0.670791101635884,-0.6059639813233539,-0.17018435603749227,0.2565619206474302,0.0,1.0,0.0
0.7421309932297389,0.33326885686243624,4.204889515970511,-2.4189955100458227,1.3057221513465602,0.0,1.0,0.0
-0.9058938617169451,-1.2868379180500975,-0.4284007611233497,0.9892027278068027,-0.6046890150011095,0.0,1.0,0.0
1.740933935621665,2.020880080729675,-0.41175420922959927,0.09967298244350768,-0.8082574179725824,0.0,1.0,0.0
1.8408142298608519,1.5483489380468558,0.3706337297766694,-0.26013680219782537,-0.07227934569110313,0.0,1.0,0.0
1.9906346712196465,2.08838452968438,-0.7502340977358574,0.7093506730857664,-0.2758477486625761,0.0,1.0,0.0
-0.9058938617169451,-1.4893512649141738,-0.611512831954604,0.689361240605692,0.14694816520125242,0.0,1.0,0.0
-0.6062529789993558,-0.8143067753672784,0.08764234758291266,0.05969411748335973,-0.7299618783681697,0.0,1.0,0.0
-1.005774155956132,-0.9493156732766498,-1.5825616924233772,1.578890985968987,-0.6673254466846396,0.0,0.0,1.0
-0.9558340088365244,-0.6792978774579069,0.29294982093916755,-0.6099518705991213,-0.3541432882669888,0.0,1.0,0.0
1.0917120230669073,1.2783311422280745,0.31514522346416807,-0.20016850475760306,0.7576533741156715,0.0,1.0,0.0
0.9918317288277203,0.7382955505905888,-0.739136396473357,0.8792608491663954,0.8046306978783191,0.0,0.0,1.0
0.9918317288277203,0.6032866526811791,-0.8945042141483608,1.3090336474879878,1.6345634176850936,0.0,1.0,0.0
1.0917120230669073,0.7382955505905888,-0.8057226040483587,1.3690019449282103,0.5071076473815508,0.0,1.0,0.0
1.1915923173060943,0.7382955505905888,0.6258808588141755,-0.6099518705991213,0.4914485394606683,0.0,1.0,0.0
1.5411733471432911,1.750862284910932,-0.7502340977358574,0.05969411748335973,0.6950169424321413,1.0,0.0,0.0
-1.005774155956132,-1.4218468159595072,1.1696682206766884,-1.3395661561218237,-0.6360072308428746,0.0,0.0,1.0
0.14284922779458878,1.1433222443187032,-0.739136396473357,0.7493295380459143,-1.465939950649649,0.0,1.0,0.0
-2.104457392587245,-2.299404652370441,0.4538664892454214,-0.8398303441199725,-0.19755220905816342,0.0,1.0,0.0
-0.3565522434013743,-0.6792978774579069,-0.26748409281709584,-0.1601896397974551,0.11562994935948734,0.0,1.0,0.0
-1.1555945973149266,-1.759369060732955,1.2473521295141903,-1.0996929663609354,0.4914485394606683,0.0,1.0,0.0
0.34260981627296266,1.2783311422280745,-0.6670013382671054,0.7693189705259886,1.11781285629597,0.0,1.0,0.0
-0.8559537145973374,-0.6117934285032021,0.4261222360891707,-0.8898039253201576,1.3683585830300904,0.0,1.0,0.0
-1.5551157742717028,-1.0843245711860596,-0.8279180065733592,0.1796307123638036,1.1961083959003824,0.0,1.0,0.0
0.8420112874689257,0.06325106104369341,1.1308262662579376,-1.2696031424415646,1.6032452018433285,0.0,0.0,1.0
1.0917120230669073,0.06325106104369341,0.1819728083141649,-0.5399888569188618,-1.4189626268870015,0.0,0.0,1.0
0.04296893355540185,-0.2067667347750878,-0.6614524876358553,0.8392819842062474,-1.1214395763902332,0.0,0.0,1.0
-1.2554748915541136,-0.8143067753672784,-0.6780990395296056,0.9792080115667656,1.0864946404542049,0.0,1.0,0.0
0.8919514345885334,0.670791101635884,0.6203320081829253,-0.7498778979596394,1.3683585830300904,0.0,1.0,0.0
-0.8060135674777581,-0.27427118372975434,-0.3451680016545977,-0.4400416945184915,-0.1035975615328682,0.0,1.0,0.0
-0.5563128318797765,0.13075550999835991,-1.155300193817117,0.8992502816464697,0.2095845968847826,0.0,0.0,1.0
-1.205534744434506,-1.0843245711860596,-0.733587545842107,1.5189226885287654,-0.3384841803461063,0.0,1.0,0.0
0.7920711403493464,0.06325106104369341,-1.1830444469733676,0.8192925517261738,-0.47941615163404916,0.0,1.0,0.0
0.4424901105121496,0.33326885686243624,4.15494986028926,-2.3890113613257116,-0.3541432882669888,0.0,1.0,0.0
-1.3553551857933004,-1.0168201222313547,0.03215384127041133,-0.5699730056389732,-0.5263934753966968,0.0,1.0,0.0
-0.5563128318797765,-1.0168201222313547,-0.611512831954604,1.5089279722887283,0.5071076473815508,0.0,1.0,0.0
0.5923105518709442,0.13075550999835991,-0.8556622597296099,0.22960429356398873,-1.027484928864938,0.0,1.0,0.0
0.4424901105121496,0.5357822037265125,1.3916222459266938,-1.3795450210819722,1.3057221513465602,0.0,0.0,1.0
0.4424901105121496,0.7382955505905888,-0.3784611054420985,-0.07023719363712203,-0.26018864074169357,0.0,1.0,0.0
-0.9558340088365244,-1.0168201222313547,-0.4228519104920995,0.5894140782053218,-1.638190137779357,0.0,0.0,1.0
0.04296893355540185,0.06325106104369341,-0.8834065128858606,1.2590600662878026,-0.7612800942099348,0.0,1.0,0.0
0.34260981627296266,-0.3417756326844592,0.8478348840641808,-0.9697616552404539,-0.6829845546055221,0.0,1.0,0.0
1.3414127586648887,0.5357822037265125,0.08764234758291266,-0.3900681133183064,-1.1370986843111157,0.0,0.0,1.0
-0.9558340088365244,-0.8818112243219832,0.7978952283829296,-1.0896982501208983,0.8359489137200842,0.0,1.0,0.0
-0.40649239052098196,-1.0168201222313547,1.818883744532954,-1.299587291161676,0.47578943153978576,0.0,1.0,0.0
1.6410536413824781,1.0083133464093317,-0.7058432926858563,1.5589015534889135,-0.6360072308428746,0.0,1.0,0.0
0.09290908067498112,0.06325106104369341,0.6092343069204251,-0.94977222276038,-1.0118258209440554,0.0,1.0,0.0
0.9918317288277203,0.6032866526811791,-0.5171823712233518,0.39951446964461845,-0.6829845546055221,0.0,1.0,0.0
-0.10685150780339275,-0.5442889795485355,-0.7724295002608579,0.2595884422841002,1.6032452018433285,0.0,1.0,0.0
-0.30661209628179503,-0.8818112243219832,0.07654464632041239,0.2695831585241374,0.31919835233096033,0.0,1.0,0.0
-1.2554748915541136,-0.27427118372975434,-1.2607283558108695,1.0691604577270994,-1.6851674615420047,0.0,1.0,0.0
1.0917120230669073,0.8733044484999603,-0.8945042141483608,1.5489068372488763,-1.1370986843111157,0.0,1.0,0.0
-1.6549960685108898,-1.4893512649141738,-0.012236963779589735,-0.37007868083823275,1.963404684023627,0.0,0.0,1.0
-0.8559537145973374,-0.3417756326844592,0.015507289376660929,-0.3300998158780841,0.4131529998562556,0.0,1.0,0.0
-1.205534744434506,-0.6792978774579069,1.5303435117079471,-1.4694974672423051,-0.651666338763757,0.0,0.0,1.0
1.2914726115453095,1.3458355911827795,0.7479555727016785,-0.7798620466797502,-0.589029907080227,0.0,1.0,0.0
0.24272952203377574,0.8057999995452554,0.06544694505791213,-0.3400945321181213,1.5249496622389158,0.0,0.0,1.0
0.4424901105121496,0.40077330581714116,-0.1953490346108441,0.6393876594055069,0.3348574602518429,0.0,1.0,0.0
0.7421309932297389,0.7382955505905888,-0.7613317989983577,-0.0002741799568625625,-0.21321131697904597,0.0,0.0,1.0
-0.8060135674777581,-0.7468023264126119,-0.7613317989983577,0.4794721995649144,1.4623132305553856,0.0,1.0,0.0
0.9918317288277203,0.33326885686243624,0.6203320081829253,-0.909793357800232,0.601062294906846,0.0,1.0,0.0
1.9906346712196465,2.020880080729675,-0.9000530647796109,1.5988804184490615,-0.7299618783681697,0.0,0.0,1.0
0.7421309932297389,0.33326885686243624,0.3983779829329201,-0.6199465868391584,0.569744079065081,0.0,1.0,0.0
-1.105654450195319,-0.40928008163916413,-0.2452886902920953,-0.35008924835815847,0.3818347840144905,0.0,0.0,1.0
1.1915923173060943,1.4133400401374843,-0.2619352421858457,0.7693189705259886,-1.575553706095827,0.0,0.0,1.0
0.34260981627296266,0.5357822037265125,0.3206940740954182,-0.94977222276038,-1.090121360548468,0.0,1.0,0.0
-0.30661209628179503,-0.6117934285032021,0.5870389043954246,-1.1396718313210832,-0.7925983100516999,0.0,1.0,0.0
-0.6561931261189635,-0.13926228582038291,0.8644814359579313,-1.0996929663609354,0.5854031869859635,0.0,1.0,0.0
0.6422506989905519,0.5357822037265125,0.4927084436641723,-0.7798620466797502,-1.0118258209440554,0.0,1.0,0.0
-1.3553551857933004,-1.3543423670048025,-0.5116335205921017,0.8992502816464697,-0.7299618783681697,0.0,1.0,0.0
1.740933935621665,1.3458355911827795,-0.7890760521546083,1.2890442150079136,-0.43243882787140153,1.0,0.0,0.0
-1.9046968041088712,-2.0968913055064027,-0.0732743207233412,-0.510004708198751,0.5071076473815508,0.0,1.0,0.0
1.8907543769804596,1.750862284910932,1.0864354612079365,-1.4095291698020833,0.7263351582739064,0.0,1.0,0.0
0.5923105518709442,0.6032866526811791,-0.7002944420546061,1.0091921602868772,0.5227667553024333,0.0,1.0,0.0
-1.1555945973149266,-1.0168201222313547,-0.4783404168046009,0.5494352132451739,-0.3384841803461063,0.0,1.0,0.0
-0.45643253764056124,0.1982599589530648,-0.7113921433171064,0.2096148610839151,-0.5263934753966968,0.0,1.0,0.0
0.24272952203377574,1.0758177953640367,-0.18425133334834384,-0.38007339707826926,-1.5285763823331793,1.0,0.0,0.0
-1.1555945973149266,-0.6792978774579069,-0.1787024827170937,-0.18017907227752872,-0.21321131697904597,0.0,1.0,0.0
-0.7560734203581504,-1.4218468159595072,0.5592946512391739,-0.6899096005194172,0.601062294906846,0.0,0.0,1.0
-1.1555945973149266,-0.5442889795485355,-0.9666392723546126,1.8587430406900243,0.976880885008027,0.0,1.0,0.0
-1.005774155956132,-0.7468023264126119,-1.110909388767116,1.1391234714073581,-0.620348122921992,0.0,0.0,1.0
0.8919514345885334,0.8057999995452554,-0.48943811806710114,-0.060242477397084854,-0.589029907080227,1.0,0.0,0.0
0.7421309932297389,0.40077330581714116,0.2652055677829169,-0.6299413030791948,0.2252437048056651,0.0,1.0,0.0
0.9918317288277203,0.5357822037265125,1.3527802915079428,-1.6893812245231197,1.2900630434256777,0.0,0.0,1.0
0.8420112874689257,0.40077330581714116,-0.3784611054420985,0.3795250371645441,-0.43243882787140153,0.0,1.0,0.0
-1.005774155956132,-0.8143067753672784,0.2319124639954161,-0.3900681133183064,-0.5420525833175793,0.0,1.0,0.0
-1.9546369512284505,-1.8943779586423264,0.44276878798292113,-1.0297299526806762,-1.4189626268870015,0.0,0.0,1.0
1.1915923173060943,0.9408088974546268,-0.35626570291709797,0.5194510645250631,-0.9648484971814079,0.0,0.0,1.0
1.8408142298608519,1.8183667338655987,-1.238532953285869,1.1791023363675062,1.3996767988718555,0.0,0.0,1.0
-1.704936215630469,-1.6243601628235453,-0.4450473130171001,0.01971525252321177,-0.18189310113728088,0.0,1.0,0.0
-1.205534744434506,-1.1518290201407262,1.5358923623391973,-1.1196823988410094,-0.025302021928455508,0.0,1.0,0.0
1.141652170186515,0.670791101635884,-0.06217661946084093,0.30956202348428535,-1.2153942239155284,0.0,1.0,0.0
1.0917120230669073,1.1433222443187032,0.6314297094454256,-0.8598197766000468,-1.6538492457002396,0.0,0.0,1.0
-0.10685150780339275,-0.5442889795485355,-0.5560243256421027,-0.3900681133183064,1.4936314463971507,0.0,1.0,0.0
0.4924302576317573,-0.27427118372975434,1.025398104264185,-1.1896454125212683,0.39749389193537304,0.0,1.0,0.0
-0.8559537145973374,-0.9493156732766498,0.24855901588916648,-1.0697088176408243,0.8516080216409667,0.0,1.0,0.0
0.8919514345885334,0.40077330581714116,-0.48943811806710114,1.0691604577270994,0.006016193913309572,0.0,1.0,0.0
0.6422506989905519,0.670791101635884,-0.4228519104920995,1.0191868765269143,1.6658816335268587,0.0,0.0,1.0
0.34260981627296266,1.1433222443187032,1.8022371926392036,-1.6394076433229345,-0.9491893892605253,1.0,0.0,0.0
0.14284922779458878,1.2783311422280745,0.7646021245954289,-0.9197880740402689,-0.9335302813396428,0.0,0.0,1.0
0.4424901105121496,0.33326885686243624,-0.5282800724858521,0.3195567397243225,-1.262371547678176,0.0,0.0,1.0
0.24272952203377574,-0.27427118372975434,-0.41175420922959927,0.15964127988372998,1.7128589572895063,0.0,1.0,0.0
-0.6561931261189635,-0.13926228582038291,-0.650354786373355,0.0696888337233969,-0.3541432882669888,1.0,0.0,0.0
0.7920711403493464,0.670791101635884,-0.3007771966045966,0.009720536283174605,0.5384258632233159,0.0,1.0,0.0
-1.2554748915541136,-0.47678453059383064,0.46496419050792165,-0.6599254517993064,-0.5263934753966968,0.0,1.0,0.0
-0.5563128318797765,0.06325106104369341,-0.40620535859834916,0.24959372604406307,1.24308571966303,0.0,1.0,0.0
-0.8559537145973374,-1.0168201222313547,0.4982572942954225,-0.29012095091793616,0.976880885008027,0.0,0.0,1.0
-0.6062529789993558,-0.2067667347750878,-0.6392570851108547,0.959218579086692,0.3348574602518429,0.0,1.0,0.0
-0.7061332732385428,-1.1518290201407262,-1.449389277273374,2.0486426492507275,-1.1840760080737633,0.0,1.0,0.0
-0.20673180204257968,-0.6792978774579069,-0.8945042141483608,1.1890970526075433,0.8516080216409667,0.0,1.0,0.0
-0.05691136068381348,-0.40928008163916413,1.940958458420457,-1.399534453562046,-1.5912128140167094,0.0,0.0,1.0
1.1915923173060943,0.06325106104369341,-0.611512831954604,0.36953032092450766,-0.056620237770220586,0.0,1.0,0.0
-1.6549960685108898,-1.4218468159595072,0.22081476273291584,-0.6599254517993064,-0.9022120654978777,1.0,0.0,0.0
0.14284922779458878,-0.07175783686571639,-0.7446852471046073,1.2090864850876175,1.5249496622389158,1.0,0.0,0.0
1.740933935621665,2.020880080729675,0.3706337297766694,-0.599957154359084,0.28788013648919525,0.0,1.0,0.0
-0.40649239052098196,0.40077330581714116,-0.2286421383983449,0.10966769868354485,-0.3071659645043412,0.0,1.0,0.0
-1.8547566569892635,-1.759369060732955,2.323829151976716,-2.0891698741246008,-0.6360072308428746,0.0,0.0,1.0
-1.0557143030757397,-1.0168201222313547,-0.8667599609921102,0.45948276708484076,1.1961083959003824,1.0,0.0,0.0
-0.20673180204257968,0.6032866526811791,-1.7212829582046305,2.518394312532468,1.587586093922446,0.0,1.0,0.0
-0.7560734203581504,-0.3417756326844592,-0.9610904217233625,2.1885686766112458,0.3505165681727254,0.0,0.0,1.0
-0.8559537145973374,-1.0168201222313547,0.6924670663891771,-0.8398303441199725,0.569744079065081,0.0,1.0,0.0
0.9418915817081127,0.2657644079077313,-0.9056019154108611,1.488938539808654,0.28788013648919525,0.0,1.0,0.0
-0.006971213564205815,0.9408088974546268,-0.9166996166733613,0.18962542860384077,-0.18189310113728088,0.0,1.0,0.0
-0.10685150780339275,0.8733044484999603,1.0420446561579355,-0.9997458039605651,-1.3093488714408237,0.0,1.0,0.0
0.9418915817081127,0.5357822037265125,-0.6226105332171044,0.7693189705259886,-0.24452953282081105,0.0,1.0,0.0
1.141652170186515,0.8733044484999603,-1.110909388767116,1.079155173967136,0.24090281272654765,0.0,0.0,1.0
-0.2566719491621874,-0.47678453059383064,-0.4284007611233497,0.6693718081256184,-1.575553706095827,0.0,1.0,0.0
2.040574818339254,2.1558889786390463,-0.5837685787983534,1.0091921602868772,-1.0118258209440554,0.0,1.0,0.0
1.141652170186515,1.1433222443187032,3.5001854858017443,-2.179122320284934,-0.26018864074169357,0.0,1.0,0.0
-0.5563128318797765,-0.7468023264126119,1.1863147725704388,-1.41952388604212,-1.1684169001528808,0.0,1.0,0.0
1.1915923173060943,0.1982599589530648,-0.3340703003920974,-0.38007339707826926,0.11562994935948734,0.0,1.0,0.0
1.141652170186515,1.210826693273408,-0.9777369736171128,1.398986093648321,0.1782663810430175,0.0,0.0,1.0
0.7920711403493464,0.7382955505905888,2.0408377697829594,-1.8492966843637122,-0.08793845361198566,0.0,1.0,0.0
-1.2554748915541136,-0.7468023264126119,-0.6670013382671054,1.0691604577270994,-1.575553706095827,1.0,0.0,0.0
0.5423704047513649,0.670791101635884,0.14313085389541397,1.2290759175676913,1.1804492879795,0.0,1.0,0.0
-0.506372684760169,-0.3417756326844592,1.7855906407454532,-1.6693917920430457,-0.5420525833175793,0.0,1.0,0.0
0.19278937491416806,-0.004253387911011494,-0.6448059357421049,0.4195039021246928,1.2744039355047951,0.0,1.0,0.0
-1.0557143030757397,-1.4893512649141738,-0.9666392723546126,0.689361240605692,-0.5420525833175793,0.0,1.0,0.0
1.9406945241000388,2.020880080729675,0.48161074240167207,-0.8598197766000468,1.587586093922446,0.0,1.0,0.0
0.9918317288277203,0.7382955505905888,-0.9222484673046115,1.5688962697289506,0.773312482036554,0.0,1.0,0.0
-0.10685150780339275,0.13075550999835991,-0.012236963779589735,-0.3400945321181213,1.3057221513465602,1.0,0.0,0.0
1.4912332000236834,0.8733044484999603,1.4082687978204442,-1.0697088176408243,0.773312482036554,0.0,1.0,0.0
0.34260981627296266,0.5357822037265125,3.183900999820487,-2.149138171564823,-0.19755220905816342,0.0,1.0,0.0
-0.15679165492300043,-0.6117934285032021,0.353987177882919,-0.15019492355741795,0.976880885008027,0.0,0.0,1.0
-1.405295332912908,-0.9493156732766498,-0.21754443713584465,-0.29012095091793616,0.8359489137200842,0.0,1.0,0.0
-2.104457392587245,-2.4344135502798503,-1.1331047912921166,1.1691076201274697,-0.6046890150011095,0.0,0.0,1.0
-0.7560734203581504,-0.8818112243219832,-1.066518583717115,0.8492767004462846,-1.1684169001528808,0.0,0.0,1.0
0.7920711403493464,0.40077330581714116,-0.8223691559421091,0.9392291466066176,0.8829262374827318,0.0,1.0,0.0
0.8919514345885334,0.40077330581714116,0.6147831575516752,-0.8098461953998617,0.28788013648919525,0.0,1.0,0.0
-0.5563128318797765,-0.07175783686571639,0.29294982093916755,-0.7998514791598246,-0.7456209862890523,0.0,1.0,0.0
-0.2566719491621874,-0.6117934285032021,-1.0110300774046135,0.72934010556584,-0.025302021928455508,0.0,1.0,0.0
-1.605055921391282,-1.2868379180500975,-0.2619352421858457,0.36953032092450766,1.791154496893919,1.0,0.0,0.0
0.14284922779458878,0.8733044484999603,-0.9000530647796109,1.3789966611682467,0.27222102856831276,0.0,0.0,1.0
-1.605055921391282,-1.4218468159595072,-0.2785817940795961,-0.6599254517993064,0.24090281272654765,0.0,1.0,0.0
-1.1555945973149266,-1.8943779586423264,0.7146624689141776,-0.2201579372376774,-1.606871921937592,0.0,1.0,0.0
-0.3565522434013743,-1.0168201222313547,-0.7502340977358574,0.9392291466066176,-0.2288704248999285,0.0,0.0,1.0
0.9918317288277203,0.5357822037265125,-0.8667599609921102,1.0291815927669508,1.932086468181862,0.0,1.0,0.0
-0.15679165492300043,-0.6117934285032021,-0.36736340417959823,-0.060242477397084854,0.27222102856831276,0.0,1.0,0.0
-0.6062529789993558,-0.9493156732766498,0.24855901588916648,-0.5599782893989361,-1.027484928864938,0.0,1.0,0.0
1.141652170186515,1.210826693273408,-0.5338289231171022,0.33954617220439615,1.0551764246124398,0.0,0.0,1.0
-0.5563128318797765,0.13075550999835991,-0.983285824248363,1.2990389312479507,1.211767503821265,0.0,1.0,0.0
-0.6062529789993558,-0.7468023264126119,-0.7835272015233582,1.1491181876473953,-1.6851674615420047,0.0,1.0,0.0
1.0917120230669073,0.9408088974546268,-0.8279180065733592,0.8092978354861367,-1.058803144706703,0.0,1.0,0.0
-0.9058938617169451,-1.6243601628235453,-0.9499927204608621,1.1791023363675062,-1.606871921937592,0.0,1.0,0.0
0.7421309932297389,-0.004253387911011494,-0.6780990395296056,0.45948276708484076,-0.9178711734187602,0.0,0.0,1.0
-0.8559537145973374,-0.6792978774579069,-0.18980018397959397,0.1296571311636185,-0.2288704248999285,0.0,0.0,1.0
-0.506372684760169,0.13075550999835991,0.3262429247266683,-0.6599254517993064,-0.996166713023173,0.0,0.0,1.0
-1.405295332912908,-1.0168201222313547,-0.28967949534209636,0.689361240605692,1.0238582087706747,0.0,0.0,1.0
0.7920711403493464,0.46827775477180766,0.7756998258579291,-1.0497193851607503,-1.5285763823331793,0.0,1.0,0.0
-0.5563128318797765,0.2657644079077313,0.03770269190166146,-0.23015265347771385,0.8046306978783191,0.0,1.0,0.0
-0.6062529789993558,-0.2067667347750878,2.296084898820465,-1.9392491305240454,-1.2936897635199411,0.0,1.0,0.0
-0.40649239052098196,0.40077330581714116,-0.028883515673340132,-0.030258328676973353,-0.3854615041087539,0.0,1.0,0.0
1.4412930529040757,1.4808444890921508,0.36508487914541926,-0.6099518705991213,-0.3384841803461063,0.0,1.0,0.0
-0.8060135674777581,-0.6792978774579069,0.026604990639161195,-0.12021077483730715,-0.16623399321639837,0.0,0.0,1.0
-0.30661209628179503,-0.8818112243219832,-0.8778576622546104,1.6688434321293208,-0.08793845361198566,0.0,1.0,0.0
-1.0557143030757397,-0.6117934285032021,-0.1787024827170937,-0.3101103833980105,-1.4815990585705316,0.0,1.0,0.0
-0.6062529789993558,-0.9493156732766498,0.17642395768291477,-0.6299413030791948,-0.7299618783681697,0.0,0.0,1.0
1.0917120230669073,0.8057999995452554,-0.9943835255108632,1.2790494987678764,1.0708355325333223,0.0,0.0,1.0
0.8420112874689257,-0.07175783686571639,-0.03443236630459026,0.08967826620347052,-0.025302021928455508,0.0,0.0,1.0
-0.7560734203581504,-0.27427118372975434,-0.16760478145459345,0.72934010556584,-1.6538492457002396,0.0,0.0,1.0
-1.405295332912908,-1.1518290201407262,-0.6004151306921038,0.36953032092450766,-0.9648484971814079,0.0,0.0,1.0
1.6909937885020574,1.210826693273408,-0.5615731762733529,1.888727189410135,-1.3406670872825888,0.0,1.0,0.0
-0.8060135674777581,-0.9493156732766498,0.28740097030791745,-0.3300998158780841,0.2252437048056651,0.0,1.0,0.0
1.4912332000236834,1.8858711828203034,0.603685456289175,-0.7898567629197875,-0.056620237770220586,0.0,0.0,1.0
1.241532464425702,0.7382955505905888,0.5481969499766737,-0.7998514791598246,1.415335906792738,0.0,0.0,1.0
2.0905149654588335,2.2908978765484176,0.5814900537641744,-0.8298356278799357,-1.3250079793617062,0.0,1.0,0.0
0.7920711403493464,0.6032866526811791,-0.0399812169358404,0.3595356046844705,-1.4502808427287666,0.0,1.0,0.0
0.04296893355540185,-0.6117934285032021,-0.03443236630459026,-0.20016850475760306,-1.2780306555990586,0.0,0.0,1.0
0.24272952203377574,1.210826693273408,-1.155300193817117,1.528917404768802,0.9299035612453793,0.0,0.0,1.0
-0.9558340088365244,-1.5568557138688788,-0.522731221854602,0.7993031192460994,-0.5420525833175793,0.0,0.0,1.0
-1.405295332912908,-1.0168201222313547,4.9983751562392795,-2.598900402366489,0.9142444533244969,1.0,0.0,0.0
-0.6561931261189635,-0.07175783686571639,3.0174354808829826,-2.179122320284934,1.5249496622389158,0.0,0.0,1.0
-0.7560734203581504,-0.3417756326844592,-1.360607667173372,2.6683150561330233,-1.4972581664914142,0.0,1.0,0.0
-0.05691136068381348,0.670791101635884,1.153021668782938,-1.2396189937214535,1.0864946404542049,0.0,1.0,0.0
0.8919514345885334,0.670791101635884,-1.2052398494983683,1.2990389312479507,0.9142444533244969,0.0,1.0,0.0
-1.2554748915541136,-0.6117934285032021,0.0044095881141606634,-0.15019492355741795,1.0708355325333223,0.0,0.0,1.0
-0.45643253764056124,0.40077330581714116,0.20971706147041558,-0.29012095091793616,-0.996166713023173,0.0,1.0,0.0
-1.405295332912908,-1.4218468159595072,-1.1220070900296162,1.8087694594898391,1.1961083959003824,0.0,1.0,0.0
-1.205534744434506,-0.47678453059383064,0.02105614000791106,-0.5699730056389732,-1.5598945981749444,0.0,1.0,0.0
0.9918317288277203,-0.13926228582038291,-0.46169386491085046,1.8087694594898391,0.5854031869859635,0.0,1.0,0.0
-0.7061332732385428,-0.07175783686571639,-1.0165789280358637,1.9486954868503574,-1.1527577922319983,0.0,1.0,0.0
-1.405295332912908,-1.2868379180500975,-1.1053605381358658,2.1286003791710235,1.556267878080681,0.0,0.0,1.0
0.3925499633925703,1.2783311422280745,-0.2286421383983449,-0.07023719363712203,-1.3250079793617062,0.0,1.0,0.0
0.09290908067498112,0.1982599589530648,0.2984986715704177,-0.3900681133183064,-1.1214395763902332,0.0,0.0,1.0
-1.5551157742717028,-1.4893512649141738,-0.6281593838483545,1.0691604577270994,0.3505165681727254,0.0,0.0,1.0
-1.9046968041088712,-1.961882407596993,-0.5449266243796025,0.16963599612376715,-1.638190137779357,0.0,1.0,0.0
1.6410536413824781,0.9408088974546268,1.0697889093141861,-1.439513318522194,1.9477455761027445,0.0,1.0,0.0
-1.605055921391282,-1.69186461177825,-1.066518583717115,1.478943823568617,-1.0118258209440554,0.0,1.0,0.0
-0.6062529789993558,-0.07175783686571639,0.05989809442666199,-0.12021077483730715,-0.8552347417352301,0.0,1.0,0.0
0.34260981627296266,-0.13926228582038291,-1.1608490444483672,1.438964958608469,0.9925399929289095,0.0,1.0,0.0
-0.3565522434013743,-1.0168201222313547,-0.16205593082334332,0.5394404970051366,-0.5577116912384619,0.0,1.0,0.0
-1.305415038673721,-1.1518290201407262,-0.2563863915545956,0.11966241492358203,-1.0118258209440554,0.0,1.0,0.0
1.6909937885020574,1.2783311422280745,-0.6670013382671054,1.089149890207173,-1.0744622526275855,0.0,0.0,1.0
0.3925499633925703,0.6032866526811791,-0.7835272015233582,-0.18017907227752872,-0.9022120654978777,0.0,1.0,0.0
1.8408142298608519,2.08838452968438,-0.23973983966084517,0.7393348218058772,-0.9335302813396428,0.0,1.0,0.0
1.8907543769804596,1.6833578359562271,-0.5060846699608516,0.42949861836472925,1.3683585830300904,0.0,0.0,1.0
-0.6062529789993558,-0.8818112243219832,0.28740097030791745,-0.8898039253201576,-0.620348122921992,0.0,1.0,0.0
-0.9058938617169451,-1.2868379180500975,-0.4284007611233497,1.079155173967136,-1.262371547678176,0.0,1.0,0.0
-1.305415038673721,-1.0168201222313547,0.5481969499766737,-0.7798620466797502,-0.36980239618787136,0.0,0.0,1.0
-0.40649239052098196,-1.0843245711860596,-0.006688113148339602,-0.20016850475760306,-0.15057488529551583,0.0,0.0,1.0
0.3925499633925703,-0.40928008163916413,-0.3618145535483481,0.0696888337233969,-0.056620237770220586,1.0,0.0,0.0
-1.005774155956132,-0.8818112243219832,1.2861940839329413,-1.3795450210819722,1.5406087701597984,0.0,1.0,0.0
0.3925499633925703,0.1982599589530648,-0.8667599609921102,0.6593770918855812,-1.3876444110452364,0.0,1.0,0.0
-0.6062529789993558,-0.3417756326844592,0.5870389043954246,-0.7198937492395286,0.773312482036554,0.0,1.0,0.0
-1.305415038673721,-0.6117934285032021,-0.4228519104920995,-0.5000099919587139,1.1804492879795,0.0,0.0,1.0
-0.506372684760169,0.06325106104369341,0.22636361336416597,0.18962542860384077,-0.823916525893465,0.0,1.0,0.0
1.6410536413824781,1.4808444890921508,-0.18425133334834384,-0.0002741799568625625,-0.9022120654978777,0.0,1.0,0.0
-1.005774155956132,-0.8818112243219832,-1.5048777835858753,2.9381723946140235,1.2744039355047951,0.0,1.0,0.0
-0.45643253764056124,0.33326885686243624,-0.3784611054420985,-0.1601896397974551,0.601062294906846,0.0,1.0,0.0
-0.20673180204257968,0.13075550999835991,-0.36736340417959823,0.2695831585241374,-0.416779719950519,0.0,1.0,0.0
1.141652170186515,0.13075550999835991,-0.18425133334834384,-0.6199465868391584,-1.0118258209440554,1.0,0.0,0.0
0.4424901105121496,0.06325106104369341,3.0562774353017335,-2.219101185245082,0.39749389193537304,0.0,1.0,0.0
1.4412930529040757,0.670791101635884,-0.38955880670459875,0.8692661329263589,0.3505165681727254,1.0,0.0,0.0
0.9418915817081127,0.40077330581714116,0.18752165894541503,-0.3400945321181213,-1.4502808427287666,0.0,1.0,0.0
-1.005774155956132,-0.7468023264126119,0.3761825804079195,-0.23015265347771385,-0.9178711734187602,0.0,1.0,0.0
1.141652170186515,0.6032866526811791,0.9477141954266832,-0.9597669390004171,1.7285180652103889,0.0,0.0,1.0
2.040574818339254,2.2233934275937512,1.0697889093141861,-1.1496665475611205,0.3818347840144905,0.0,1.0,0.0
0.34260981627296266,0.6032866526811791,-0.02333466504209,-0.29012095091793616,0.08431173351772227,0.0,1.0,0.0
-0.40649239052098196,-0.6792978774579069,0.009958438745410796,-0.37007868083823275,-0.056620237770220586,0.0,0.0,1.0
-0.30661209628179503,-0.7468023264126119,-0.48943811806710114,0.04969940124332256,0.9455626691662619,0.0,1.0,0.0
1.4912332000236834,0.8057999995452554,-0.7224898445796067,0.18962542860384077,-0.15057488529551583,0.0,1.0,0.0
-1.205534744434506,-1.0168201222313547,-0.27303294344834594,0.33954617220439615,0.7263351582739064,0.0,0.0,1.0
-0.40649239052098196,-0.8143067753672784,0.015507289376660929,-0.08023190987715847,1.11781285629597,0.0,1.0,0.0
0.5923105518709442,-0.07175783686571639,0.5759412031329243,-0.7098990329994915,0.9925399929289095,0.0,1.0,0.0
-1.0557143030757397,-0.8143067753672784,0.7867975271204294,-0.8298356278799357,-0.21321131697904597,0.0,1.0,0.0
1.6909937885020574,1.8183667338655987,0.3040475222016678,-0.7198937492395286,-0.4480979357922841,0.0,0.0,1.0
1.740933935621665,1.210826693273408,2.151814782407962,-1.8093178194035642,1.3683585830300904,0.0,1.0,0.0
1.1915923173060943,1.0083133464093317,0.2818521196766673,-0.01026889619689973,-0.7769392021308174,0.0,1.0,0.0
0.4424901105121496,1.210826693273408,1.6857113293829509,-1.5494551971626014,-1.2936897635199411,0.0,0.0,1.0
0.24272952203377574,0.8733044484999603,-0.35626570291709797,0.6293929431654698,-0.9178711734187602,0.0,1.0,0.0
0.14284922779458878,-0.27427118372975434,0.15977740578916438,-0.04025304491701052,-0.3541432882669888,0.0,1.0,0.0
-1.1555945973149266,-0.6117934285032021,-0.5782197281671032,-0.12021077483730715,0.8985853454036143,0.0,1.0,0.0
-0.6062529789993558,-0.8818112243219832,-0.5171823712233518,0.5494352132451739,-0.9178711734187602,0.0,0.0,1.0
1.1915923173060943,0.8057999995452554,-0.5060846699608516,1.049171025247025,-0.8552347417352301,0.0,1.0,0.0
-1.305415038673721,-0.9493156732766498,0.38728028167041983,-0.38007339707826926,0.13128905728036988,0.0,1.0,0.0
-0.006971213564205815,0.2657644079077313,-0.8556622597296099,1.2090864850876175,0.31919835233096033,0.0,0.0,1.0
1.8907543769804596,2.1558889786390463,1.0697889093141861,-1.0397246689207131,0.6167214028277286,0.0,0.0,1.0
-1.205534744434506,-0.9493156732766498,1.1363751168891878,-1.1496665475611205,-1.027484928864938,0.0,1.0,0.0
-0.3565522434013743,-0.6792978774579069,1.0697889093141861,-1.0297299526806762,0.5227667553024333,1.0,0.0,0.0
0.34260981627296266,-0.07175783686571639,1.3083894864579417,-1.3395661561218237,0.6480396186694937,0.0,1.0,0.0
-0.9058938617169451,-0.8143067753672784,0.48161074240167207,0.039704685003285396,-1.3719853031243538,0.0,0.0,1.0
0.4924302576317573,0.9408088974546268,-0.32297259912959714,-0.2501420859577882,1.3370403671883253,0.0,1.0,0.0
0.4424901105121496,1.750862284910932,0.08764234758291266,0.05969411748335973,0.021675301834192112,0.0,0.0,1.0
-0.40649239052098196,-1.1518290201407262,0.23746131462666623,0.5494352132451739,-0.009642914007572967,0.0,0.0,1.0
-0.6062529789993558,-0.3417756326844592,-0.9166996166733613,0.8092978354861367,0.8046306978783191,0.0,1.0,0.0
-0.6062529789993558,0.13075550999835991,-0.06772547009209105,-0.8798092090801208,-0.08793845361198566,0.0,0.0,1.0
-1.1555945973149266,-1.961882407596993,1.7522975369579523,-1.749349521963342,-1.575553706095827,1.0,0.0,0.0
0.04296893355540185,-0.40928008163916413,0.10983775010791318,-0.030258328676973353,-1.3093488714408237,0.0,1.0,0.0
-0.2566719491621874,0.06325106104369341,-0.9999323761421133,2.1086109466909497,-0.6360072308428746,0.0,0.0,1.0
0.24272952203377574,0.33326885686243624,-0.9222484673046115,0.7393348218058772,-0.8082574179725824,0.0,1.0,0.0
1.3414127586648887,0.2657644079077313,-0.2785817940795961,0.2695831585241374,-1.1684169001528808,0.0,1.0,0.0
1.4412930529040757,1.5483489380468558,-0.5782197281671032,0.7693189705259886,1.0238582087706747,0.0,1.0,0.0
1.9906346712196465,2.2233934275937512,1.6912601800142009,-1.2895925749216386,-0.3071659645043412,0.0,0.0,1.0
1.2914726115453095,1.3458355911827795,-0.23973983966084517,0.49946163204498867,-0.4480979357922841,0.0,0.0,1.0
-0.2566719491621874,-0.6117934285032021,-1.1275559406608664,0.2096148610839151,1.7128589572895063,0.0,1.0,0.0
0.24272952203377574,-0.2067667347750878,-0.8612111103608601,0.8592714166863218,0.5227667553024333,0.0,1.0,0.0
0.9418915817081127,0.6032866526811791,-0.5449266243796025,0.36953032092450766,-1.6851674615420047,0.0,0.0,1.0
-1.2554748915541136,-0.9493156732766498,-0.37291225481084833,0.48946691580495155,1.415335906792738,0.0,0.0,1.0
-1.8048165098696842,-1.69186461177825,-1.155300193817117,0.7793136867660251,-0.13491577737463328,0.0,1.0,0.0
0.14284922779458878,-0.07175783686571639,0.34288947662041874,-0.8298356278799357,1.1334719642168525,0.0,1.0,0.0
0.3925499633925703,0.7382955505905888,0.8811279878516816,-1.5194710484424903,0.7576533741156715,1.0,0.0,0.0
0.4924302576317573,1.4808444890921508,-0.9277973179358616,0.6993559568457292,-0.7612800942099348,0.0,1.0,0.0
-1.205534744434506,-1.0843245711860596,0.48161074240167207,-0.7598726141996767,0.3505165681727254,0.0,1.0,0.0
0.14284922779458878,-0.27427118372975434,-1.1830444469733676,1.2390706338077284,-0.7925983100516999,0.0,1.0,0.0
0.14284922779458878,0.9408088974546268,-0.9333461685671117,1.0191868765269143,0.021675301834192112,0.0,0.0,1.0
-0.9058938617169451,-0.7468023264126119,0.942165344795433,-1.1896454125212683,-0.416779719950519,0.0,1.0,0.0
0.34260981627296266,0.33326885686243624,-0.017785814410839866,0.7393348218058772,1.3213812592674428,0.0,1.0,0.0
0.34260981627296266,-0.3417756326844592,-0.522731221854602,0.6393876594055069,-1.3093488714408237,0.0,0.0,1.0
-0.9558340088365244,-0.8818112243219832,-1.0998116875046158,1.5688962697289506,-1.2153942239155284,0.0,1.0,0.0
-0.5563128318797765,-0.004253387911011494,-0.31742374849834704,0.10966769868354485,-0.40112061202963645,0.0,1.0,0.0
1.6410536413824781,0.9408088974546268,-0.23419098902959504,0.599408794445359,1.9790637919445095,0.0,1.0,0.0
-0.8559537145973374,-0.6117934285032021,-1.3495099659108716,1.8687377569300614,1.4623132305553856,0.0,0.0,1.0
0.4924302576317573,-0.004253387911011494,-0.3285214497608473,0.3495408884444333,-1.3563261952034713,0.0,1.0,0.0
0.14284922779458878,-0.004253387911011494,-0.012236963779589735,-0.2501420859577882,-1.5912128140167094,0.0,0.0,1.0
-1.7548763627500765,-1.6243601628235453,-0.6891967407921059,0.4195039021246928,-0.025302021928455508,0.0,1.0,0.0
0.09290908067498112,-0.2067667347750878,-0.7280386952108568,0.39951446964461845,0.569744079065081,0.0,0.0,1.0
-1.0557143030757397,-1.6243601628235453,0.4039268335641702,-0.929782790280306,0.4131529998562556,0.0,1.0,0.0
0.6422506989905519,0.40077330581714116,-0.32297259912959714,0.08967826620347052,-0.7925983100516999,0.0,1.0,0.0
1.7908740827412726,1.6158533870015224,-0.1953490346108441,0.9492238628466548,0.021675301834192112,0.0,0.0,1.0
1.4412930529040757,1.6158533870015224,-0.6559036370046051,0.599408794445359,1.5406087701597984,0.0,0.0,1.0
1.9906346712196465,1.8183667338655987,-0.46169386491085046,1.1191340389272846,0.8202898057992016,0.0,0.0,1.0
0.5423704047513649,0.670791101635884,-0.7002944420546061,0.6593770918855812,-1.2153942239155284,0.0,0.0,1.0
0.04296893355540185,0.06325106104369341,-0.7613317989983577,0.6593770918855812,-1.5285763823331793,0.0,0.0,1.0
1.3913529057844964,0.7382955505905888,1.0087515523704347,-0.9997458039605651,-0.32282507242522374,0.0,1.0,0.0
-0.6062529789993558,-0.2067667347750878,1.1752170713079386,-1.0397246689207131,0.8202898057992016,0.0,1.0,0.0
1.1915923173060943,0.7382955505905888,-0.5171823712233518,0.289572591004211,-1.606871921937592,0.0,1.0,0.0
-1.0557143030757397,-0.6792978774579069,-0.8889553635171107,0.72934010556584,-1.2467124397572935,0.0,1.0,0.0
-1.405295332912908,-0.9493156732766498,-0.2785817940795961,0.01971525252321177,1.6658816335268587,0.0,1.0,0.0
-0.506372684760169,0.13075550999835991,1.1363751168891878,-0.8498250603600097,-1.6851674615420047,1.0,0.0,0.0
-1.305415038673721,-0.8818112243219832,-0.16205593082334332,-0.38007339707826926,-0.24452953282081105,0.0,1.0,0.0
-1.105654450195319,-0.13926228582038291,1.4360130509766948,-1.4495080347622311,1.4936314463971507,0.0,0.0,1.0
-0.6561931261189635,-0.2067667347750878,-0.8112714546796088,0.5694246457252482,-0.13491577737463328,0.0,1.0,0.0
-0.30661209628179503,-0.6117934285032021,-1.8433576720921334,2.648325623652949,-0.651666338763757,0.0,1.0,0.0
0.9418915817081127,0.5357822037265125,0.15422855515791425,-0.07023719363712203,-1.5442354902540618,0.0,1.0,0.0
-0.7560734203581504,-1.0843245711860596,-0.1454093789295929,-0.639936019319232,1.0081991008497921,0.0,1.0,0.0
-0.2566719491621874,0.46827775477180766,-0.5615731762733529,0.5694246457252482,-0.025302021928455508,0.0,1.0,0.0
0.7421309932297389,0.2657644079077313,-1.0498720318233645,1.488938539808654,0.7106760503530238,0.0,0.0,1.0
-0.006971213564205815,1.0083133464093317,-0.4672427155421006,0.16963599612376715,0.3505165681727254,0.0,1.0,0.0
1.241532464425702,0.6032866526811791,-1.1608490444483672,1.6888328646093946,-0.16623399321639837,0.0,1.0,0.0
-0.7560734203581504,-0.2067667347750878,0.07099579568916226,-0.599957154359084,1.5249496622389158,0.0,0.0,1.0
1.8907543769804596,1.95337563177497,-0.8945042141483608,0.559429929485211,1.1961083959003824,1.0,0.0,0.0
1.4412930529040757,1.5483489380468558,-0.6281593838483545,0.46947748332487793,0.773312482036554,0.0,0.0,1.0
0.09290908067498112,1.0758177953640367,2.5513320278579714,-1.8992702655638973,-1.3876444110452364,0.0,1.0,0.0
-0.3565522434013743,-0.9493156732766498,-0.3618145535483481,0.959218579086692,1.3057221513465602,0.0,1.0,0.0
1.141652170186515,1.1433222443187032,-0.1953490346108441,-0.27013151843786254,-0.009642914007572967,0.0,0.0,1.0
-1.405295332912908,-1.3543423670048025,-0.3618145535483481,0.36953032092450766,0.8516080216409667,0.0,1.0,0.0
-1.605055921391282,-1.759369060732955,0.05434924379541185,0.8292872679662102,-0.04096112984933804,0.0,1.0,0.0
-0.5563128318797765,0.40077330581714116,-0.9777369736171128,1.2590600662878026,1.2900630434256777,0.0,1.0,0.0
0.34260981627296266,1.5483489380468558,0.9754584485829338,-1.3195767236417497,0.601062294906846,0.0,1.0,0.0
-1.0557143030757397,-0.8143067753672784,-0.38955880670459875,0.8992502816464697,-0.8865529575769951,0.0,0.0,1.0
0.8919514345885334,0.40077330581714116,-0.4450473130171001,0.01971525252321177,0.31919835233096033,0.0,0.0,1.0
1.141652170186515,0.6032866526811791,1.1252774156266874,-1.0297299526806762,0.4601303236189032,0.0,0.0,1.0
-0.05691136068381348,0.06325106104369341,0.7867975271204294,-1.0896982501208983,1.3996767988718555,0.0,1.0,0.0
-0.9058938617169451,-0.40928008163916413,-0.7835272015233582,1.2890442150079136,-0.4480979357922841,0.0,1.0,0.0
-1.005774155956132,-0.27427118372975434,-0.7557829483671075,1.129128755167321,0.2252437048056651,0.0,1.0,0.0
-0.006971213564205815,1.0083133464093317,1.5136969598141967,-1.1696559800411945,-0.21321131697904597,0.0,1.0,0.0
0.24272952203377574,0.46827775477180766,0.3706337297766694,-0.6499307355592692,0.2095845968847826,0.0,1.0,0.0
0.7421309932297389,0.2657644079077313,2.1018751267267106,-1.819312535643601,-1.5442354902540618,0.0,1.0,0.0
-0.7560734203581504,-0.3417756326844592,-0.9388950191983618,1.2390706338077284,0.08431173351772227,0.0,1.0,0.0
1.7908740827412726,1.750862284910932,0.3706337297766694,-0.639936019319232,1.1961083959003824,0.0,1.0,0.0
1.141652170186515,0.9408088974546268,2.0519354710454594,-1.6793865082830828,-1.2936897635199411,0.0,0.0,1.0
1.7908740827412726,1.8858711828203034,1.5858320180204484,-1.4794921834823425,-1.231053331836411,0.0,0.0,1.0
-0.9558340088365244,-1.4218468159595072,1.2196078763579397,-1.1396718313210832,1.0708355325333223,0.0,0.0,1.0
0.14284922779458878,1.1433222443187032,0.5925877550266747,-1.1096876826009725,1.415335906792738,0.0,0.0,1.0
-0.9058938617169451,-1.1518290201407262,-1.3051191608608705,0.9792080115667656,-0.9805076051022904,0.0,1.0,0.0
0.7421309932297389,0.6032866526811791,-0.7724295002608579,1.079155173967136,-1.6538492457002396,0.0,1.0,0.0
-1.0557143030757397,-1.5568557138688788,-0.012236963779589735,-0.23015265347771385,-1.4502808427287666,0.0,1.0,0.0
0.14284922779458878,-0.5442889795485355,1.485952706657946,-1.3595555886018982,0.9612217770871444,0.0,1.0,0.0
0.7421309932297389,0.33326885686243624,0.4039268335641702,-1.0197352364406391,0.6323805107486111,0.0,0.0,1.0
-1.005774155956132,-0.07175783686571639,-0.522731221854602,0.5194510645250631,-0.823916525893465,0.0,0.0,1.0
0.9418915817081127,-0.27427118372975434,0.06544694505791213,-0.5399888569188618,1.618904309764211,0.0,0.0,1.0
-0.45643253764056124,0.13075550999835991,-0.46169386491085046,0.8392819842062474,-0.1035975615328682,0.0,0.0,1.0
0.2926696691533834,0.46827775477180766,-0.21199558650459452,0.5294457807650995,1.0551764246124398,1.0,0.0,0.0
1.241532464425702,0.7382955505905888,-0.22309328776709478,-0.12021077483730715,0.42881210777713813,0.0,1.0,0.0
-0.9058938617169451,-0.6117934285032021,-0.611512831954604,0.8492767004462846,0.8829262374827318,0.0,1.0,0.0
1.2914726115453095,1.2783311422280745,-0.7890760521546083,0.689361240605692,-0.40112061202963645,0.0,1.0,0.0
-0.006971213564205815,0.9408088974546268,-0.28967949534209636,0.11966241492358203,-1.3406670872825888,0.0,1.0,0.0
0.5923105518709442,0.1982599589530648,-0.22309328776709478,-0.1901737885175659,-0.7299618783681697,0.0,1.0,0.0
0.9418915817081127,0.2657644079077313,0.39282913230166994,-0.5199994244387881,-0.5733707991593444,0.0,1.0,0.0
1.7908740827412726,1.6833578359562271,-1.404998472223373,2.238542257811431,-0.1035975615328682,0.0,1.0,0.0
-1.1555945973149266,-1.8943779586423264,-0.7446852471046073,0.36953032092450766,-1.6538492457002396,0.0,0.0,1.0
0.4924302576317573,1.0083133464093317,0.05989809442666199,-0.510004708198751,0.8516080216409667,0.0,0.0,1.0
-0.5563128318797765,0.13075550999835991,2.3959642101829677,-1.6793865082830828,0.7419942661947889,0.0,1.0,0.0
-1.0557143030757397,-0.6117934285032021,0.44276878798292113,-0.5299941406788247,-1.1684169001528808,0.0,1.0,0.0
0.6422506989905519,0.46827775477180766,-0.017785814410839866,-0.07023719363712203,-1.1997351159946459,0.0,1.0,0.0
-1.2554748915541136,-0.9493156732766498,0.03770269190166146,-0.6199465868391584,0.4914485394606683,0.0,1.0,0.0
1.4412930529040757,1.6158533870015224,-0.6392570851108547,0.9492238628466548,0.7419942661947889,0.0,1.0,0.0
-0.9558340088365244,-1.4893512649141738,-0.20089788524209423,0.46947748332487793,-0.8395756338143475,0.0,0.0,1.0
-0.6561931261189635,-0.3417756326844592,-0.28967949534209636,-0.639936019319232,1.1804492879795,0.0,0.0,1.0
-1.605055921391282,-1.219333469095431,-0.9888346748796131,1.3789966611682467,1.3370403671883253,0.0,1.0,0.0
-0.2566719491621874,-0.6792978774579069,0.3484383272516689,-0.8698144928400837,1.6032452018433285,0.0,0.0,1.0
1.141652170186515,0.9408088974546268,-0.9277973179358616,0.599408794445359,-0.3384841803461063,1.0,0.0,0.0
0.3925499633925703,0.40077330581714116,0.20971706147041558,-0.21016322099764023,1.8694500364983317,0.0,1.0,0.0
-0.7560734203581504,-0.2067667347750878,0.09874004884541292,-0.23015265347771385,-0.3384841803461063,0.0,0.0,1.0
-1.0557143030757397,-1.6243601628235453,-0.2563863915545956,-0.40006282955834355,0.8359489137200842,1.0,0.0,0.0
-0.9058938617169451,-1.4218468159595072,-0.26748409281709584,-0.030258328676973353,1.149131072137735,1.0,0.0,0.0
1.141652170186515,0.670791101635884,-0.10101857387959186,-0.5199994244387881,-0.5577116912384619,0.0,0.0,1.0
-0.5563128318797765,-0.6117934285032021,7.334441271995586,-3.5384037289299695,0.5540849711441984,0.0,1.0,0.0
0.24272952203377574,-0.47678453059383064,-0.35626570291709797,0.6793665243656548,-0.21321131697904597,0.0,1.0,0.0
-1.2554748915541136,-0.9493156732766498,-0.13986052829834278,-0.3101103833980105,0.4131529998562556,0.0,1.0,0.0
-1.4552354800324874,-0.9493156732766498,0.9865561498454342,-0.8698144928400837,-0.7299618783681697,0.0,0.0,1.0
0.2926696691533834,0.13075550999835991,-0.2785817940795961,0.7793136867660251,-1.3563261952034713,0.0,1.0,0.0
0.4424901105121496,0.8733044484999603,2.296084898820465,-2.05918572540449,-0.009642914007572967,0.0,1.0,0.0
-0.9558340088365244,-1.3543423670048025,0.9144210916391824,-0.909793357800232,-0.7299618783681697,0.0,1.0,0.0
1.8907543769804596,1.8183667338655987,-0.694745591423356,0.16963599612376715,1.2900630434256777,0.0,1.0,0.0
-1.305415038673721,-0.8143067753672784,-0.056627768829590794,0.1296571311636185,0.8985853454036143,0.0,1.0,0.0
-0.10685150780339275,-0.40928008163916413,-0.7668806496296078,0.8092978354861367,0.5540849711441984,0.0,0.0,1.0
-0.6062529789993558,0.06325106104369341,-0.3118748978670969,0.5394404970051366,1.3213812592674428,1.0,0.0,0.0
0.4424901105121496,0.9408088974546268,2.9619469745704814,-1.8592914006037493,-0.04096112984933804,0.0,1.0,0.0
-0.6062529789993558,-0.07175783686571639,-1.0443231811921143,0.7193453893258035,-0.5420525833175793,0.0,1.0,0.0
-0.006971213564205815,0.670791101635884,0.5426480993454236,-0.639936019319232,1.149131072137735,0.0,1.0,0.0
-1.1555945973149266,-1.6243601628235453,2.118521678620461,-1.709370657003194,-0.620348122921992,0.0,1.0,0.0
-1.405295332912908,-1.0168201222313547,0.05989809442666199,0.1496465636436928,0.27222102856831276,0.0,1.0,0.0
-1.2554748915541136,-0.8143067753672784,-0.4672427155421006,0.6094035106853961,0.6167214028277286,0.0,0.0,1.0
-1.4552354800324874,-1.219333469095431,1.3916222459266938,-0.9697616552404539,0.31919835233096033,1.0,0.0,0.0
-1.3553551857933004,-1.0168201222313547,-0.7835272015233582,2.0386479330106906,-1.4972581664914142,0.0,1.0,0.0
-0.20673180204257968,-0.40928008163916413,0.7646021245954289,-0.8898039253201576,1.3057221513465602,0.0,1.0,0.0
0.9418915817081127,0.670791101635884,0.009958438745410796,-0.11021605859726998,1.3370403671883253,0.0,1.0,0.0
1.1915923173060943,0.670791101635884,-1.2329841026546189,1.93870077061032,1.11781285629597,0.0,1.0,0.0
0.5423704047513649,0.33326885686243624,0.5925877550266747,-0.929782790280306,-0.4950752595549317,0.0,0.0,1.0
-0.6062529789993558,-0.004253387911011494,-0.7058432926858563,0.6293929431654698,-0.009642914007572967,0.0,1.0,0.0
0.6921908461101312,0.46827775477180766,0.9255187929016827,-1.2096348450013428,0.976880885008027,0.0,1.0,0.0
0.14284922779458878,-0.13926228582038291,0.43167108672042087,0.07968354996343335,0.7889715899574365,0.0,0.0,1.0
-0.6561931261189635,-0.13926228582038291,0.03770269190166146,0.08967826620347052,0.021675301834192112,0.0,1.0,0.0
0.8919514345885334,0.1982599589530648,-0.41175420922959927,0.649382375645544,-0.7456209862890523,0.0,0.0,1.0
-1.8547566569892635,-1.961882407596993,1.3028406358266917,-1.4095291698020833,0.7263351582739064,1.0,0.0,0.0
0.24272952203377574,1.2783311422280745,-0.6004151306921038,0.9392291466066176,-1.1057804684693506,0.0,1.0,0.0
0.6921908461101312,0.2657644079077313,1.0975331624704368,-0.8098461953998617,-0.18189310113728088,0.0,1.0,0.0
0.7920711403493464,0.46827775477180766,0.5481969499766737,-0.6199465868391584,1.384017690950973,0.0,1.0,0.0
-0.9058938617169451,-0.6792978774579069,-1.033225479929614,1.0291815927669508,0.6636987265903762,0.0,0.0,1.0
0.09290908067498112,-0.004253387911011494,-0.2952283459733465,0.009720536283174605,1.1647901800586176,0.0,1.0,0.0
-1.0557143030757397,-1.759369060732955,0.35953602851416916,-0.3900681133183064,1.8381318206565667,1.0,0.0,0.0
-0.9058938617169451,-1.0843245711860596,-0.8556622597296099,0.21960957732395228,-0.15057488529551583,1.0,0.0,0.0
1.141652170186515,0.5357822037265125,-0.5615731762733529,0.3795250371645441,0.1782663810430175,1.0,0.0,0.0
0.24272952203377574,1.2783311422280745,0.7590532739641787,-0.4800205594786395,-0.16623399321639837,0.0,0.0,1.0
-0.20673180204257968,0.670791101635884,0.9366164941641829,-0.8997986415601948,0.2252437048056651,0.0,1.0,0.0
1.8408142298608519,1.6158533870015224,-0.07882317135459133,0.3895197534045813,1.2587448275839126,0.0,1.0,0.0
-0.9058938617169451,-1.1518290201407262,2.8398722606829785,-2.079175157884564,-0.2758477486625761,0.0,1.0,0.0
-1.4552354800324874,-1.0843245711860596,-0.3951076573358489,0.4394933346047664,1.3996767988718555,0.0,1.0,0.0
-1.605055921391282,-1.219333469095431,0.5759412031329243,-0.5299941406788247,1.3057221513465602,0.0,1.0,0.0
-0.40649239052098196,-1.0168201222313547,-0.5393777737483523,0.649382375645544,-1.5129172744122967,0.0,1.0,0.0
-1.205534744434506,-1.0168201222313547,-0.6004151306921038,1.2590600662878026,-1.2780306555990586,0.0,0.0,1.0
-0.7061332732385428,-0.40928008163916413,-1.244081803917119,1.5489068372488763,-1.2467124397572935,0.0,1.0,0.0
0.24272952203377574,-0.07175783686571639,2.523587774701721,-2.0192068604443416,1.2744039355047951,0.0,0.0,1.0
-0.506372684760169,0.1982599589530648,-0.2508375409233454,0.6593770918855812,0.569744079065081,0.0,0.0,1.0
0.09290908067498112,-0.6792978774579069,0.5703923525016742,-0.8798092090801208,-1.1057804684693506,0.0,0.0,1.0
1.740933935621665,1.5483489380468558,-0.7502340977358574,0.8592714166863218,1.3370403671883253,0.0,1.0,0.0
-1.005774155956132,-0.8818112243219832,-0.5338289231171022,0.9292344303665805,-0.8708938496561126,0.0,1.0,0.0
0.34260981627296266,-0.13926228582038291,-0.739136396473357,0.8392819842062474,0.6793578345112588,0.0,1.0,0.0
1.8408142298608519,1.8183667338655987,-0.3951076573358489,0.329551455964359,0.9455626691662619,0.0,1.0,0.0
1.241532464425702,1.2783311422280745,-1.027676629298364,0.9392291466066176,0.14694816520125242,0.0,1.0,0.0
0.7920711403493464,0.6032866526811791,0.46496419050792165,-0.5899624381190469,-0.8082574179725824,0.0,1.0,0.0
-1.005774155956132,-0.8818112243219832,3.117314792245485,-2.25908005020523,1.415335906792738,0.0,0.0,1.0
-0.006971213564205815,0.9408088974546268,-0.17315363208584358,-0.18017907227752872,-1.403303518966119,0.0,1.0,0.0
0.04296893355540185,0.9408088974546268,-0.400656507967099,-0.43004697827845434,-0.9805076051022904,0.0,1.0,0.0
0.3925499633925703,-0.2067667347750878,-1.5603662898983768,1.488938539808654,0.9455626691662619,0.0,0.0,1.0
-0.10685150780339275,-0.2067667347750878,-0.3118748978670969,-0.04025304491701052,-0.32282507242522374,0.0,1.0,0.0
0.5423704047513649,1.5483489380468558,-0.028883515673340132,-0.10022134235723282,0.3348574602518429,0.0,1.0,0.0
1.3414127586648887,1.1433222443187032,-0.3285214497608473,0.5194510645250631,-1.5598945981749444,0.0,1.0,0.0
-0.9558340088365244,-1.2868379180500975,1.397171096557944,-1.2696031424415646,-0.6986436625264046,0.0,1.0,0.0
0.9918317288277203,-0.2067667347750878,-0.8501134090983598,2.2685264065315422,0.5384258632233159,0.0,0.0,1.0
-0.8060135674777581,-0.5442889795485355,0.3206940740954182,-0.6499307355592692,0.13128905728036988,0.0,0.0,1.0
0.34260981627296266,0.40077330581714116,-0.18980018397959397,-0.4400416945184915,-0.04096112984933804,0.0,0.0,1.0
1.2914726115453095,0.33326885686243624,-0.08437202198584146,-0.6299413030791948,1.5092905543180333,0.0,0.0,1.0
0.8919514345885334,0.46827775477180766,0.3206940740954182,-0.9197880740402689,-0.5263934753966968,0.0,1.0,0.0
-0.05691136068381348,0.33326885686243624,-0.0011392625170894694,-0.7198937492395286,1.6502225256059762,0.0,1.0,0.0
-0.30661209628179503,-0.6792978774579069,0.6702716638641766,-1.1596612638011576,0.4914485394606683,0.0,1.0,0.0
-1.8547566569892635,-1.961882407596993,-0.028883515673340132,-0.6199465868391584,0.6793578345112588,0.0,0.0,1.0
-0.9058938617169451,-0.5442889795485355,2.1240705292517115,-1.7393548057233048,0.3818347840144905,0.0,1.0,0.0
-1.405295332912908,-1.1518290201407262,1.313938337089192,-1.1996401287613057,-1.0118258209440554,0.0,0.0,1.0
1.740933935621665,2.020880080729675,-1.2052398494983683,1.9486954868503574,-0.5733707991593444,0.0,1.0,0.0
0.04296893355540185,-0.5442889795485355,-0.03443236630459026,-0.30011566715797333,-0.1035975615328682,0.0,1.0,0.0
0.8919514345885334,0.7382955505905888,0.686918215757927,-0.8398303441199725,1.4309950147136206,0.0,0.0,1.0
-1.105654450195319,-0.7468023264126119,-1.4271938747483734,1.8087694594898391,0.006016193913309572,0.0,1.0,0.0
0.04296893355540185,-0.13926228582038291,-0.6059639813233539,1.6688434321293208,-0.996166713023173,0.0,1.0,0.0
-0.8559537145973374,-1.2868379180500975,1.6690647774892005,-1.8492966843637122,-0.3071659645043412,0.0,1.0,0.0
-0.7560734203581504,-0.8143067753672784,-1.1497513431858668,1.9087166218902094,0.11562994935948734,0.0,1.0,0.0
-1.305415038673721,-1.0843245711860596,-0.8168203053108589,0.9692132953267292,1.0395173166915572,0.0,1.0,0.0
-0.8559537145973374,-0.7468023264126119,-0.8889553635171107,1.4689491073285805,-0.26018864074169357,0.0,1.0,0.0
1.9906346712196465,2.1558889786390463,0.4205733854579206,-0.2201579372376774,0.3035392444100778,0.0,1.0,0.0
-0.7061332732385428,-0.3417756326844592,0.24855901588916648,-0.8198409116398986,-1.262371547678176,1.0,0.0,0.0
1.1915923173060943,0.33326885686243624,-0.21754443713584465,-0.3300998158780841,0.8829262374827318,0.0,0.0,1.0
0.19278937491416806,1.0758177953640367,-0.9999323761421133,1.5389121210088392,0.8202898057992016,0.0,0.0,1.0
-1.005774155956132,-1.6243601628235453,0.2319124639954161,0.33954617220439615,0.08431173351772227,0.0,0.0,1.0
1.4912332000236834,0.8057999995452554,-0.43949846238584994,0.3895197534045813,-0.07227934569110313,0.0,0.0,1.0
0.3925499633925703,0.13075550999835991,1.7245532838017017,-1.7193653732432308,-1.1684169001528808,0.0,1.0,0.0
-1.305415038673721,-1.0843245711860596,-0.12321397640459239,0.09967298244350768,-1.403303518966119,0.0,0.0,1.0
-0.5563128318797765,0.06325106104369341,0.6425274107079259,-0.8498250603600097,1.0081991008497921,0.0,0.0,1.0
-0.9058938617169451,-0.8818112243219832,-0.5726708775358531,0.9092449978865069,-1.2780306555990586,0.0,1.0,0.0
0.09290908067498112,0.1982599589530648,-1.155300193817117,1.2090864850876175,-1.2153942239155284,0.0,1.0,0.0
-1.305415038673721,-1.1518290201407262,-1.1331047912921166,1.788780027009765,0.08431173351772227,0.0,0.0,1.0
-1.105654450195319,-1.0843245711860596,-0.15095822956084304,-0.49001527571867665,0.47578943153978576,1.0,0.0,0.0
-1.2554748915541136,-0.7468023264126119,0.08209349695166251,-0.5199994244387881,1.5092905543180333,0.0,1.0,0.0
-0.3565522434013743,-0.6792978774579069,-0.6891967407921059,0.7593242542859515,0.7576533741156715,0.0,1.0,0.0
0.19278937491416806,1.1433222443187032,-0.4450473130171001,0.559429929485211,-1.638190137779357,0.0,1.0,0.0
0.2926696691533834,1.1433222443187032,-0.8334668572046093,1.2090864850876175,1.6032452018433285,0.0,0.0,1.0
-0.506372684760169,0.2657644079077313,-0.3118748978670969,0.1496465636436928,-0.18189310113728088,0.0,1.0,0.0
1.141652170186515,1.0083133464093317,-0.0732743207233412,-0.18017907227752872,-0.9491893892605253,1.0,0.0,0.0
-1.0557143030757397,-1.0168201222313547,3.272682609920489,-2.1291487390847488,0.28788013648919525,1.0,0.0,0.0
0.8420112874689257,0.670791101635884,2.645662488589224,-2.0691804416445265,1.1334719642168525,1.0,0.0,0.0
-1.205534744434506,-0.9493156732766498,-0.09546972324834173,-0.30011566715797333,-0.025302021928455508,0.0,1.0,0.0
1.7908740827412726,1.750862284910932,-0.20644673587334436,-0.05024776115704769,-0.07227934569110313,0.0,1.0,0.0
-1.605055921391282,-1.4893512649141738,-0.8057226040483587,0.7693189705259886,0.7419942661947889,0.0,1.0,0.0
-0.05691136068381348,-0.3417756326844592,2.6012716835392227,-1.9592385630041196,0.8985853454036143,0.0,1.0,0.0
1.6410536413824781,1.8183667338655987,-1.5381708873733762,2.378468285171949,-0.11925666945375074,0.0,1.0,0.0
1.241532464425702,1.0083133464093317,-0.10101857387959186,0.4095091858846556,-1.1057804684693506,0.0,1.0,0.0
-0.5563128318797765,-1.0168201222313547,-0.6891967407921059,1.398986093648321,-1.5912128140167094,1.0,0.0,0.0
0.9918317288277203,0.40077330581714116,0.24301016525791636,-0.4800205594786395,0.9925399929289095,0.0,1.0,0.0
-1.6549960685108898,-1.4218468159595072,1.1308262662579376,-1.2096348450013428,-0.823916525893465,0.0,1.0,0.0
0.19278937491416806,-0.07175783686571639,-0.1454093789295929,-0.1302054910773436,-0.4950752595549317,1.0,0.0,0.0
-0.8060135674777581,-0.40928008163916413,-0.8168203053108589,1.0091921602868772,0.14694816520125242,0.0,1.0,0.0
1.740933935621665,2.08838452968438,1.985349263470458,-1.6394076433229345,-0.5107343674758142,0.0,1.0,0.0
-0.8559537145973374,-0.6792978774579069,-0.3840099560733486,-0.1601896397974551,-1.5285763823331793,1.0,0.0,0.0
-1.305415038673721,-1.219333469095431,-0.9999323761421133,0.689361240605692,1.4309950147136206,1.0,0.0,0.0
1.141652170186515,0.8057999995452554,-0.4727915661733507,0.3795250371645441,0.06865262559683973,0.0,0.0,1.0
1.241532464425702,1.3458355911827795,-0.7113921433171064,0.4195039021246928,1.0864946404542049,0.0,1.0,0.0
-1.105654450195319,-0.6792978774579069,0.7535044233329286,-0.9997458039605651,0.03733440975507465,0.0,0.0,1.0
1.9406945241000388,2.1558889786390463,-0.32297259912959714,-0.0002741799568625625,-0.11925666945375074,0.0,1.0,0.0
-0.30661209628179503,-0.6117934285032021,0.043251542532911594,0.08967826620347052,-0.9022120654978777,1.0,0.0,0.0
-1.0557143030757397,-0.6792978774579069,-0.07882317135459133,-0.15019492355741795,0.08431173351772227,0.0,0.0,1.0
1.0917120230669073,0.5357822037265125,0.7424067220704282,-0.7098990329994915,-0.8708938496561126,0.0,1.0,0.0
-0.506372684760169,0.1982599589530648,-0.21199558650459452,0.2995673072442482,-0.26018864074169357,0.0,1.0,0.0
1.8408142298608519,1.6833578359562271,0.5149038461891728,-0.3400945321181213,1.2274266117421475,0.0,1.0,0.0
1.740933935621665,1.0758177953640367,3.572320544007996,-2.299058915165378,0.03733440975507465,0.0,1.0,0.0
-1.105654450195319,-0.7468023264126119,-0.11766512577334225,0.039704685003285396,-1.6538492457002396,0.0,1.0,0.0
0.14284922779458878,-0.13926228582038291,-0.4949869686983513,1.4989332560486912,0.42881210777713813,0.0,1.0,0.0
1.8907543769804596,2.08838452968438,-0.8057226040483587,0.5394404970051366,-1.1214395763902332,0.0,1.0,0.0
0.09290908067498112,-0.27427118372975434,-0.5393777737483523,0.919239714126544,-0.7299618783681697,1.0,0.0,0.0
0.34260981627296266,-0.3417756326844592,0.8089929296454299,-0.8898039253201576,-1.262371547678176,0.0,1.0,0.0
-1.0557143030757397,-1.4893512649141738,-0.48943811806710114,-0.18017907227752872,-0.43243882787140153,0.0,1.0,0.0
-0.3565522434013743,0.5357822037265125,-0.6281593838483545,0.2395990098040259,-1.6851674615420047,0.0,1.0,0.0
1.3414127586648887,0.33326885686243624,-0.15650708019209317,-0.23015265347771385,-0.7456209862890523,0.0,1.0,0.0
-1.2554748915541136,-0.9493156732766498,-0.32297259912959714,-0.12021077483730715,-1.465939950649649,1.0,0.0,0.0
0.19278937491416806,0.670791101635884,1.4582084535016955,-1.399534453562046,1.3996767988718555,0.0,1.0,0.0
1.141652170186515,1.1433222443187032,-0.7724295002608579,0.15964127988372998,0.44447121569802067,0.0,1.0,0.0
-1.305415038673721,-0.8143067753672784,0.6203320081829253,-0.5899624381190469,0.8672671295618493,0.0,1.0,0.0
-1.005774155956132,-0.5442889795485355,0.6980159170204272,-0.3400945321181213,-1.3406670872825888,0.0,1.0,0.0
1.740933935621665,1.8183667338655987,-0.6614524876358553,0.9092449978865069,-1.027484928864938,0.0,0.0,1.0
-0.9058938617169451,-1.4218468159595072,-0.4284007611233497,0.5494352132451739,0.9925399929289095,1.0,0.0,0.0
-0.6561931261189635,-0.5442889795485355,0.25965671715166677,-0.8598197766000468,1.1334719642168525,0.0,1.0,0.0
1.1915923173060943,0.13075550999835991,0.5204526968204229,-1.1996401287613057,0.8829262374827318,0.0,1.0,0.0
1.6410536413824781,0.8733044484999603,0.29294982093916755,-0.6299413030791948,-1.465939950649649,0.0,1.0,0.0
1.6909937885020574,1.210826693273408,-0.9610904217233625,1.089149890207173,1.446654122634503,0.0,1.0,0.0
-0.40649239052098196,-0.07175783686571639,-0.12876282703584252,0.13965184740365566,1.7441771731312714,0.0,1.0,0.0
2.040574818339254,2.2233934275937512,-0.7890760521546083,0.959218579086692,-1.1527577922319983,1.0,0.0,0.0
-0.9558340088365244,-0.6792978774579069,0.10983775010791318,-0.599957154359084,-0.8395756338143475,0.0,1.0,0.0
-1.305415038673721,-1.0168201222313547,-0.35626570291709797,0.7193453893258035,-0.6046890150011095,0.0,1.0,0.0
-0.8559537145973374,-0.6792978774579069,-0.0732743207233412,-0.3101103833980105,-1.3719853031243538,0.0,0.0,1.0
-0.8559537145973374,0.06325106104369341,0.03215384127041133,-0.37007868083823275,-0.2758477486625761,0.0,1.0,0.0
1.8408142298608519,1.8858711828203034,0.48715959303292217,-0.8298356278799357,-1.058803144706703,0.0,1.0,0.0
-0.7560734203581504,-1.3543423670048025,0.4705130411391718,-1.0197352364406391,0.8202898057992016,0.0,1.0,0.0
0.8919514345885334,0.7382955505905888,0.02105614000791106,-0.3600839645981956,0.19392548896390005,1.0,0.0,0.0
0.34260981627296266,-0.2067667347750878,-0.7890760521546083,1.129128755167321,0.7419942661947889,0.0,0.0,1.0
-0.9558340088365244,-0.3417756326844592,-0.400656507967099,0.1796307123638036,-0.9335302813396428,0.0,1.0,0.0
-0.5563128318797765,0.06325106104369341,-1.0165789280358637,0.7793136867660251,0.13128905728036988,0.0,1.0,0.0
-0.05691136068381348,0.2657644079077313,-0.9555415710921122,1.3290230799680616,1.4623132305553856,0.0,0.0,1.0
-1.305415038673721,-1.2868379180500975,1.0808866105766863,-1.2296242774814168,-0.589029907080227,0.0,0.0,1.0
0.6422506989905519,0.5357822037265125,-0.4949869686983513,0.689361240605692,-0.7612800942099348,0.0,1.0,0.0
0.7421309932297389,0.33326885686243624,-0.028883515673340132,-0.07023719363712203,0.1782663810430175,0.0,1.0,0.0
0.8919514345885334,0.46827775477180766,0.06544694505791213,-0.23015265347771385,-0.6829845546055221,0.0,1.0,0.0
2.0905149654588335,2.2908978765484176,-0.31742374849834704,0.13965184740365566,-1.1840760080737633,0.0,1.0,0.0
1.0917120230669073,0.8057999995452554,1.8521768483204548,-1.5994287783627865,-0.13491577737463328,0.0,0.0,1.0
0.7920711403493464,0.46827775477180766,-0.694745591423356,1.1691076201274697,1.3996767988718555,1.0,0.0,0.0
0.14284922779458878,-0.27427118372975434,-0.012236963779589735,-0.29012095091793616,1.24308571966303,0.0,1.0,0.0
1.241532464425702,1.2783311422280745,-0.483889267435851,0.7393348218058772,-0.47941615163404916,0.0,1.0,0.0
0.24272952203377574,0.1982599589530648,-0.5782197281671032,0.329551455964359,-1.1997351159946459,0.0,1.0,0.0
0.34260981627296266,0.06325106104369341,0.015507289376660929,-0.4500364107585287,1.3057221513465602,0.0,1.0,0.0
0.09290908067498112,-0.13926228582038291,-0.0732743207233412,0.559429929485211,1.0551764246124398,0.0,1.0,0.0
0.34260981627296266,0.06325106104369341,0.14313085389541397,0.01971525252321177,-0.416779719950519,0.0,1.0,0.0
-0.20673180204257968,-0.47678453059383064,0.10428889947666305,-0.5199994244387881,0.11562994935948734,0.0,1.0,0.0
0.34260981627296266,0.670791101635884,2.3848665089204677,-1.9292544142840085,0.021675301834192112,0.0,1.0,0.0
-0.45643253764056124,0.40077330581714116,1.5469900636016976,-1.5894340621227494,1.0238582087706747,0.0,1.0,0.0
-1.305415038673721,-1.3543423670048025,-0.8667599609921102,0.6193982269254332,1.2587448275839126,0.0,1.0,0.0
-0.5563128318797765,-0.9493156732766498,0.11538660073916332,-0.7798620466797502,0.16260727312213497,0.0,1.0,0.0
-0.9558340088365244,-1.219333469095431,0.6369785600766757,-0.470025843238603,0.7419942661947889,0.0,0.0,1.0
1.5911134942628704,0.9408088974546268,3.122863642876735,-2.0991645903646377,-1.606871921937592,0.0,0.0,1.0
0.3925499633925703,1.6833578359562271,-0.12321397640459239,-0.08023190987715847,-0.009642914007572967,0.0,1.0,0.0
1.6410536413824781,1.210826693273408,-0.2785817940795961,0.9392291466066176,-0.6829845546055221,0.0,0.0,1.0
-0.9058938617169451,-1.2868379180500975,-0.0399812169358404,0.24959372604406307,0.7263351582739064,0.0,1.0,0.0
-1.3553551857933004,-1.0843245711860596,-0.38955880670459875,0.6693718081256184,-0.6673254466846396,0.0,1.0,0.0
-0.6062529789993558,-0.07175783686571639,-0.6170616825858541,0.2395990098040259,0.3818347840144905,0.0,1.0,0.0
0.04296893355540185,-0.40928008163916413,0.858932585326681,-1.259608426201528,-0.996166713023173,0.0,1.0,0.0
-1.005774155956132,-1.5568557138688788,-0.6059639813233539,0.72934010556584,-0.9178711734187602,0.0,1.0,0.0
0.04296893355540185,0.9408088974546268,-0.3007771966045966,0.039704685003285396,-0.5107343674758142,1.0,0.0,0.0
-1.205534744434506,-1.961882407596993,-0.0732743207233412,-0.09022662611719565,-1.0744622526275855,0.0,0.0,1.0
1.141652170186515,1.1433222443187032,-0.3118748978670969,0.04969940124332256,-1.5598945981749444,0.0,0.0,1.0
1.5911134942628704,0.8057999995452554,-0.7502340977358574,1.089149890207173,-1.1997351159946459,0.0,1.0,0.0
0.8420112874689257,0.5357822037265125,0.45941533987667155,-0.2201579372376774,-1.6851674615420047,0.0,1.0,0.0
-1.205534744434506,-0.6792978774579069,1.0864354612079365,-1.3595555886018982,-1.0431440367858205,1.0,0.0,0.0
1.241532464425702,0.1982599589530648,-0.7113921433171064,0.9492238628466548,0.03733440975507465,0.0,0.0,1.0
-1.7548763627500765,-1.6243601628235453,0.009958438745410796,-0.15019492355741795,-0.15057488529551583,0.0,1.0,0.0
-1.1555945973149266,-0.8818112243219832,-0.5005358193296015,0.01971525252321177,-0.19755220905816342,0.0,1.0,0.0
0.4924302576317573,0.33326885686243624,2.1795590355642127,-1.8293072518836382,-0.4480979357922841,0.0,1.0,0.0
-2.104457392587245,-2.3669091013251458,-0.028883515673340132,-0.21016322099764023,-0.3071659645043412,0.0,1.0,0.0
1.740933935621665,1.0758177953640367,0.20971706147041558,-0.1901737885175659,0.06865262559683973,0.0,1.0,0.0
0.04296893355540185,1.0758177953640367,-0.051078918198340664,-0.3400945321181213,-0.5263934753966968,0.0,1.0,0.0
1.4912332000236834,0.8057999995452554,0.5648435018704241,-0.7398831817196023,-0.6986436625264046,0.0,1.0,0.0
0.3925499633925703,0.8057999995452554,3.871958478095503,-2.299058915165378,-0.19755220905816342,1.0,0.0,0.0
1.7908740827412726,1.95337563177497,-0.4949869686983513,0.5294457807650995,-1.231053331836411,0.0,1.0,0.0
0.04296893355540185,-0.27427118372975434,-0.9056019154108611,1.2090864850876175,0.6167214028277286,0.0,0.0,1.0
0.2926696691533834,0.5357822037265125,-0.8945042141483608,1.1191340389272846,0.1782663810430175,0.0,1.0,0.0
0.04296893355540185,-0.13926228582038291,-0.0399812169358404,-0.020263612436936897,0.11562994935948734,0.0,1.0,0.0
0.09290908067498112,1.1433222443187032,-0.5060846699608516,1.4189755261283954,1.0238582087706747,0.0,1.0,0.0
0.09290908067498112,-0.27427118372975434,-0.9999323761421133,1.1491181876473953,-0.651666338763757,0.0,1.0,0.0
0.9918317288277203,0.6032866526811791,-0.0011392625170894694,-0.5799677218790097,-1.4815990585705316,0.0,1.0,0.0
0.9918317288277203,0.33326885686243624,-1.5326220367421262,2.058637365490765,-0.2758477486625761,0.0,1.0,0.0
-0.6062529789993558,-0.004253387911011494,3.1006682403517347,-2.0391962929244154,0.6323805107486111,0.0,1.0,0.0
-1.005774155956132,-0.5442889795485355,-0.5615731762733529,0.289572591004211,-0.1035975615328682,0.0,0.0,1.0
0.7920711403493464,0.6032866526811791,-0.8556622597296099,1.0691604577270994,1.3683585830300904,0.0,1.0,0.0
0.4424901105121496,-0.2067667347750878,-0.43949846238584994,0.2096148610839151,1.149131072137735,0.0,1.0,0.0
-2.25427783394604,-2.6369268971438884,1.569185466126698,-1.5694446296426754,0.8829262374827318,0.0,0.0,1.0
1.141652170186515,0.06325106104369341,0.6314297094454256,-1.0297299526806762,-1.1527577922319983,0.0,1.0,0.0
-0.20673180204257968,-0.5442889795485355,0.0044095881141606634,-0.3300998158780841,1.7754953889730365,0.0,1.0,0.0
0.14284922779458878,-0.2067667347750878,-0.483889267435851,0.1496465636436928,0.4914485394606683,1.0,0.0,0.0
0.4424901105121496,0.6032866526811791,-0.9388950191983618,1.2490653500477655,-0.009642914007572967,0.0,1.0,0.0
1.141652170186515,0.6032866526811791,-0.7557829483671075,0.7193453893258035,1.0238582087706747,0.0,1.0,0.0
-1.405295332912908,-0.9493156732766498,0.5370992487141734,-0.8698144928400837,1.3213812592674428,0.0,1.0,0.0
-0.6062529789993558,-0.07175783686571639,-0.5560243256421027,0.5194510645250631,-1.058803144706703,1.0,0.0,0.0
0.7920711403493464,-0.004253387911011494,1.8299814457954542,-1.709370657003194,-1.403303518966119,0.0,1.0,0.0
-2.154397539706853,-2.569422448189222,4.055070548926757,-2.5389321049262668,0.6480396186694937,0.0,1.0,0.0
0.9418915817081127,0.8733044484999603,-0.09546972324834173,-0.4400416945184915,-0.6986436625264046,0.0,0.0,1.0
0.5923105518709442,1.5483489380468558,-0.06217661946084093,-0.1601896397974551,-0.3541432882669888,0.0,1.0,0.0
1.041771875947328,0.46827775477180766,-1.1885932976046178,0.5094563482850258,1.5719269860015634,0.0,1.0,0.0
-0.506372684760169,-0.8818112243219832,-0.7946249027858584,0.8592714166863218,-1.6851674615420047,0.0,1.0,0.0
-1.3553551857933004,-1.0843245711860596,-0.6059639813233539,0.5694246457252482,-1.4502808427287666,0.0,1.0,0.0
0.24272952203377574,0.7382955505905888,0.043251542532911594,-0.280126234677899,-1.575553706095827,0.0,1.0,0.0
-0.7560734203581504,-1.1518290201407262,-0.8778576622546104,1.049171025247025,-1.3406670872825888,0.0,0.0,1.0
-1.305415038673721,-1.1518290201407262,-1.066518583717115,0.5794193619652847,-1.0118258209440554,0.0,1.0,0.0
-0.3565522434013743,0.33326885686243624,-0.7502340977358574,0.7493295380459143,-1.4972581664914142,0.0,0.0,1.0
-0.6062529789993558,-0.2067667347750878,-0.5060846699608516,0.4794721995649144,-1.1997351159946459,0.0,0.0,1.0
0.09290908067498112,-0.3417756326844592,-0.5726708775358531,0.8792608491663954,0.42881210777713813,0.0,1.0,0.0
-0.40649239052098196,0.2657644079077313,-0.8001737534171085,1.5389121210088392,-0.4950752595549317,0.0,0.0,1.0
-0.9058938617169451,-0.6792978774579069,-0.6725501888983555,0.4195039021246928,-0.32282507242522374,0.0,1.0,0.0
-0.506372684760169,0.2657644079077313,-0.9333461685671117,1.3789966611682467,1.8851091444192143,0.0,1.0,0.0
1.4912332000236834,1.8183667338655987,-0.6281593838483545,0.6793665243656548,-0.13491577737463328,0.0,0.0,1.0
1.141652170186515,0.9408088974546268,-0.3063260472358468,-0.05024776115704769,-1.3406670872825888,0.0,0.0,1.0
0.6921908461101312,0.670791101635884,-1.6935387050483799,1.578890985968987,0.6950169424321413,0.0,0.0,1.0
1.0917120230669073,0.5357822037265125,3.6832975566329984,-2.339037780125526,-0.9491893892605253,0.0,1.0,0.0
0.6921908461101312,0.33326885686243624,-0.5948662800608536,1.4289702423684318,-0.416779719950519,0.0,1.0,0.0
-1.6549960685108898,-1.6243601628235453,-0.12876282703584252,-0.26013680219782537,0.601062294906846,0.0,1.0,0.0
-0.5563128318797765,-1.219333469095431,-0.9277973179358616,2.3584788526918756,-1.2153942239155284,0.0,0.0,1.0
0.04296893355540185,-0.5442889795485355,-1.1830444469733676,1.5888857022090244,-0.823916525893465,0.0,1.0,0.0
0.04296893355540185,-0.27427118372975434,0.24855901588916648,-0.3300998158780841,0.8985853454036143,0.0,0.0,1.0
-0.8060135674777581,-0.40928008163916413,-0.4339496117545998,0.6293929431654698,0.2095845968847826,0.0,1.0,0.0
-0.7560734203581504,-0.3417756326844592,-0.21199558650459452,0.01971525252321177,0.09997084143860481,0.0,0.0,1.0
-1.005774155956132,-1.4893512649141738,-0.8501134090983598,1.7288117295695424,0.6167214028277286,0.0,1.0,0.0
-1.8547566569892635,-1.759369060732955,1.2251567269891899,-1.1596612638011576,-0.8082574179725824,0.0,1.0,0.0
-0.006971213564205815,-0.2067667347750878,0.015507289376660929,0.7093506730857664,-1.2936897635199411,0.0,1.0,0.0
1.6410536413824781,1.210826693273408,0.8478348840641808,-0.9397775065203428,-1.403303518966119,0.0,1.0,0.0
1.740933935621665,1.6833578359562271,-1.033225479929614,1.0991446064472101,1.0081991008497921,0.0,0.0,1.0
-0.006971213564205815,-0.3417756326844592,1.8299814457954542,-1.729360089483268,-0.9178711734187602,0.0,1.0,0.0
0.7421309932297389,0.5357822037265125,-0.6780990395296056,0.9692132953267292,-1.606871921937592,0.0,1.0,0.0
0.6921908461101312,0.670791101635884,0.5260015474516732,-0.7398831817196023,0.7419942661947889,0.0,1.0,0.0
1.041771875947328,0.5357822037265125,0.14313085389541397,-0.470025843238603,-1.5912128140167094,0.0,1.0,0.0
0.7421309932297389,0.40077330581714116,-0.8057226040483587,0.649382375645544,1.5406087701597984,0.0,1.0,0.0
1.141652170186515,0.6032866526811791,1.23625442825169,-1.5494551971626014,-0.5420525833175793,0.0,0.0,1.0
0.4924302576317573,0.8057999995452554,-0.9777369736171128,0.6293929431654698,-0.7143027704472872,0.0,1.0,0.0
0.4924302576317573,1.4133400401374843,-0.9000530647796109,0.9892027278068027,-0.9335302813396428,0.0,1.0,0.0
0.7421309932297389,0.46827775477180766,-0.6392570851108547,1.1091393226872475,-1.3406670872825888,0.0,1.0,0.0
0.14284922779458878,-0.004253387911011494,-0.7224898445796067,0.3195567397243225,-1.5442354902540618,0.0,0.0,1.0
-0.3565522434013743,-1.0843245711860596,-0.5615731762733529,0.22960429356398873,-1.6851674615420047,0.0,0.0,1.0
0.09290908067498112,-0.13926228582038291,-0.6725501888983555,0.9292344303665805,-1.434621734807884,0.0,1.0,0.0
0.6422506989905519,0.2657644079077313,-0.694745591423356,1.1391234714073581,1.4309950147136206,0.0,1.0,0.0
0.8919514345885334,0.33326885686243624,-0.33961915102334755,-0.14020020731738078,0.5227667553024333,1.0,0.0,0.0
1.4912332000236834,1.8183667338655987,-0.9888346748796131,0.8792608491663954,0.19392548896390005,0.0,1.0,0.0
-1.105654450195319,-0.40928008163916413,-0.522731221854602,0.8192925517261738,-1.5285763823331793,1.0,0.0,0.0
-0.6561931261189635,-0.13926228582038291,-0.38955880670459875,-0.1601896397974551,-0.7143027704472872,0.0,1.0,0.0
-0.506372684760169,-0.6792978774579069,0.026604990639161195,-0.8198409116398986,-1.2936897635199411,0.0,1.0,0.0
0.6921908461101312,0.40077330581714116,-1.066518583717115,1.3290230799680616,-0.056620237770220586,0.0,1.0,0.0
0.04296893355540185,0.9408088974546268,-0.08437202198584146,0.05969411748335973,-0.15057488529551583,0.0,0.0,1.0
-0.7560734203581504,-0.3417756326844592,-1.244081803917119,0.8892555654064326,0.3035392444100778,0.0,0.0,1.0
-0.9058938617169451,-1.4218468159595072,-1.2551795051796195,2.728283353573245,-0.6360072308428746,0.0,1.0,0.0
0.14284922779458878,-0.5442889795485355,0.2652055677829169,-0.8598197766000468,-1.0118258209440554,0.0,1.0,0.0
0.2926696691533834,-0.40928008163916413,-0.3784611054420985,0.4095091858846556,2.1356548711533345,0.0,1.0,0.0
0.6921908461101312,0.8733044484999603,0.7479555727016785,-0.6699201680393435,-0.9648484971814079,0.0,1.0,0.0
-0.9058938617169451,-1.0843245711860596,0.770150975226679,-0.5399888569188618,-0.416779719950519,1.0,0.0,0.0
-0.7061332732385428,-0.40928008163916413,-1.238532953285869,1.1391234714073581,-0.8708938496561126,0.0,1.0,0.0
0.5423704047513649,0.33326885686243624,-1.194142148235868,1.2390706338077284,0.9925399929289095,0.0,1.0,0.0
1.241532464425702,1.0083133464093317,0.48161074240167207,-0.40006282955834355,-0.996166713023173,1.0,0.0,0.0
-0.506372684760169,0.1982599589530648,-0.567122026904603,0.7793136867660251,-0.13491577737463328,0.0,1.0,0.0
-2.204337686826432,-2.569422448189222,-0.6281593838483545,0.8592714166863218,0.2565619206474302,0.0,1.0,0.0
-1.205534744434506,-1.0168201222313547,-0.483889267435851,0.2595884422841002,0.13128905728036988,0.0,1.0,0.0
-0.6062529789993558,-0.6117934285032021,-0.8945042141483608,1.438964958608469,0.8985853454036143,0.0,1.0,0.0
0.04296893355540185,0.8733044484999603,1.1585705194141882,-1.3395661561218237,-1.027484928864938,0.0,0.0,1.0
0.2926696691533834,-0.27427118372975434,-0.9666392723546126,0.99919744404684,-0.589029907080227,0.0,0.0,1.0
1.0917120230669073,0.7382955505905888,-0.12876282703584252,-0.6299413030791948,0.7889715899574365,0.0,0.0,1.0
-1.405295332912908,-1.0843245711860596,3.566771693376746,-2.269074766445267,0.1782663810430175,1.0,0.0,0.0
0.9918317288277203,0.5357822037265125,2.0130935166267085,-1.6593970758030088,1.2587448275839126,0.0,1.0,0.0
-1.405295332912908,-1.4218468159595072,0.8200906309079301,-0.9597669390004171,-0.40112061202963645,0.0,0.0,1.0
-0.8060135674777581,-0.6792978774579069,-0.3618145535483481,1.26905478252784,-0.19755220905816342,0.0,1.0,0.0
0.8420112874689257,0.670791101635884,0.03770269190166146,0.2995673072442482,-1.3250079793617062,0.0,1.0,0.0
-0.6062529789993558,-0.13926228582038291,-0.7002944420546061,0.5494352132451739,-0.6829845546055221,0.0,0.0,1.0
0.4424901105121496,0.46827775477180766,-0.3951076573358489,-0.38007339707826926,1.5719269860015634,0.0,1.0,0.0
0.8420112874689257,0.33326885686243624,-0.4505961636483502,0.13965184740365566,0.7106760503530238,0.0,0.0,1.0
-0.7061332732385428,-0.27427118372975434,-1.0831651356108654,1.93870077061032,1.446654122634503,0.0,0.0,1.0
-0.6062529789993558,-0.27427118372975434,0.8533837346954309,-0.6699201680393435,0.976880885008027,0.0,0.0,1.0
0.7920711403493464,0.46827775477180766,-0.8834065128858606,1.1791023363675062,1.6971998493686238,0.0,1.0,0.0
1.141652170186515,0.40077330581714116,-0.07882317135459133,0.8692661329263589,0.09997084143860481,1.0,0.0,0.0
-0.8559537145973374,-0.7468023264126119,0.5925877550266747,-1.4595027510022685,-0.9648484971814079,0.0,0.0,1.0
0.7920711403493464,0.2657644079077313,-0.4672427155421006,-0.10022134235723282,0.16260727312213497,0.0,0.0,1.0
-0.6062529789993558,-0.2067667347750878,-0.9166996166733613,1.8587430406900243,0.24090281272654765,0.0,1.0,0.0
-0.506372684760169,0.2657644079077313,-1.110909388767116,0.959218579086692,-0.21321131697904597,0.0,1.0,0.0
0.6921908461101312,0.40077330581714116,-0.4450473130171001,0.689361240605692,-1.262371547678176,0.0,0.0,1.0
0.19278937491416806,0.1982599589530648,-0.012236963779589735,-0.5000099919587139,-1.1684169001528808,0.0,0.0,1.0
-0.7560734203581504,-0.004253387911011494,-0.2619352421858457,0.11966241492358203,-1.3876444110452364,0.0,1.0,0.0
-0.506372684760169,0.2657644079077313,-0.8723088116233603,1.2990389312479507,-0.29150685658345865,0.0,1.0,0.0
-0.40649239052098196,0.46827775477180766,0.5370992487141734,-1.0597141014007874,-1.3250079793617062,1.0,0.0,0.0
-0.45643253764056124,-0.6792978774579069,-0.4949869686983513,0.2995673072442482,-1.058803144706703,0.0,1.0,0.0
-0.3565522434013743,0.2657644079077313,-0.8112714546796088,0.48946691580495155,0.8516080216409667,1.0,0.0,0.0
-1.2554748915541136,-1.0168201222313547,0.3206940740954182,-0.3600839645981956,0.06865262559683973,0.0,1.0,0.0
0.5923105518709442,0.670791101635884,0.026604990639161195,-0.07023719363712203,1.7128589572895063,0.0,1.0,0.0
1.3414127586648887,0.670791101635884,0.858932585326681,-1.0197352364406391,0.6636987265903762,0.0,1.0,0.0
-0.10685150780339275,-0.2067667347750878,-1.2163375507608685,2.168579244131172,0.4131529998562556,0.0,0.0,1.0
0.2926696691533834,0.13075550999835991,0.08764234758291266,0.18962542860384077,-1.3876444110452364,0.0,1.0,0.0
-0.9558340088365244,-0.6792978774579069,-0.03443236630459026,-0.3900681133183064,1.2744039355047951,0.0,0.0,1.0
0.04296893355540185,-0.5442889795485355,0.3317917753579185,-0.9897510877205279,1.6971998493686238,0.0,1.0,0.0
-1.3553551857933004,-0.9493156732766498,0.24855901588916648,-1.0597141014007874,0.5227667553024333,0.0,0.0,1.0
-1.405295332912908,-1.1518290201407262,-0.611512831954604,0.19962014484387794,-1.5912128140167094,0.0,0.0,1.0
-0.7560734203581504,-1.3543423670048025,-0.8612111103608601,1.9486954868503574,-1.262371547678176,0.0,1.0,0.0
1.4912332000236834,1.5483489380468558,0.7479555727016785,-1.0497193851607503,0.021675301834192112,0.0,0.0,1.0
1.3913529057844964,1.4808444890921508,-0.16760478145459345,-0.35008924835815847,-0.8708938496561126,0.0,1.0,0.0
1.3913529057844964,1.6158533870015224,-0.8168203053108589,0.6193982269254332,-0.589029907080227,0.0,1.0,0.0
-0.45643253764056124,0.13075550999835991,-1.0387743305608643,1.2790494987678764,-1.0431440367858205,0.0,1.0,0.0
-1.105654450195319,-1.4893512649141738,-0.7058432926858563,0.8292872679662102,-1.262371547678176,0.0,1.0,0.0
0.7421309932297389,0.7382955505905888,-0.5837685787983534,0.959218579086692,0.3348574602518429,0.0,1.0,0.0
-1.5551157742717028,-1.1518290201407262,0.08764234758291266,-0.18017907227752872,1.0551764246124398,0.0,1.0,0.0
0.6921908461101312,0.33326885686243624,-0.2785817940795961,0.3495408884444333,-0.15057488529551583,0.0,1.0,0.0
-1.0557143030757397,-0.7468023264126119,0.043251542532911594,0.39951446964461845,-0.5577116912384619,0.0,0.0,1.0
-0.15679165492300043,0.8057999995452554,1.6413205243329498,-1.6294129270828976,1.1804492879795,0.0,1.0,0.0
-2.204337686826432,-2.7044313460985934,-0.9388950191983618,1.2390706338077284,0.11562994935948734,0.0,1.0,0.0
0.2926696691533834,0.5357822037265125,-0.8334668572046093,0.8092978354861367,-0.3071659645043412,0.0,0.0,1.0
0.5923105518709442,0.46827775477180766,-0.8057226040483587,0.27957787476417384,0.9455626691662619,0.0,0.0,1.0
1.4912332000236834,1.5483489380468558,-0.3118748978670969,-0.12021077483730715,0.09997084143860481,0.0,0.0,1.0
1.1915923173060943,0.6032866526811791,-0.38955880670459875,0.15964127988372998,0.2565619206474302,0.0,0.0,1.0
-0.6062529789993558,-0.6117934285032021,-0.5560243256421027,-0.08023190987715847,-0.056620237770220586,0.0,1.0,0.0
-0.8559537145973374,-0.7468023264126119,0.8644814359579313,-0.929782790280306,1.0395173166915572,0.0,1.0,0.0
1.9406945241000388,2.1558889786390463,-0.22309328776709478,-0.26013680219782537,-1.575553706095827,0.0,1.0,0.0
-0.40649239052098196,-0.9493156732766498,0.25965671715166677,-0.43004697827845434,0.47578943153978576,0.0,0.0,1.0
-1.1555945973149266,-0.2067667347750878,0.7812486764891792,-0.9797563714804911,0.9455626691662619,0.0,0.0,1.0
0.9418915817081127,0.670791101635884,-1.3883519203296226,1.488938539808654,0.31919835233096033,0.0,1.0,0.0
0.09290908067498112,1.0758177953640367,1.5969297192829488,-1.299587291161676,-1.3406670872825888,0.0,1.0,0.0
1.9906346712196465,2.1558889786390463,-1.488231231692125,2.858214664693726,0.8359489137200842,1.0,0.0,0.0
-2.154397539706853,-2.569422448189222,-0.6448059357421049,0.24959372604406307,0.2095845968847826,0.0,0.0,1.0
0.14284922779458878,0.9408088974546268,-0.0732743207233412,-0.15019492355741795,-0.1035975615328682,0.0,1.0,0.0
-1.0557143030757397,-0.27427118372975434,-0.13431167766709265,-0.12021077483730715,0.2565619206474302,0.0,0.0,1.0
0.34260981627296266,0.7382955505905888,-0.5504754750108526,0.2995673072442482,0.6323805107486111,0.0,1.0,0.0
0.24272952203377574,1.3458355911827795,-0.6891967407921059,0.45948276708484076,-1.3250079793617062,0.0,1.0,0.0
1.241532464425702,0.1982599589530648,-0.0011392625170894694,-0.10022134235723282,0.1782663810430175,0.0,1.0,0.0
0.19278937491416806,0.5357822037265125,-0.10656742451084199,-0.24014736971775102,0.6793578345112588,0.0,1.0,0.0
-0.2566719491621874,-0.5442889795485355,-0.8112714546796088,0.72934010556584,-1.3719853031243538,0.0,1.0,0.0
-0.9558340088365244,-1.219333469095431,-0.6614524876358553,2.3884630014119863,-1.3876444110452364,0.0,0.0,1.0
-0.3565522434013743,-0.9493156732766498,-0.9333461685671117,1.049171025247025,0.44447121569802067,0.0,1.0,0.0
-0.8060135674777581,0.13075550999835991,1.030946954895435,-0.7998514791598246,-0.43243882787140153,0.0,0.0,1.0
1.6410536413824781,0.8733044484999603,-0.20644673587334436,-0.05024776115704769,-1.090121360548468,1.0,0.0,0.0
-1.2554748915541136,-1.0168201222313547,1.014300403001685,-0.9597669390004171,1.1021537483750874,0.0,1.0,0.0
0.04296893355540185,0.8733044484999603,0.6147831575516752,-0.6199465868391584,-1.090121360548468,0.0,0.0,1.0
1.2914726115453095,0.7382955505905888,-0.10656742451084199,0.2995673072442482,-0.3071659645043412,0.0,0.0,1.0
0.09290908067498112,1.0758177953640367,0.731309020807928,-1.1196823988410094,0.6480396186694937,0.0,1.0,0.0
1.4412930529040757,0.670791101635884,-0.483889267435851,1.8287588919699127,0.24090281272654765,1.0,0.0,0.0
0.14284922779458878,1.210826693273408,0.29294982093916755,-0.7898567629197875,-1.5129172744122967,0.0,0.0,1.0
0.7421309932297389,0.40077330581714116,-1.0110300774046135,0.2096148610839151,1.6345634176850936,0.0,1.0,0.0
0.8919514345885334,0.5357822037265125,-0.3840099560733486,-0.24014736971775102,1.5092905543180333,1.0,0.0,0.0
-1.305415038673721,-1.0843245711860596,1.3860733952954436,-1.4994816159624162,1.6032452018433285,0.0,0.0,1.0
0.4924302576317573,0.6032866526811791,-0.13431167766709265,-0.27013151843786254,-1.5912128140167094,0.0,1.0,0.0
-0.9058938617169451,-1.1518290201407262,2.8731653644704793,-2.199111752765008,0.9455626691662619,0.0,1.0,0.0
0.9418915817081127,0.8733044484999603,-0.21199558650459452,0.07968354996343335,-0.7612800942099348,0.0,1.0,0.0
-1.305415038673721,-0.9493156732766498,-0.06217661946084093,-1.0896982501208983,0.8672671295618493,0.0,0.0,1.0
0.19278937491416806,1.1433222443187032,-0.33961915102334755,-0.01026889619689973,1.211767503821265,0.0,0.0,1.0
0.9918317288277203,0.8057999995452554,-0.5837685787983534,0.48946691580495155,-1.4502808427287666,0.0,1.0,0.0
-1.2554748915541136,-0.40928008163916413,1.4970504079204463,-1.5694446296426754,0.03733440975507465,0.0,1.0,0.0
-0.9558340088365244,-1.2868379180500975,-0.483889267435851,0.07968354996343335,-0.8082574179725824,0.0,0.0,1.0
-1.305415038673721,-0.9493156732766498,0.5759412031329243,-0.8997986415601948,-0.29150685658345865,0.0,0.0,1.0
-0.15679165492300043,0.1982599589530648,-0.611512831954604,0.7693189705259886,-1.1370986843111157,0.0,0.0,1.0
1.141652170186515,0.9408088974546268,-0.3340703003920974,0.559429929485211,-0.7612800942099348,0.0,0.0,1.0
1.141652170186515,1.0758177953640367,-0.7835272015233582,0.9092449978865069,0.1782663810430175,0.0,1.0,0.0
0.7421309932297389,0.33326885686243624,-0.02333466504209,-0.10022134235723282,1.5092905543180333,0.0,1.0,0.0
-0.3565522434013743,-0.6792978774579069,-0.12876282703584252,-0.1302054910773436,-0.6829845546055221,0.0,1.0,0.0
0.9418915817081127,0.6032866526811791,-0.8889553635171107,1.478943823568617,-0.13491577737463328,0.0,1.0,0.0
0.2926696691533834,-0.40928008163916413,0.09319119821416279,-0.40006282955834355,-0.15057488529551583,0.0,1.0,0.0
0.9418915817081127,-0.07175783686571639,-0.9166996166733613,0.8492767004462846,1.1334719642168525,0.0,1.0,0.0
1.8408142298608519,2.020880080729675,-1.3106680114921208,1.438964958608469,-1.6538492457002396,0.0,0.0,1.0
1.9406945241000388,2.1558889786390463,-0.8112714546796088,0.649382375645544,-1.5442354902540618,0.0,1.0,0.0
0.3925499633925703,0.46827775477180766,-0.07882317135459133,-0.060242477397084854,1.0551764246124398,0.0,1.0,0.0
-0.8559537145973374,-1.1518290201407262,-0.5282800724858521,0.3795250371645441,1.0708355325333223,0.0,1.0,0.0
0.4924302576317573,1.4808444890921508,0.34288947662041874,-0.6999043167594543,0.021675301834192112,0.0,1.0,0.0
-1.3553551857933004,-1.219333469095431,0.6314297094454256,-0.8598197766000468,-1.5442354902540618,1.0,0.0,0.0
-1.4552354800324874,-1.0843245711860596,-0.9999323761421133,0.6593770918855812,1.0708355325333223,1.0,0.0,0.0
0.5923105518709442,0.7382955505905888,0.19307050957666516,-0.5699730056389732,-1.6225310298584745,0.0,0.0,1.0
1.6909937885020574,1.2783311422280745,-0.028883515673340132,-0.67991488427938,1.6032452018433285,1.0,0.0,0.0
0.5423704047513649,0.7382955505905888,-0.8612111103608601,0.24959372604406307,1.211767503821265,0.0,0.0,1.0
0.04296893355540185,-0.7468023264126119,0.04880039316416172,-0.1601896397974551,-1.1997351159946459,0.0,0.0,1.0
0.24272952203377574,1.2783311422280745,1.058691208051686,-1.2496137099614908,1.587586093922446,0.0,0.0,1.0
-0.3565522434013743,-0.7468023264126119,-0.9056019154108611,2.0286532167706532,0.8672671295618493,0.0,1.0,0.0
-0.6062529789993558,-0.9493156732766498,-0.5005358193296015,0.9392291466066176,0.6636987265903762,1.0,0.0,0.0
-1.105654450195319,-1.759369060732955,-1.022127778667114,0.5794193619652847,-0.7456209862890523,0.0,1.0,0.0
-1.2554748915541136,-0.8818112243219832,1.2307055776204399,-1.3795450210819722,0.8829262374827318,0.0,1.0,0.0
0.4424901105121496,0.670791101635884,0.15422855515791425,-0.5699730056389732,0.3505165681727254,0.0,0.0,1.0
-1.2554748915541136,-1.3543423670048025,0.11538660073916332,-0.10022134235723282,0.5227667553024333,0.0,0.0,1.0
-1.605055921391282,-1.4218468159595072,-0.9277973179358616,0.8992502816464697,0.5071076473815508,0.0,1.0,0.0
2.140455112578441,2.4259067744578275,0.2541078665204166,-0.7898567629197875,1.4779723384762682,0.0,0.0,1.0
-0.9058938617169451,-0.6792978774579069,0.5759412031329243,-0.5899624381190469,-0.26018864074169357,0.0,1.0,0.0
1.241532464425702,1.3458355911827795,0.7424067220704282,-1.0097405202006022,-1.027484928864938,0.0,1.0,0.0
-1.305415038673721,-1.1518290201407262,-0.5282800724858521,0.39951446964461845,-1.403303518966119,0.0,0.0,1.0
1.740933935621665,1.6158533870015224,-1.4160961734858732,3.0581089894944666,-0.21321131697904597,0.0,1.0,0.0
-1.205534744434506,-0.8818112243219832,-0.7280386952108568,1.478943823568617,0.6167214028277286,0.0,0.0,1.0
-0.9558340088365244,-1.2868379180500975,0.4261222360891707,-0.7198937492395286,-0.6673254466846396,0.0,1.0,0.0
1.4912332000236834,1.750862284910932,-0.8168203053108589,0.289572591004211,-0.21321131697904597,0.0,0.0,1.0
1.0917120230669073,0.6032866526811791,-0.09546972324834173,-0.4100575457983807,-0.7299618783681697,1.0,0.0,0.0
-1.005774155956132,-1.1518290201407262,0.6813693651266768,-0.7298884654795651,-1.6851674615420047,0.0,1.0,0.0
1.0917120230669073,0.8733044484999603,1.1641193700454384,-1.0797035338808614,-1.606871921937592,1.0,0.0,0.0
-0.40649239052098196,-1.0168201222313547,-1.0942628368733656,0.7493295380459143,0.6167214028277286,1.0,0.0,0.0
-0.40649239052098196,-0.8143067753672784,-1.2496306545483693,1.2490653500477655,1.3370403671883253,0.0,0.0,1.0
1.141652170186515,1.3458355911827795,-1.027676629298364,1.2190812013276549,0.8985853454036143,0.0,1.0,0.0
1.0917120230669073,1.0083133464093317,0.27075441841416703,-0.9397775065203428,-1.0744622526275855,0.0,1.0,0.0
0.19278937491416806,0.2657644079077313,-1.404998472223373,1.6788381483693573,-0.9648484971814079,0.0,1.0,0.0
-1.205534744434506,-1.1518290201407262,0.603685456289175,-1.0896982501208983,0.4131529998562556,0.0,0.0,1.0
-0.15679165492300043,0.670791101635884,2.4625504177579693,-1.8992702655638973,1.4623132305553856,0.0,1.0,0.0
-0.9058938617169451,-0.7468023264126119,-0.9555415710921122,0.49946163204498867,-0.3541432882669888,0.0,1.0,0.0
-1.2554748915541136,-1.0843245711860596,0.2652055677829169,-0.3900681133183064,-0.15057488529551583,1.0,0.0,0.0
-0.8060135674777581,-0.47678453059383064,-0.1953490346108441,-0.07023719363712203,1.3213812592674428,0.0,1.0,0.0
-1.3553551857933004,-1.219333469095431,-0.27303294344834594,0.09967298244350768,-1.434621734807884,0.0,1.0,0.0
2.040574818339254,2.08838452968438,0.05989809442666199,-0.909793357800232,-1.5442354902540618,0.0,1.0,0.0
0.04296893355540185,-0.40928008163916413,-0.4783404168046009,0.7593242542859515,-1.2467124397572935,0.0,1.0,0.0
-0.006971213564205815,-0.3417756326844592,-0.18425133334834384,-0.12021077483730715,-0.32282507242522374,0.0,1.0,0.0
1.8408142298608519,2.020880080729675,1.5081481091829465,-1.5694446296426754,1.587586093922446,0.0,1.0,0.0
-0.9058938617169451,-1.6243601628235453,-0.2619352421858457,-0.280126234677899,1.1021537483750874,0.0,1.0,0.0
0.19278937491416806,1.210826693273408,0.5370992487141734,-0.7698673304397138,-1.575553706095827,0.0,1.0,0.0
0.2926696691533834,0.2657644079077313,2.5957228329079727,-2.0192068604443416,0.13128905728036988,0.0,1.0,0.0
1.0917120230669073,1.1433222443187032,-0.2841306447108462,0.45948276708484076,1.1021537483750874,0.0,1.0,0.0
0.19278937491416806,1.3458355911827795,0.5093549955579227,-0.510004708198751,0.11562994935948734,0.0,1.0,0.0
-1.2554748915541136,-0.40928008163916413,-0.9499927204608621,0.5294457807650995,0.3348574602518429,1.0,0.0,0.0
1.6410536413824781,1.0758177953640367,-0.3063260472358468,0.45948276708484076,1.8068136048148016,0.0,1.0,0.0
1.5911134942628704,0.9408088974546268,-1.194142148235868,1.4189755261283954,1.8851091444192143,0.0,1.0,0.0
-0.506372684760169,0.13075550999835991,0.6536251119704262,-0.7698673304397138,-0.6829845546055221,0.0,0.0,1.0
-0.2566719491621874,0.46827775477180766,-0.9721881229858627,0.9492238628466548,-1.6851674615420047,0.0,0.0,1.0
0.9918317288277203,0.33326885686243624,1.5136969598141967,-1.5594499134026387,0.47578943153978576,1.0,0.0,0.0
0.5423704047513649,0.670791101635884,-0.8945042141483608,1.1091393226872475,1.2900630434256777,0.0,1.0,0.0
0.24272952203377574,-0.13926228582038291,-0.6836478901608558,0.8492767004462846,0.03733440975507465,0.0,0.0,1.0
0.24272952203377574,1.2783311422280745,-1.1608490444483672,1.9486954868503574,-1.1684169001528808,0.0,1.0,0.0
-1.305415038673721,-0.9493156732766498,1.5580877648641978,-1.5394604809225643,-0.4480979357922841,0.0,1.0,0.0
-0.15679165492300043,0.6032866526811791,0.4483176386141713,-0.280126234677899,1.4936314463971507,0.0,0.0,1.0
0.4424901105121496,0.33326885686243624,1.9687027115767075,-1.8093178194035642,1.2587448275839126,0.0,1.0,0.0
0.5923105518709442,-0.07175783686571639,-0.13431167766709265,0.08967826620347052,-1.3563261952034713,0.0,1.0,0.0
1.3414127586648887,1.4133400401374843,0.13758200326416384,-0.7898567629197875,1.2587448275839126,0.0,0.0,1.0
-0.3565522434013743,-0.6117934285032021,1.4193664990829444,-1.5294657646825274,1.24308571966303,0.0,1.0,0.0
0.34260981627296266,-0.40928008163916413,0.27630326904541713,-0.5000099919587139,-0.8708938496561126,0.0,0.0,1.0
0.4924302576317573,0.33326885686243624,0.34288947662041874,-0.67991488427938,-0.47941615163404916,0.0,1.0,0.0
0.7920711403493464,0.46827775477180766,-0.45614501427960036,0.7793136867660251,-1.575553706095827,0.0,0.0,1.0
0.7421309932297389,0.5357822037265125,-0.483889267435851,0.4095091858846556,0.773312482036554,0.0,0.0,1.0
0.4924302576317573,1.0758177953640367,-1.321765712754621,1.4989332560486912,-1.5442354902540618,0.0,0.0,1.0
-1.305415038673721,-0.7468023264126119,-1.0609697330858647,1.9087166218902094,1.4623132305553856,0.0,0.0,1.0
-1.005774155956132,-1.4893512649141738,-0.694745591423356,1.1691076201274697,0.5071076473815508,0.0,1.0,0.0
-0.8060135674777581,-0.3417756326844592,3.4058550250704918,-2.4689690912460076,-0.15057488529551583,0.0,1.0,0.0
0.34260981627296266,0.13075550999835991,-1.0609697330858647,1.478943823568617,-0.9022120654978777,0.0,1.0,0.0
0.5423704047513649,0.46827775477180766,-0.5726708775358531,0.5294457807650995,-1.5598945981749444,0.0,1.0,0.0
-1.605055921391282,-1.6243601628235453,0.043251542532911594,-0.35008924835815847,1.11781285629597,0.0,1.0,0.0
1.4912332000236834,1.6833578359562271,0.48161074240167207,-0.94977222276038,-0.32282507242522374,0.0,1.0,0.0
0.5423704047513649,0.6032866526811791,-0.7946249027858584,0.5094563482850258,-1.4972581664914142,0.0,0.0,1.0
-1.2554748915541136,-0.47678453059383064,-0.3840099560733486,-0.12021077483730715,1.3996767988718555,0.0,1.0,0.0
-0.506372684760169,0.2657644079077313,-0.1953490346108441,-0.5699730056389732,-0.9335302813396428,0.0,1.0,0.0
0.6921908461101312,0.46827775477180766,0.43167108672042087,-0.5699730056389732,-0.1035975615328682,0.0,0.0,1.0
-1.005774155956132,-1.6243601628235453,0.7978952283829296,-0.7198937492395286,0.2252437048056651,0.0,1.0,0.0
-1.9546369512284505,-1.8943779586423264,0.4205733854579206,-0.9197880740402689,-1.403303518966119,0.0,1.0,0.0
0.2926696691533834,1.3458355911827795,-0.27303294344834594,-0.020263612436936897,-0.21321131697904597,0.0,0.0,1.0
1.740933935621665,2.020880080729675,-0.2619352421858457,0.6094035106853961,-0.29150685658345865,0.0,0.0,1.0
-0.506372684760169,0.06325106104369341,2.739992949320476,-2.0691804416445265,-1.4502808427287666,0.0,1.0,0.0
0.8919514345885334,0.1982599589530648,-1.0998116875046158,1.049171025247025,-0.6829845546055221,0.0,1.0,0.0
0.19278937491416806,1.210826693273408,0.8311883321704304,-0.9197880740402689,1.384017690950973,0.0,1.0,0.0
0.8420112874689257,0.33326885686243624,-0.9000530647796109,0.30956202348428535,1.1804492879795,0.0,1.0,0.0
-0.8060135674777581,-0.47678453059383064,0.03215384127041133,-0.3101103833980105,-1.638190137779357,0.0,1.0,0.0
-1.2554748915541136,-0.7468023264126119,-0.40620535859834916,0.2995673072442482,-1.4502808427287666,0.0,1.0,0.0
-2.204337686826432,-2.6369268971438884,-0.8667599609921102,0.8692661329263589,0.6167214028277286,0.0,1.0,0.0
0.4424901105121496,0.33326885686243624,0.17087510705166464,0.009720536283174605,-0.4480979357922841,0.0,1.0,0.0
-1.3553551857933004,-1.2868379180500975,1.2418032788829403,-1.1596612638011576,-0.8395756338143475,0.0,1.0,0.0
0.3925499633925703,0.46827775477180766,-0.4339496117545998,0.27957787476417384,1.0238582087706747,0.0,1.0,0.0
-1.8547566569892635,-1.8943779586423264,0.5925877550266747,-0.5000099919587139,1.3213812592674428,0.0,1.0,0.0
-1.405295332912908,-1.4218468159595072,-0.4949869686983513,-0.280126234677899,0.6793578345112588,1.0,0.0,0.0
-1.2554748915541136,-0.9493156732766498,0.4538664892454214,-1.1096876826009725,-1.6851674615420047,0.0,1.0,0.0
1.740933935621665,2.020880080729675,0.043251542532911594,0.02970996876324823,-0.5420525833175793,0.0,1.0,0.0
0.19278937491416806,0.8057999995452554,1.6191251218079492,-1.6593970758030088,0.39749389193537304,0.0,0.0,1.0
-0.3565522434013743,-0.6117934285032021,-0.777978350892108,1.2090864850876175,-1.262371547678176,0.0,1.0,0.0
-0.9058938617169451,-1.0843245711860596,-0.3451680016545977,0.9892027278068027,-0.5577116912384619,0.0,1.0,0.0
-0.2566719491621874,-0.07175783686571639,-0.7613317989983577,1.1691076201274697,-0.7769392021308174,0.0,1.0,0.0
1.141652170186515,1.1433222443187032,0.3983779829329201,-0.14020020731738078,0.5540849711441984,0.0,1.0,0.0
-1.1555945973149266,-0.7468023264126119,0.9754584485829338,-1.279597858681602,1.3370403671883253,0.0,1.0,0.0
1.8907543769804596,1.6833578359562271,-0.08992087261709159,0.6993559568457292,0.6950169424321413,0.0,1.0,0.0
0.8420112874689257,0.670791101635884,0.2541078665204166,-0.4100575457983807,1.211767503821265,0.0,1.0,0.0
1.0917120230669073,0.9408088974546268,-0.3451680016545977,0.16963599612376715,-1.4502808427287666,0.0,1.0,0.0
-0.006971213564205815,-0.2067667347750878,-1.1830444469733676,2.1885686766112458,-0.43243882787140153,0.0,1.0,0.0
-0.9558340088365244,-0.47678453059383064,-1.1497513431858668,1.0991446064472101,-0.5577116912384619,1.0,0.0,0.0
-0.9058938617169451,-0.8818112243219832,0.36508487914541926,-1.0597141014007874,-0.9491893892605253,0.0,1.0,0.0
0.6422506989905519,0.46827775477180766,-0.0399812169358404,0.0696888337233969,1.1021537483750874,0.0,0.0,1.0
0.14284922779458878,0.13075550999835991,-0.5393777737483523,-0.05024776115704769,-1.6225310298584745,0.0,0.0,1.0
-1.0557143030757397,-1.2868379180500975,-0.04553006756709053,0.07968354996343335,-1.6538492457002396,0.0,1.0,0.0
-0.6561931261189635,-0.2067667347750878,0.14313085389541397,-0.07023719363712203,-0.21321131697904597,1.0,0.0,0.0
-1.2554748915541136,-1.219333469095431,0.39282913230166994,-0.639936019319232,0.11562994935948734,0.0,1.0,0.0
1.0917120230669073,0.670791101635884,-0.4228519104920995,0.6793665243656548,0.6636987265903762,0.0,1.0,0.0
-1.305415038673721,-0.9493156732766498,-0.483889267435851,0.11966241492358203,1.3996767988718555,0.0,0.0,1.0
1.0917120230669073,0.8057999995452554,0.8478348840641808,-1.1796506962812316,0.2252437048056651,1.0,0.0,0.0
0.8420112874689257,0.670791101635884,-0.20089788524209423,0.4794721995649144,0.4131529998562556,0.0,1.0,0.0
1.7908740827412726,1.95337563177497,-0.8778576622546104,1.7787853107697276,-1.262371547678176,0.0,1.0,0.0
-0.45643253764056124,0.1982599589530648,1.6579670762267003,-1.5994287783627865,1.994722899865392,0.0,0.0,1.0
-0.9558340088365244,-0.47678453059383064,-0.5338289231171022,0.5294457807650995,-0.589029907080227,0.0,1.0,0.0
0.7421309932297389,0.6032866526811791,-0.9666392723546126,0.649382375645544,1.0081991008497921,0.0,1.0,0.0
-0.006971213564205815,0.9408088974546268,1.8022371926392036,-1.6693917920430457,-1.6538492457002396,0.0,0.0,1.0
-0.7061332732385428,-0.07175783686571639,0.2984986715704177,-0.26013680219782537,-0.9491893892605253,0.0,1.0,0.0
-0.30661209628179503,-0.5442889795485355,0.13758200326416384,-0.10022134235723282,-1.2780306555990586,0.0,1.0,0.0
-0.7560734203581504,-0.8818112243219832,0.4205733854579206,-0.6699201680393435,-1.0431440367858205,0.0,0.0,1.0
-1.005774155956132,-1.219333469095431,-0.5393777737483523,0.4095091858846556,1.5092905543180333,0.0,1.0,0.0
-1.405295332912908,-1.1518290201407262,1.4138176484516942,-1.2496137099614908,-1.090121360548468,0.0,0.0,1.0
-0.45643253764056124,-1.219333469095431,-1.0609697330858647,1.6088751346890986,0.03733440975507465,0.0,1.0,0.0
1.241532464425702,1.2783311422280745,0.30959637283291797,-0.5399888569188618,0.06865262559683973,1.0,0.0,0.0
-1.105654450195319,-0.6792978774579069,-0.7557829483671075,2.418447150132098,-1.6851674615420047,0.0,1.0,0.0
1.6909937885020574,1.8858711828203034,-0.9056019154108611,1.3390177962080987,-0.15057488529551583,0.0,1.0,0.0
-0.7061332732385428,-0.27427118372975434,-0.5005358193296015,0.24959372604406307,-1.434621734807884,1.0,0.0,0.0
-1.2554748915541136,-0.9493156732766498,-1.0387743305608643,1.2590600662878026,-1.4972581664914142,0.0,1.0,0.0
-1.3553551857933004,-0.9493156732766498,-0.2952283459733465,0.2595884422841002,-0.04096112984933804,0.0,1.0,0.0
-0.40649239052098196,-1.0168201222313547,-0.27303294344834594,0.3195567397243225,0.7889715899574365,0.0,1.0,0.0
0.19278937491416806,-0.2067667347750878,-0.2841306447108462,0.21960957732395228,0.39749389193537304,0.0,0.0,1.0
-1.0557143030757397,-0.8143067753672784,0.3484383272516689,-0.7898567629197875,-0.7612800942099348,0.0,0.0,1.0
-1.1555945973149266,-0.7468023264126119,1.1252774156266874,-1.3695503048419349,-1.3093488714408237,0.0,1.0,0.0
-1.105654450195319,-1.8268735096876216,1.774492939482953,-1.5994287783627865,1.1021537483750874,0.0,1.0,0.0
-0.45643253764056124,0.40077330581714116,-0.7890760521546083,0.9492238628466548,0.8985853454036143,0.0,0.0,1.0
-0.506372684760169,0.1982599589530648,0.24855901588916648,-0.5599782893989361,-0.3854615041087539,0.0,1.0,0.0
1.3913529057844964,1.6833578359562271,-0.650354786373355,0.6094035106853961,-1.6225310298584745,1.0,0.0,0.0
1.241532464425702,1.2783311422280745,0.07654464632041239,0.009720536283174605,1.24308571966303,0.0,1.0,0.0
-2.204337686826432,-2.569422448189222,-0.6392570851108547,0.24959372604406307,-0.7769392021308174,0.0,1.0,0.0
-0.6062529789993558,-0.8818112243219832,0.5315503980829233,-0.4800205594786395,-0.9491893892605253,0.0,1.0,0.0
-0.7560734203581504,-0.40928008163916413,0.18752165894541503,-0.40006282955834355,-0.16623399321639837,1.0,0.0,0.0
-0.6062529789993558,-1.0168201222313547,0.9532630460579333,-1.1496665475611205,0.5071076473815508,0.0,0.0,1.0
0.04296893355540185,-0.27427118372975434,0.4760618917704219,-0.20016850475760306,-0.9648484971814079,0.0,0.0,1.0
-1.505175627152095,-1.4893512649141738,-1.238532953285869,2.118605662930987,1.446654122634503,0.0,1.0,0.0
-1.2554748915541136,-1.0168201222313547,-1.1053605381358658,1.7388064458095798,0.5540849711441984,0.0,1.0,0.0
1.141652170186515,1.210826693273408,1.4693061547641957,-1.4994816159624162,-1.0118258209440554,1.0,0.0,0.0
-0.30661209628179503,-0.6792978774579069,0.40947568419542035,-0.7798620466797502,1.1021537483750874,0.0,1.0,0.0
-0.10685150780339275,-0.2067667347750878,0.9310676435329328,-1.0896982501208983,-0.21321131697904597,0.0,1.0,0.0
-1.405295332912908,-1.0168201222313547,0.6314297094454256,-0.6699201680393435,1.556267878080681,1.0,0.0,0.0
-0.8559537145973374,-0.3417756326844592,0.11538660073916332,-0.3101103833980105,0.36617567609360796,0.0,0.0,1.0
2.0905149654588335,2.3584023255031226,0.03770269190166146,0.13965184740365566,-0.7769392021308174,1.0,0.0,0.0
0.24272952203377574,0.5357822037265125,1.0475935067891855,-1.3695503048419349,0.27222102856831276,0.0,1.0,0.0
-0.006971213564205815,0.9408088974546268,0.6425274107079259,-1.0397246689207131,-1.2153942239155284,0.0,1.0,0.0
-0.45643253764056124,-0.8143067753672784,-1.2163375507608685,2.7482727860533194,-1.3719853031243538,0.0,1.0,0.0
-1.9046968041088712,-1.8943779586423264,-0.13431167766709265,-0.35008924835815847,-1.090121360548468,0.0,1.0,0.0
-0.8559537145973374,-1.4218468159595072,-0.5782197281671032,-0.01026889619689973,0.5540849711441984,0.0,1.0,0.0
0.9418915817081127,0.33326885686243624,1.9576050103142073,-1.819312535643601,1.0864946404542049,0.0,1.0,0.0
-0.8060135674777581,-0.07175783686571639,1.030946954895435,-1.2196295612413797,-1.3563261952034713,0.0,1.0,0.0
-0.10685150780339275,0.06325106104369341,0.07654464632041239,0.19962014484387794,1.0864946404542049,0.0,1.0,0.0
1.141652170186515,0.9408088974546268,0.17087510705166464,-0.280126234677899,-1.4502808427287666,0.0,1.0,0.0
1.141652170186515,1.1433222443187032,-0.4783404168046009,0.24959372604406307,-0.8082574179725824,0.0,0.0,1.0
-0.6561931261189635,-1.0168201222313547,-0.9111507660421112,0.6393876594055069,-0.9335302813396428,0.0,1.0,0.0
-1.005774155956132,-1.219333469095431,-0.38955880670459875,0.5494352132451739,1.6658816335268587,0.0,1.0,0.0
1.7908740827412726,1.2783311422280745,-0.36736340417959823,1.0091921602868772,-0.36980239618787136,0.0,1.0,0.0
1.7908740827412726,1.3458355911827795,1.5969297192829488,-1.6693917920430457,-0.07227934569110313,0.0,1.0,0.0
-0.05691136068381348,0.8733044484999603,1.4582084535016955,-1.5594499134026387,0.6793578345112588,0.0,1.0,0.0
1.4412930529040757,1.5483489380468558,-1.110909388767116,1.2090864850876175,0.5854031869859635,0.0,0.0,1.0
-0.006971213564205815,-0.07175783686571639,0.3817314310391697,-0.6599254517993064,-0.4950752595549317,0.0,1.0,0.0
1.1915923173060943,0.06325106104369341,-0.6725501888983555,1.2290759175676913,0.5227667553024333,0.0,1.0,0.0
0.24272952203377574,1.3458355911827795,0.5925877550266747,-1.0497193851607503,-0.025302021928455508,0.0,1.0,0.0
-1.505175627152095,-1.2868379180500975,-0.12321397640459239,0.13965184740365566,1.791154496893919,1.0,0.0,0.0
0.8919514345885334,0.5357822037265125,0.20416821083916545,-0.14020020731738078,-1.090121360548468,0.0,1.0,0.0
-0.9058938617169451,-1.1518290201407262,1.5802831673891984,-1.5794393458827125,-0.9178711734187602,1.0,0.0,0.0
-0.506372684760169,0.1982599589530648,2.1629124836704623,-1.5594499134026387,1.1334719642168525,0.0,1.0,0.0
0.2926696691533834,0.46827775477180766,-1.110909388767116,1.2890442150079136,-1.6851674615420047,0.0,0.0,1.0
-2.204337686826432,-2.6369268971438884,-0.27303294344834594,0.2695831585241374,0.9925399929289095,0.0,0.0,1.0
-0.506372684760169,-0.6117934285032021,-0.08992087261709159,-0.14020020731738078,1.0864946404542049,0.0,1.0,0.0
1.6909937885020574,1.8183667338655987,-1.0110300774046135,1.528917404768802,-1.1997351159946459,0.0,0.0,1.0
0.6921908461101312,0.46827775477180766,-0.5726708775358531,1.408980809888358,-0.2758477486625761,0.0,1.0,0.0
-1.405295332912908,-1.1518290201407262,0.2152659121016657,-0.2201579372376774,-1.638190137779357,0.0,0.0,1.0
-0.3565522434013743,-1.0168201222313547,1.2917429345641913,-1.3895397373220089,-0.8708938496561126,0.0,1.0,0.0
-1.305415038673721,-0.8818112243219832,0.23746131462666623,-0.8098461953998617,0.8359489137200842,0.0,0.0,1.0
-0.6062529789993558,-0.47678453059383064,0.43721993735167103,-0.49001527571867665,1.0238582087706747,0.0,0.0,1.0
-1.105654450195319,-1.759369060732955,-0.6725501888983555,0.11966241492358203,0.7419942661947889,0.0,1.0,0.0
0.09290908067498112,0.1982599589530648,-1.871101925248384,1.9486954868503574,-1.058803144706703,0.0,1.0,0.0
0.4424901105121496,0.6032866526811791,1.0420446561579355,-0.9897510877205279,-0.08793845361198566,0.0,0.0,1.0
0.6422506989905519,0.670791101635884,0.08209349695166251,0.7693189705259886,-0.36980239618787136,0.0,1.0,0.0
1.2914726115453095,1.3458355911827795,-0.9777369736171128,0.5694246457252482,-0.26018864074169357,0.0,0.0,1.0
0.7421309932297389,0.33326885686243624,-0.9277973179358616,0.39951446964461845,1.4936314463971507,0.0,1.0,0.0
0.5423704047513649,0.8057999995452554,-0.733587545842107,1.2990389312479507,0.8985853454036143,0.0,0.0,1.0
-1.505175627152095,-1.4218468159595072,-1.0498720318233645,0.7693189705259886,0.9455626691662619,0.0,1.0,0.0
1.241532464425702,0.33326885686243624,-0.4228519104920995,0.2995673072442482,1.2744039355047951,0.0,1.0,0.0
-0.8559537145973374,-1.3543423670048025,0.5426480993454236,-0.9197880740402689,-1.6538492457002396,1.0,0.0,0.0
0.9418915817081127,0.2657644079077313,-0.11766512577334225,-0.5899624381190469,0.7419942661947889,0.0,1.0,0.0
0.19278937491416806,1.0083133464093317,0.6813693651266768,-1.0996929663609354,0.4601303236189032,1.0,0.0,0.0
1.0917120230669073,1.0083133464093317,-0.3340703003920974,-0.05024776115704769,-1.1214395763902332,0.0,0.0,1.0
1.2914726115453095,1.2783311422280745,-0.5060846699608516,0.9492238628466548,-0.5577116912384619,0.0,1.0,0.0
1.8408142298608519,1.6158533870015224,-0.02333466504209,-0.14020020731738078,-0.009642914007572967,0.0,1.0,0.0
-0.9058938617169451,-0.7468023264126119,-0.15095822956084304,-0.15019492355741795,-1.2467124397572935,0.0,0.0,1.0
0.9418915817081127,0.8057999995452554,0.6536251119704262,-1.0896982501208983,-1.3250079793617062,0.0,1.0,0.0
0.9918317288277203,0.40077330581714116,-0.3340703003920974,0.04969940124332256,-1.3093488714408237,0.0,0.0,1.0
-0.5563128318797765,-0.7468023264126119,-0.650354786373355,0.7593242542859515,-1.4502808427287666,0.0,1.0,0.0
0.04296893355540185,-0.2067667347750878,0.34288947662041874,-0.4200522620384179,0.8202898057992016,0.0,1.0,0.0
-0.40649239052098196,0.1982599589530648,-0.4228519104920995,-0.11021605859726998,0.8202898057992016,0.0,1.0,0.0
-0.9558340088365244,-1.4893512649141738,-1.238532953285869,1.718817013329506,1.3057221513465602,0.0,0.0,1.0
-1.205534744434506,-0.8143067753672784,-0.8556622597296099,0.4394933346047664,1.149131072137735,1.0,0.0,0.0
0.14284922779458878,1.210826693273408,2.5790762810142223,-2.0391962929244154,-1.4972581664914142,0.0,1.0,0.0
1.141652170186515,0.8733044484999603,-0.45614501427960036,0.4494880508448036,-0.3854615041087539,0.0,1.0,0.0
-1.2554748915541136,-1.2868379180500975,-0.38955880670459875,0.4794721995649144,-1.606871921937592,0.0,0.0,1.0
-0.5563128318797765,-0.13926228582038291,-1.3994496215921228,2.1885686766112458,1.6971998493686238,0.0,1.0,0.0
0.3925499633925703,1.2783311422280745,-0.694745591423356,0.10966769868354485,0.9925399929289095,0.0,1.0,0.0
-0.45643253764056124,-0.8143067753672784,0.07654464632041239,-0.7398831817196023,-0.2758477486625761,1.0,0.0,0.0
1.8907543769804596,1.8858711828203034,-0.6170616825858541,1.3290230799680616,0.6950169424321413,0.0,1.0,0.0
1.141652170186515,0.670791101635884,0.6536251119704262,-0.8898039253201576,-1.638190137779357,0.0,1.0,0.0
-0.15679165492300043,-0.5442889795485355,-1.0720674343483652,1.7388064458095798,0.47578943153978576,0.0,1.0,0.0
-1.0557143030757397,-1.0168201222313547,-0.5005358193296015,0.07968354996343335,0.773312482036554,0.0,0.0,1.0
0.2926696691533834,0.40077330581714116,-0.6226105332171044,1.2790494987678764,-0.5107343674758142,0.0,0.0,1.0
-0.6062529789993558,0.06325106104369341,-1.6435990493671286,3.4479029228559113,1.3526994751092078,0.0,0.0,1.0
0.6422506989905519,0.1982599589530648,-0.6670013382671054,1.5688962697289506,0.27222102856831276,0.0,1.0,0.0
1.740933935621665,1.0758177953640367,-0.40620535859834916,0.6993559568457292,-0.43243882787140153,1.0,0.0,0.0
-1.105654450195319,-0.8143067753672784,-0.6559036370046051,0.959218579086692,-0.1035975615328682,0.0,1.0,0.0
-0.10685150780339275,0.13075550999835991,-0.7113921433171064,0.9692132953267292,0.8359489137200842,1.0,0.0,0.0
0.34260981627296266,1.1433222443187032,-0.22309328776709478,-0.11021605859726998,-1.638190137779357,0.0,0.0,1.0
-1.305415038673721,-1.4218468159595072,0.3706337297766694,-0.6599254517993064,1.0708355325333223,0.0,1.0,0.0
1.3913529057844964,1.5483489380468558,-0.5948662800608536,0.8992502816464697,1.7285180652103889,0.0,0.0,1.0
0.9418915817081127,0.2657644079077313,0.353987177882919,-0.24014736971775102,-0.6046890150011095,0.0,1.0,0.0
0.3925499633925703,0.6032866526811791,0.770150975226679,-1.1896454125212683,-0.6986436625264046,0.0,0.0,1.0
0.4924302576317573,0.40077330581714116,-0.9610904217233625,1.0591657414870623,-0.025302021928455508,1.0,0.0,0.0
-0.30661209628179503,-0.47678453059383064,0.31514522346416807,-0.8198409116398986,-1.058803144706703,0.0,1.0,0.0
0.34260981627296266,1.4133400401374843,-0.2286421383983449,0.39951446964461845,0.7419942661947889,0.0,1.0,0.0
-0.3565522434013743,-0.7468023264126119,1.2639986814079407,-1.5194710484424903,1.384017690950973,0.0,0.0,1.0
-0.5563128318797765,-0.07175783686571639,-0.7502340977358574,-0.020263612436936897,-0.7143027704472872,0.0,1.0,0.0
0.9918317288277203,0.2657644079077313,0.3983779829329201,-0.4400416945184915,0.14694816520125242,0.0,1.0,0.0
0.4424901105121496,0.5357822037265125,-0.31742374849834704,-0.30011566715797333,-1.606871921937592,0.0,1.0,0.0
2.040574818339254,2.08838452968438,0.09319119821416279,-0.37007868083823275,-0.3384841803461063,0.0,1.0,0.0
0.09290908067498112,-0.13926228582038291,0.6147831575516752,-1.0397246689207131,-1.4815990585705316,0.0,1.0,0.0
0.04296893355540185,0.9408088974546268,0.35953602851416916,-0.5000099919587139,1.3057221513465602,0.0,1.0,0.0
-1.2554748915541136,-0.8818112243219832,-0.6836478901608558,-0.08023190987715847,-0.5263934753966968,1.0,0.0,0.0
-1.405295332912908,-1.0843245711860596,-0.43949846238584994,0.2096148610839151,-1.0431440367858205,0.0,1.0,0.0
1.0917120230669073,0.9408088974546268,-0.5948662800608536,0.5294457807650995,-1.1684169001528808,0.0,0.0,1.0
0.5923105518709442,0.46827775477180766,0.4205733854579206,-0.510004708198751,-0.19755220905816342,0.0,0.0,1.0
-0.6561931261189635,-0.13926228582038291,-0.051078918198340664,-0.4500364107585287,-1.6851674615420047,0.0,1.0,0.0
-0.40649239052098196,-1.0168201222313547,-0.522731221854602,0.5194510645250631,1.791154496893919,0.0,1.0,0.0
0.19278937491416806,0.7382955505905888,-0.7446852471046073,1.408980809888358,1.3370403671883253,0.0,1.0,0.0
1.3414127586648887,1.4133400401374843,0.3206940740954182,-0.020263612436936897,0.7106760503530238,0.0,1.0,0.0
1.0917120230669073,0.7382955505905888,0.5592946512391739,-0.7198937492395286,-0.47941615163404916,0.0,0.0,1.0
0.04296893355540185,-0.5442889795485355,1.3527802915079428,-1.2696031424415646,0.16260727312213497,0.0,1.0,0.0
1.0917120230669073,0.5357822037265125,-0.7890760521546083,0.7593242542859515,-1.5129172744122967,1.0,0.0,0.0
1.740933935621665,1.0758177953640367,-0.9888346748796131,0.649382375645544,-0.7143027704472872,0.0,1.0,0.0
2.0905149654588335,2.2908978765484176,-0.27303294344834594,0.39951446964461845,-1.0431440367858205,0.0,1.0,0.0
-0.5563128318797765,0.1982599589530648,-0.9721881229858627,1.398986093648321,-0.19755220905816342,0.0,1.0,0.0
-0.6062529789993558,-1.0843245711860596,-0.7668806496296078,0.72934010556584,-1.5285763823331793,0.0,1.0,0.0
-2.204337686826432,-2.6369268971438884,-1.571463991160877,2.228547541571394,0.5384258632233159,1.0,0.0,0.0
0.7421309932297389,0.46827775477180766,-0.40620535859834916,0.72934010556584,-0.47941615163404916,0.0,1.0,0.0
-1.505175627152095,-1.4218468159595072,-0.3340703003920974,-0.08023190987715847,0.6793578345112588,0.0,1.0,0.0
0.14284922779458878,0.2657644079077313,-0.2563863915545956,-0.2501420859577882,1.7441771731312714,0.0,1.0,0.0
1.2914726115453095,0.670791101635884,-1.4160961734858732,2.7982463672535043,0.09997084143860481,0.0,1.0,0.0
-1.605055921391282,-1.4218468159595072,-0.5060846699608516,0.8792608491663954,-1.1997351159946459,0.0,1.0,0.0
0.8919514345885334,1.0083133464093317,-0.6836478901608558,0.8992502816464697,0.44447121569802067,0.0,0.0,1.0
1.4912332000236834,0.7382955505905888,-0.07882317135459133,0.0696888337233969,1.11781285629597,0.0,1.0,0.0
-0.6561931261189635,-0.13926228582038291,-0.06217661946084093,-0.3300998158780841,1.3996767988718555,0.0,0.0,1.0
0.4424901105121496,0.40077330581714116,0.942165344795433,-1.0797035338808614,0.7889715899574365,0.0,0.0,1.0
-1.605055921391282,-1.1518290201407262,-0.18425133334834384,0.5894140782053218,1.1647901800586176,0.0,1.0,0.0
0.3925499633925703,1.1433222443187032,-0.7890760521546083,0.3495408884444333,1.8694500364983317,0.0,1.0,0.0
0.6422506989905519,-0.004253387911011494,2.9342027214142306,-2.219101185245082,1.0708355325333223,0.0,0.0,1.0
-1.005774155956132,-0.6117934285032021,0.09874004884541292,-0.3600839645981956,-0.6673254466846396,1.0,0.0,0.0
1.7908740827412726,1.8858711828203034,-0.7724295002608579,0.3195567397243225,-1.3250079793617062,0.0,0.0,1.0
-0.7560734203581504,-1.3543423670048025,-0.8889553635171107,0.959218579086692,0.6950169424321413,0.0,1.0,0.0
0.7421309932297389,0.46827775477180766,-0.9999323761421133,0.7093506730857664,0.11562994935948734,0.0,0.0,1.0
0.7421309932297389,0.33326885686243624,-0.7946249027858584,0.4494880508448036,0.14694816520125242,0.0,1.0,0.0
1.2914726115453095,0.13075550999835991,2.1296193798829615,-1.8492966843637122,-1.403303518966119,0.0,1.0,0.0
1.740933935621665,1.95337563177497,0.43721993735167103,-0.9597669390004171,0.3505165681727254,0.0,0.0,1.0
1.6909937885020574,1.4808444890921508,-1.1220070900296162,2.9381723946140235,-0.8708938496561126,0.0,1.0,0.0
-0.45643253764056124,-1.0168201222313547,0.2652055677829169,-0.4400416945184915,-1.6538492457002396,0.0,0.0,1.0
1.6410536413824781,1.0083133464093317,0.1653262564204145,-0.3400945321181213,-0.9491893892605253,0.0,0.0,1.0
1.0917120230669073,0.40077330581714116,-0.8501134090983598,0.99919744404684,0.3818347840144905,0.0,1.0,0.0
1.3414127586648887,0.33326885686243624,-0.5171823712233518,0.08967826620347052,1.618904309764211,0.0,1.0,0.0
-0.6561931261189635,-0.27427118372975434,-0.4672427155421006,0.6793665243656548,0.8516080216409667,0.0,0.0,1.0
0.34260981627296266,0.33326885686243624,2.3349268532392164,-1.8992702655638973,1.3526994751092078,0.0,1.0,0.0
-1.3553551857933004,-1.1518290201407262,-0.1953490346108441,-0.37007868083823275,-0.9805076051022904,0.0,1.0,0.0
-0.40649239052098196,-1.0843245711860596,0.4483176386141713,-0.5899624381190469,-0.29150685658345865,0.0,1.0,0.0
-1.2554748915541136,-1.0843245711860596,-0.944443869829612,1.478943823568617,0.5854031869859635,0.0,0.0,1.0
-0.40649239052098196,-1.0843245711860596,-0.41175420922959927,-0.5000099919587139,1.4623132305553856,0.0,1.0,0.0
-0.10685150780339275,0.7382955505905888,0.353987177882919,-0.49001527571867665,1.11781285629597,0.0,1.0,0.0
-0.15679165492300043,-0.47678453059383064,-0.6614524876358553,0.4095091858846556,-0.7456209862890523,0.0,1.0,0.0
0.24272952203377574,1.0083133464093317,-1.316216862123371,0.959218579086692,-0.43243882787140153,0.0,1.0,0.0
-0.5563128318797765,0.06325106104369341,-1.0998116875046158,1.448959674848506,-0.8865529575769951,0.0,1.0,0.0
0.7920711403493464,0.06325106104369341,0.858932585326681,-1.3695503048419349,-1.465939950649649,0.0,1.0,0.0
-1.4552354800324874,-1.219333469095431,-0.056627768829590794,-0.21016322099764023,1.1804492879795,0.0,0.0,1.0
0.19278937491416806,-0.13926228582038291,-0.6559036370046051,0.7193453893258035,-1.6851674615420047,0.0,0.0,1.0
-1.305415038673721,-1.1518290201407262,-1.4160961734858732,2.0286532167706532,-0.9022120654978777,0.0,1.0,0.0
-1.4552354800324874,-1.3543423670048025,-0.400656507967099,0.27957787476417384,0.9612217770871444,0.0,1.0,0.0
1.141652170186515,1.210826693273408,0.19307050957666516,0.27957787476417384,1.6815407414477412,0.0,1.0,0.0
0.4924302576317573,0.5357822037265125,0.05434924379541185,0.13965184740365566,0.2095845968847826,0.0,1.0,0.0
1.041771875947328,0.5357822037265125,0.45941533987667155,-0.3201050996380477,-0.9805076051022904,0.0,1.0,0.0
-1.2554748915541136,-1.0843245711860596,-0.2785817940795961,-0.05024776115704769,-0.18189310113728088,0.0,1.0,0.0
-1.0557143030757397,-0.07175783686571639,-0.37291225481084833,0.49946163204498867,1.1804492879795,0.0,1.0,0.0
1.0917120230669073,0.5357822037265125,-0.650354786373355,0.6993559568457292,-1.638190137779357,0.0,0.0,1.0
-1.305415038673721,-0.6792978774579069,0.15977740578916438,-0.6299413030791948,1.0551764246124398,0.0,1.0,0.0
-0.2566719491621874,-0.40928008163916413,-0.8445645584671096,1.6188698509291357,-1.1840760080737633,0.0,0.0,1.0
-0.8060135674777581,-1.219333469095431,1.7245532838017017,-1.299587291161676,1.3526994751092078,0.0,1.0,0.0
1.141652170186515,0.46827775477180766,-0.7613317989983577,1.089149890207173,0.773312482036554,0.0,1.0,0.0
-0.7560734203581504,-0.3417756326844592,0.1653262564204145,0.09967298244350768,0.7106760503530238,0.0,1.0,0.0
1.6909937885020574,1.1433222443187032,1.4082687978204442,-1.41952388604212,0.8359489137200842,0.0,1.0,0.0
0.7421309932297389,0.33326885686243624,0.5370992487141734,-1.1296771150810465,-0.025302021928455508,0.0,1.0,0.0
-0.8559537145973374,-1.4893512649141738,-0.3007771966045966,0.19962014484387794,-1.4815990585705316,0.0,0.0,1.0
0.14284922779458878,-0.3417756326844592,-0.5060846699608516,0.2395990098040259,0.5854031869859635,0.0,0.0,1.0
-0.3565522434013743,-0.6792978774579069,-0.23973983966084517,0.33954617220439615,-0.6360072308428746,0.0,0.0,1.0
1.3913529057844964,1.4808444890921508,-0.13431167766709265,-0.3201050996380477,0.8516080216409667,0.0,1.0,0.0
0.3925499633925703,1.3458355911827795,-0.4949869686983513,0.49946163204498867,1.1804492879795,0.0,0.0,1.0
-1.005774155956132,-0.8818112243219832,-0.20089788524209423,-0.37007868083823275,-1.606871921937592,1.0,0.0,0.0
-1.3553551857933004,-0.9493156732766498,-0.8556622597296099,1.5189226885287654,0.7576533741156715,0.0,1.0,0.0
-0.05691136068381348,0.9408088974546268,0.48715959303292217,-0.3300998158780841,0.16260727312213497,0.0,1.0,0.0
-1.3553551857933004,-1.2868379180500975,1.23625442825169,-1.3895397373220089,0.7263351582739064,0.0,1.0,0.0
-0.3565522434013743,0.46827775477180766,-0.9166996166733613,0.8892555654064326,1.791154496893919,0.0,0.0,1.0
0.5423704047513649,1.6158533870015224,-0.6059639813233539,-0.21016322099764023,0.2565619206474302,0.0,1.0,0.0
-0.15679165492300043,0.7382955505905888,-1.033225479929614,0.7093506730857664,0.5540849711441984,1.0,0.0,0.0
-0.05691136068381348,-0.3417756326844592,-0.7058432926858563,1.788780027009765,-0.7612800942099348,0.0,0.0,1.0
0.04296893355540185,1.0758177953640367,0.27630326904541713,-0.21016322099764023,-1.1057804684693506,1.0,0.0,0.0
1.3913529057844964,0.6032866526811791,0.9366164941641829,-1.0197352364406391,-1.027484928864938,0.0,1.0,0.0
-1.305415038673721,-1.0168201222313547,-0.2452886902920953,-0.2201579372376774,1.618904309764211,0.0,1.0,0.0
-1.8048165098696842,-1.69186461177825,0.09319119821416279,-0.20016850475760306,-0.7143027704472872,1.0,0.0,0.0
-0.6062529789993558,-0.2067667347750878,-0.4949869686983513,0.30956202348428535,-0.6986436625264046,0.0,1.0,0.0
0.4424901105121496,0.670791101635884,-0.8723088116233603,1.1191340389272846,0.44447121569802067,0.0,1.0,0.0
-0.6062529789993558,0.13075550999835991,1.524794661076697,-1.3195767236417497,1.5092905543180333,0.0,1.0,0.0
0.19278937491416806,-0.27427118372975434,0.17642395768291477,-0.639936019319232,0.28788013648919525,1.0,0.0,0.0
-1.205534744434506,-0.9493156732766498,-0.6891967407921059,0.72934010556584,0.9612217770871444,0.0,1.0,0.0
-0.3565522434013743,-0.6792978774579069,1.0808866105766863,-0.9397775065203428,0.7263351582739064,0.0,1.0,0.0
-0.7560734203581504,-0.3417756326844592,-0.6170616825858541,0.3495408884444333,-0.32282507242522374,0.0,1.0,0.0
-1.005774155956132,-0.7468023264126119,-0.739136396473357,0.08967826620347052,-0.47941615163404916,0.0,1.0,0.0
0.6921908461101312,0.33326885686243624,0.5981366056579248,-0.6699201680393435,-0.3541432882669888,0.0,1.0,0.0
-0.9558340088365244,-0.8818112243219832,0.5703923525016742,-0.9697616552404539,-1.638190137779357,0.0,1.0,0.0
-1.105654450195319,-1.4218468159595072,1.4582084535016955,-1.41952388604212,-1.0118258209440554,0.0,0.0,1.0
-0.40649239052098196,-0.9493156732766498,-0.4284007611233497,1.4989332560486912,0.8672671295618493,1.0,0.0,0.0
0.5423704047513649,1.0758177953640367,-0.5948662800608536,0.8092978354861367,1.4779723384762682,0.0,1.0,0.0
0.5923105518709442,1.5483489380468558,0.04880039316416172,-0.17018435603749227,-0.32282507242522374,0.0,0.0,1.0
0.5423704047513649,0.7382955505905888,-0.8445645584671096,1.3090336474879878,1.2587448275839126,0.0,1.0,0.0
-0.8559537145973374,-1.0168201222313547,-0.006688113148339602,-0.7798620466797502,1.0238582087706747,0.0,1.0,0.0
-1.0557143030757397,-0.6792978774579069,-0.06217661946084093,-0.2501420859577882,-0.8395756338143475,0.0,1.0,0.0
-0.7061332732385428,-0.27427118372975434,-0.8445645584671096,1.758795878289654,-0.9022120654978777,0.0,1.0,0.0
0.7920711403493464,0.2657644079077313,-0.483889267435851,0.5694246457252482,0.8829262374827318,0.0,0.0,1.0
0.34260981627296266,0.13075550999835991,-0.9222484673046115,0.4095091858846556,-1.2467124397572935,0.0,0.0,1.0
-1.1555945973149266,-1.5568557138688788,0.2319124639954161,-0.510004708198751,-1.1997351159946459,0.0,1.0,0.0
0.04296893355540185,0.13075550999835991,-0.611512831954604,0.19962014484387794,1.5406087701597984,0.0,0.0,1.0
0.3925499633925703,-0.2067667347750878,1.1752170713079386,-1.2096348450013428,1.1804492879795,0.0,0.0,1.0
0.4424901105121496,1.4133400401374843,-0.4284007611233497,0.599408794445359,0.9142444533244969,0.0,1.0,0.0
1.6909937885020574,1.210826693273408,-0.7668806496296078,1.2990389312479507,1.5719269860015634,0.0,1.0,0.0
-1.0557143030757397,-1.0168201222313547,-0.37291225481084833,0.5094563482850258,-0.589029907080227,0.0,1.0,0.0
-1.8547566569892635,-1.759369060732955,-1.1331047912921166,1.049171025247025,-0.9335302813396428,0.0,0.0,1.0
0.24272952203377574,-0.13926228582038291,-0.1787024827170937,0.24959372604406307,0.14694816520125242,0.0,1.0,0.0
0.24272952203377574,0.1982599589530648,0.7978952283829296,-0.8498250603600097,-1.5598945981749444,0.0,1.0,0.0
-1.3553551857933004,-0.8818112243219832,0.06544694505791213,-0.0002741799568625625,0.27222102856831276,0.0,1.0,0.0
-0.3565522434013743,0.6032866526811791,0.7202113195454277,-0.7598726141996767,-1.606871921937592,0.0,1.0,0.0
-0.5563128318797765,-0.7468023264126119,-0.28967949534209636,-0.05024776115704769,-1.2153942239155284,0.0,0.0,1.0
-1.405295332912908,-0.9493156732766498,-0.567122026904603,1.2390706338077284,-1.1057804684693506,0.0,1.0,0.0
0.3925499633925703,-0.2067667347750878,-0.11211627514209212,-0.030258328676973353,-1.434621734807884,0.0,0.0,1.0
0.19278937491416806,1.210826693273408,5.309110791589287,-2.6488739835666744,-1.606871921937592,1.0,0.0,0.0
-0.506372684760169,0.06325106104369341,-0.4228519104920995,-0.26013680219782537,-0.8082574179725824,0.0,1.0,0.0
0.2926696691533834,1.3458355911827795,0.1486797045266641,-0.9897510877205279,0.31919835233096033,0.0,1.0,0.0
-0.15679165492300043,0.7382955505905888,0.353987177882919,-0.8598197766000468,0.5227667553024333,0.0,1.0,0.0
1.2914726115453095,0.670791101635884,-0.5615731762733529,1.0991446064472101,-0.025302021928455508,1.0,0.0,0.0
-0.6561931261189635,-0.2067667347750878,0.34288947662041874,-0.43004697827845434,1.0708355325333223,0.0,1.0,0.0
1.141652170186515,0.6032866526811791,-0.9000530647796109,0.6793665243656548,0.9142444533244969,0.0,1.0,0.0
-1.105654450195319,-0.5442889795485355,0.7978952283829296,-0.909793357800232,0.8672671295618493,0.0,1.0,0.0
1.141652170186515,0.6032866526811791,0.10428889947666305,-0.8098461953998617,1.556267878080681,0.0,0.0,1.0
0.4924302576317573,0.5357822037265125,0.10428889947666305,-0.510004708198751,1.384017690950973,0.0,1.0,0.0
-0.3565522434013743,-0.8143067753672784,-0.7890760521546083,0.5394404970051366,1.3057221513465602,1.0,0.0,0.0
-0.2566719491621874,0.6032866526811791,-0.23973983966084517,-0.15019492355741795,0.8516080216409667,0.0,1.0,0.0
-1.4552354800324874,-1.0843245711860596,1.8910188027392056,-1.6494023595629717,0.7419942661947889,0.0,0.0,1.0
0.04296893355540185,-0.47678453059383064,-0.5060846699608516,0.5794193619652847,0.8672671295618493,1.0,0.0,0.0
0.14284922779458878,1.210826693273408,-0.3118748978670969,0.5094563482850258,1.149131072137735,0.0,0.0,1.0
-1.205534744434506,-0.6792978774579069,-0.7002944420546061,0.01971525252321177,-0.8865529575769951,1.0,0.0,0.0
-0.7061332732385428,-0.13926228582038291,-0.38955880670459875,0.27957787476417384,1.5249496622389158,0.0,1.0,0.0
1.740933935621665,1.95337563177497,-0.1953490346108441,0.4794721995649144,0.05299351767595719,0.0,1.0,0.0
-0.7560734203581504,-0.2067667347750878,-1.027676629298364,2.0786267979708386,-0.18189310113728088,0.0,0.0,1.0
0.4424901105121496,1.6158533870015224,-0.9721881229858627,1.2490653500477655,0.27222102856831276,0.0,1.0,0.0
-0.8060135674777581,-1.219333469095431,-0.22309328776709478,-0.0002741799568625625,1.618904309764211,0.0,0.0,1.0
-0.6561931261189635,-0.2067667347750878,-1.366156517804622,1.9087166218902094,0.27222102856831276,0.0,1.0,0.0
-0.6062529789993558,-1.0843245711860596,-0.3063260472358468,-0.08023190987715847,-1.5598945981749444,0.0,1.0,0.0
-0.10685150780339275,-0.40928008163916413,-0.5560243256421027,0.7393348218058772,-0.7925983100516999,0.0,0.0,1.0
0.4924302576317573,-0.27427118372975434,0.27075441841416703,-0.7298884654795651,0.47578943153978576,0.0,0.0,1.0
-0.9058938617169451,-0.8818112243219832,-0.5116335205921017,0.8392819842062474,-0.8865529575769951,0.0,1.0,0.0
1.5411733471432911,1.8858711828203034,-0.5782197281671032,0.18962542860384077,0.11562994935948734,1.0,0.0,0.0
-1.3553551857933004,-1.1518290201407262,0.8755791372204315,-1.259608426201528,0.2095845968847826,0.0,0.0,1.0
-1.1555945973149266,-1.219333469095431,1.0032027017391845,-1.439513318522194,1.0395173166915572,0.0,0.0,1.0
-1.8547566569892635,-1.961882407596993,0.6369785600766757,-1.0397246689207131,1.2587448275839126,0.0,1.0,0.0
-0.8559537145973374,-1.0843245711860596,-0.7280386952108568,0.30956202348428535,1.0864946404542049,0.0,1.0,0.0
0.8420112874689257,0.8733044484999603,-0.6559036370046051,0.5894140782053218,-0.3541432882669888,0.0,1.0,0.0
0.7421309932297389,0.6032866526811791,0.22636361336416597,-0.7698673304397138,-1.5129172744122967,0.0,1.0,0.0
-1.205534744434506,-0.8818112243219832,0.45941533987667155,-0.21016322099764023,-0.4480979357922841,0.0,1.0,0.0
1.1915923173060943,0.670791101635884,-0.6448059357421049,0.6193982269254332,1.2274266117421475,0.0,1.0,0.0
-0.6062529789993558,-0.13926228582038291,-0.27303294344834594,0.05969411748335973,0.2565619206474302,0.0,1.0,0.0
1.9406945241000388,2.1558889786390463,0.3817314310391697,0.05969411748335973,-0.4480979357922841,0.0,0.0,1.0
0.6921908461101312,0.5357822037265125,-0.27303294344834594,-0.20016850475760306,0.9455626691662619,0.0,1.0,0.0
-1.505175627152095,-1.4218468159595072,-0.650354786373355,1.2990389312479507,0.11562994935948734,0.0,0.0,1.0
-1.0557143030757397,-1.5568557138688788,-1.033225479929614,1.0691604577270994,-1.4815990585705316,0.0,1.0,0.0
-0.20673180204257968,-0.6117934285032021,-0.5782197281671032,0.8392819842062474,0.5540849711441984,0.0,0.0,1.0
0.4424901105121496,0.5357822037265125,-0.3451680016545977,-0.1601896397974551,-1.1997351159946459,1.0,0.0,0.0
0.2926696691533834,0.13075550999835991,-0.0399812169358404,-0.1302054910773436,-1.434621734807884,0.0,0.0,1.0
-0.7061332732385428,-1.219333469095431,0.9199699422704325,-1.3695503048419349,1.0864946404542049,0.0,1.0,0.0
-1.4552354800324874,-1.0843245711860596,-0.5948662800608536,1.3390177962080987,1.4309950147136206,0.0,0.0,1.0
0.34260981627296266,1.5483489380468558,0.7257601701766779,-1.2696031424415646,-0.416779719950519,1.0,0.0,0.0
0.04296893355540185,-0.40928008163916413,-1.1663978950796172,1.5189226885287654,0.5540849711441984,1.0,0.0,0.0
0.5923105518709442,0.46827775477180766,2.284987197557965,-1.8692861168437862,-0.996166713023173,0.0,1.0,0.0
-1.205534744434506,-1.0843245711860596,-0.12321397640459239,-0.5799677218790097,-0.651666338763757,0.0,1.0,0.0
-0.10685150780339275,0.5357822037265125,-0.7224898445796067,1.1890970526075433,0.7263351582739064,0.0,1.0,0.0
-0.15679165492300043,-0.3417756326844592,-1.0387743305608643,0.9692132953267292,1.1961083959003824,0.0,1.0,0.0
-0.7560734203581504,-1.1518290201407262,1.5081481091829465,-1.5294657646825274,-1.262371547678176,0.0,1.0,0.0
-0.5563128318797765,0.13075550999835991,-1.3051191608608705,1.718817013329506,1.1804492879795,0.0,1.0,0.0
-0.5563128318797765,0.13075550999835991,0.9199699422704325,-0.7498778979596394,-0.6986436625264046,0.0,1.0,0.0
-1.105654450195319,-1.8943779586423264,-0.46169386491085046,-0.04025304491701052,1.4309950147136206,0.0,0.0,1.0
0.9918317288277203,0.33326885686243624,0.15422855515791425,-0.3900681133183064,0.2565619206474302,0.0,1.0,0.0
-0.6062529789993558,-0.8818112243219832,-0.522731221854602,0.8492767004462846,-0.589029907080227,0.0,1.0,0.0
-0.8559537145973374,-0.8143067753672784,0.5870389043954246,-0.9597669390004171,-1.1684169001528808,0.0,1.0,0.0
2.140455112578441,2.3584023255031226,-0.07882317135459133,0.19962014484387794,-1.6538492457002396,0.0,0.0,1.0
-0.7061332732385428,-0.40928008163916413,-0.07882317135459133,-0.2201579372376774,-0.8395756338143475,0.0,1.0,0.0
1.1915923173060943,0.670791101635884,0.39282913230166994,-0.6899096005194172,0.8359489137200842,0.0,1.0,0.0
-1.704936215630469,-1.5568557138688788,0.09319119821416279,-0.23015265347771385,0.03733440975507465,0.0,1.0,0.0
-0.10685150780339275,-0.40928008163916413,-0.43949846238584994,-0.26013680219782537,-1.2936897635199411,0.0,1.0,0.0
1.9906346712196465,2.020880080729675,0.897774539745432,-0.9597669390004171,0.9925399929289095,1.0,0.0,0.0
-0.8559537145973374,-0.6117934285032021,-0.6780990395296056,2.0486426492507275,0.5540849711441984,0.0,1.0,0.0
-0.3565522434013743,-0.6117934285032021,-0.23973983966084517,-0.280126234677899,0.6480396186694937,0.0,1.0,0.0
0.6422506989905519,0.40077330581714116,-0.8445645584671096,1.359007228688173,-0.21321131697904597,0.0,1.0,0.0
0.8420112874689257,0.6032866526811791,-1.3273145633858712,2.2685264065315422,-1.1214395763902332,0.0,0.0,1.0
0.7421309932297389,0.40077330581714116,-0.8778576622546104,1.0691604577270994,1.5406087701597984,0.0,1.0,0.0
0.5423704047513649,0.40077330581714116,0.3983779829329201,-0.4800205594786395,-0.589029907080227,0.0,1.0,0.0
0.24272952203377574,-0.2067667347750878,1.6746136281204504,-1.5394604809225643,0.5540849711441984,0.0,1.0,0.0
1.1915923173060943,1.1433222443187032,-0.2452886902920953,-0.3201050996380477,1.6815407414477412,0.0,1.0,0.0
-1.405295332912908,-1.4218468159595072,0.0044095881141606634,-0.29012095091793616,0.8829262374827318,0.0,1.0,0.0
-1.1555945973149266,-0.2067667347750878,-0.2286421383983449,0.09967298244350768,1.0708355325333223,0.0,1.0,0.0
-1.5551157742717028,-1.2868379180500975,-0.650354786373355,0.8692661329263589,1.6815407414477412,0.0,1.0,0.0
0.9918317288277203,0.2657644079077313,1.6024785699141988,-1.3695503048419349,-0.40112061202963645,0.0,0.0,1.0
-1.305415038673721,-1.0843245711860596,0.6924670663891771,-1.1896454125212683,-0.6360072308428746,0.0,1.0,0.0
0.9918317288277203,0.33326885686243624,3.6500044528454976,-2.4189955100458227,0.39749389193537304,0.0,1.0,0.0
1.5411733471432911,1.6158533870015224,-0.7502340977358574,2.1485898116510977,0.3035392444100778,0.0,1.0,0.0
0.6422506989905519,0.40077330581714116,-0.4505961636483502,0.7993031192460994,-0.056620237770220586,0.0,1.0,0.0
1.1915923173060943,1.2783311422280745,0.009958438745410796,-0.21016322099764023,1.3213812592674428,0.0,1.0,0.0
-0.6561931261189635,-1.0168201222313547,-0.9943835255108632,1.2890442150079136,-0.6046890150011095,0.0,0.0,1.0
-0.9558340088365244,-1.3543423670048025,0.5481969499766737,-0.49001527571867665,-1.090121360548468,0.0,1.0,0.0
-0.45643253764056124,0.2657644079077313,-0.18980018397959397,0.6094035106853961,1.0708355325333223,0.0,1.0,0.0
1.9906346712196465,2.2233934275937512,-0.6891967407921059,1.2790494987678764,-0.40112061202963645,0.0,0.0,1.0
0.14284922779458878,-0.5442889795485355,-0.0399812169358404,0.01971525252321177,1.3526994751092078,0.0,1.0,0.0
-0.9558340088365244,-0.07175783686571639,0.81454178027668,-1.0896982501208983,-0.7456209862890523,1.0,0.0,0.0
0.34260981627296266,-0.2067667347750878,-0.1787024827170937,1.2390706338077284,0.8672671295618493,0.0,1.0,0.0
-1.305415038673721,-0.40928008163916413,-0.7668806496296078,0.5894140782053218,-0.9178711734187602,0.0,1.0,0.0
-0.15679165492300043,-0.5442889795485355,0.5093549955579227,-0.49001527571867665,1.0864946404542049,0.0,1.0,0.0
-0.7560734203581504,-0.3417756326844592,0.22081476273291584,-0.14020020731738078,0.28788013648919525,0.0,1.0,0.0
-1.105654450195319,-1.69186461177825,-0.8390157078358594,-0.0002741799568625625,0.8046306978783191,0.0,1.0,0.0
1.041771875947328,0.40077330581714116,-0.12321397640459239,-0.11021605859726998,-1.6538492457002396,0.0,0.0,1.0
0.4924302576317573,0.2657644079077313,-0.12321397640459239,0.6094035106853961,0.5854031869859635,0.0,0.0,1.0
0.04296893355540185,-0.6117934285032021,-0.7724295002608579,0.6693718081256184,-0.47941615163404916,0.0,1.0,0.0
-0.05691136068381348,0.06325106104369341,-0.983285824248363,1.6288645671691722,1.11781285629597,0.0,0.0,1.0
1.8907543769804596,2.08838452968438,5.314659642220538,-2.6988475647668593,-1.606871921937592,0.0,1.0,0.0
-0.506372684760169,0.2657644079077313,-0.483889267435851,0.6193982269254332,0.9455626691662619,0.0,1.0,0.0
-1.0557143030757397,-0.5442889795485355,0.20971706147041558,-0.5299941406788247,-1.606871921937592,1.0,0.0,0.0
-0.2566719491621874,-0.8818112243219832,-0.5171823712233518,0.5694246457252482,1.0238582087706747,0.0,1.0,0.0
-0.8060135674777581,-0.47678453059383064,1.4804038560266959,-1.2396189937214535,-0.6829845546055221,0.0,1.0,0.0
1.1915923173060943,1.3458355911827795,0.4538664892454214,-0.7498778979596394,0.9612217770871444,0.0,1.0,0.0
0.19278937491416806,1.0758177953640367,1.5303435117079471,-1.6494023595629717,-0.9178711734187602,0.0,1.0,0.0
-1.005774155956132,-1.3543423670048025,0.4205733854579206,-1.0497193851607503,-1.4502808427287666,0.0,1.0,0.0
-0.6062529789993558,-1.0168201222313547,0.20971706147041558,-0.67991488427938,-1.6851674615420047,0.0,0.0,1.0
-0.8559537145973374,-0.07175783686571639,-0.1787024827170937,0.15964127988372998,0.06865262559683973,0.0,1.0,0.0
-1.305415038673721,-1.1518290201407262,1.4526596028704453,-1.309582007401713,-1.5129172744122967,0.0,1.0,0.0
-0.506372684760169,-0.004253387911011494,0.1653262564204145,-0.5699730056389732,0.3818347840144905,1.0,0.0,0.0
-0.05691136068381348,-0.5442889795485355,-1.033225479929614,0.9792080115667656,1.1647901800586176,0.0,0.0,1.0
0.3925499633925703,0.33326885686243624,-0.15650708019209317,-0.4200522620384179,-0.8395756338143475,0.0,0.0,1.0
1.3414127586648887,0.46827775477180766,-0.5893174294296035,0.36953032092450766,-1.4815990585705316,0.0,1.0,0.0
1.241532464425702,1.3458355911827795,0.5703923525016742,-1.0896982501208983,-0.9648484971814079,0.0,0.0,1.0
1.6909937885020574,1.5483489380468558,-1.3994496215921228,1.478943823568617,-0.8395756338143475,0.0,1.0,0.0
0.2926696691533834,1.2783311422280745,-0.4228519104920995,-0.18017907227752872,-1.0431440367858205,0.0,1.0,0.0
0.9418915817081127,0.6032866526811791,-0.2952283459733465,0.02970996876324823,-1.5912128140167094,0.0,1.0,0.0
0.2926696691533834,0.40077330581714116,1.613576271176699,-1.3795450210819722,-0.4637570437131666,1.0,0.0,0.0
-1.305415038673721,-1.0843245711860596,-1.1053605381358658,1.2590600662878026,-1.4502808427287666,0.0,0.0,1.0
1.241532464425702,1.0083133464093317,0.8922256891141819,-1.0497193851607503,0.39749389193537304,0.0,1.0,0.0
-1.5551157742717028,-1.69186461177825,6.557602183620567,-3.0686520656482292,-1.403303518966119,0.0,1.0,0.0
1.6909937885020574,1.2783311422280745,-0.26748409281709584,-0.18017907227752872,-1.2780306555990586,0.0,1.0,0.0
-0.8559537145973374,-1.4218468159595072,-0.6614524876358553,-0.08023190987715847,1.0708355325333223,1.0,0.0,0.0
-0.40649239052098196,0.06325106104369341,-0.028883515673340132,-0.23015265347771385,-1.5285763823331793,0.0,1.0,0.0
1.4912332000236834,0.7382955505905888,2.445903865864219,-1.9792279954841936,0.4601303236189032,0.0,1.0,0.0
-2.154397539706853,-2.569422448189222,1.108630863732937,-1.4095291698020833,-0.21321131697904597,0.0,0.0,1.0
1.6909937885020574,1.1433222443187032,0.7424067220704282,-0.7798620466797502,0.9142444533244969,0.0,1.0,0.0
-0.40649239052098196,-1.0843245711860596,0.9532630460579333,-1.1096876826009725,1.3996767988718555,0.0,1.0,0.0
0.6422506989905519,0.33326885686243624,-0.32297259912959714,-0.030258328676973353,-0.3541432882669888,0.0,0.0,1.0
-0.30661209628179503,-0.8818112243219832,-0.4450473130171001,0.7593242542859515,-0.18189310113728088,0.0,1.0,0.0
1.0917120230669073,0.5357822037265125,-0.8667599609921102,0.689361240605692,-0.9805076051022904,0.0,1.0,0.0
-1.005774155956132,-0.8818112243219832,0.4982572942954225,-0.5699730056389732,1.3057221513465602,0.0,1.0,0.0
-1.305415038673721,-0.7468023264126119,0.9366164941641829,-1.1196823988410094,1.0395173166915572,0.0,1.0,0.0
1.2914726115453095,0.670791101635884,-0.18425133334834384,-0.280126234677899,-0.19755220905816342,0.0,1.0,0.0
-0.5563128318797765,-0.7468023264126119,1.613576271176699,-1.5094763322024536,-1.1370986843111157,0.0,1.0,0.0
-0.6062529789993558,-0.7468023264126119,-0.8889553635171107,0.6693718081256184,1.5092905543180333,0.0,1.0,0.0
0.24272952203377574,-0.004253387911011494,-0.10101857387959186,0.5094563482850258,-0.3384841803461063,0.0,1.0,0.0
-1.6549960685108898,-1.3543423670048025,0.22636361336416597,-0.7798620466797502,-1.0744622526275855,0.0,1.0,0.0
0.6921908461101312,0.46827775477180766,-1.4382915760108739,2.098616230450913,-0.025302021928455508,0.0,1.0,0.0
-0.20673180204257968,-0.6117934285032021,0.27075441841416703,0.1296571311636185,-1.6851674615420047,1.0,0.0,0.0
-1.3553551857933004,-0.8143067753672784,-0.6670013382671054,0.2395990098040259,0.4914485394606683,1.0,0.0,0.0
0.2926696691533834,0.40077330581714116,-0.6670013382671054,-0.04025304491701052,-1.638190137779357,1.0,0.0,0.0
0.3925499633925703,0.13075550999835991,-0.13986052829834278,-0.0002741799568625625,0.7419942661947889,0.0,1.0,0.0
-0.8060135674777581,-1.5568557138688788,0.48161074240167207,-0.8898039253201576,0.9142444533244969,1.0,0.0,0.0
0.4924302576317573,-0.3417756326844592,-0.6059639813233539,0.8492767004462846,0.2252437048056651,0.0,1.0,0.0
0.6422506989905519,0.7382955505905888,-0.5615731762733529,0.2995673072442482,0.4601303236189032,0.0,0.0,1.0
-0.6561931261189635,-1.0168201222313547,-0.3285214497608473,0.21960957732395228,-0.7769392021308174,0.0,1.0,0.0
0.9418915817081127,0.670791101635884,0.5703923525016742,-0.6899096005194172,0.28788013648919525,0.0,1.0,0.0
-1.0557143030757397,-0.6792978774579069,-0.46169386491085046,0.649382375645544,-0.8708938496561126,0.0,1.0,0.0
-1.005774155956132,-1.3543423670048025,-0.7668806496296078,1.4689491073285805,-0.6673254466846396,0.0,1.0,0.0
0.19278937491416806,-0.27427118372975434,-1.2218864013921187,0.8092978354861367,-1.2780306555990586,0.0,1.0,0.0
1.7908740827412726,1.210826693273408,-0.6559036370046051,0.4794721995649144,-0.1035975615328682,0.0,0.0,1.0
-0.05691136068381348,-0.3417756326844592,0.043251542532911594,-0.15019492355741795,0.6323805107486111,1.0,0.0,0.0
-0.6561931261189635,-0.6117934285032021,0.3761825804079195,-0.7298884654795651,-1.6538492457002396,0.0,1.0,0.0
0.9918317288277203,0.40077330581714116,-0.400656507967099,0.48946691580495155,-0.3384841803461063,0.0,1.0,0.0
1.8907543769804596,1.750862284910932,0.14313085389541397,-0.40006282955834355,1.11781285629597,0.0,1.0,0.0
-1.505175627152095,-1.2868379180500975,-0.9777369736171128,0.5294457807650995,1.384017690950973,0.0,0.0,1.0
-1.1555945973149266,-1.0843245711860596,-0.6725501888983555,1.1890970526075433,-0.47941615163404916,1.0,0.0,0.0
-0.6062529789993558,-0.13926228582038291,-0.3007771966045966,0.2395990098040259,-0.5263934753966968,0.0,1.0,0.0
0.7920711403493464,0.6032866526811791,-0.6670013382671054,1.0191868765269143,-0.8865529575769951,1.0,0.0,0.0
-0.7061332732385428,-0.004253387911011494,-0.09546972324834173,0.02970996876324823,-1.1840760080737633,0.0,1.0,0.0
0.6921908461101312,0.6032866526811791,-0.5504754750108526,0.5394404970051366,1.0864946404542049,0.0,1.0,0.0
-0.8559537145973374,-1.3543423670048025,1.2584498307766907,-1.399534453562046,-0.18189310113728088,0.0,0.0,1.0
0.19278937491416806,1.1433222443187032,-0.5282800724858521,1.1191340389272846,1.0395173166915572,0.0,1.0,0.0
-1.1555945973149266,-0.27427118372975434,0.8755791372204315,-0.7798620466797502,1.6032452018433285,1.0,0.0,0.0
-0.5563128318797765,0.1982599589530648,-0.46169386491085046,0.4095091858846556,0.16260727312213497,0.0,1.0,0.0
-0.6062529789993558,-0.004253387911011494,-0.28967949534209636,0.13965184740365566,0.6950169424321413,0.0,1.0,0.0
-0.6062529789993558,-0.9493156732766498,-0.02333466504209,0.11966241492358203,-1.058803144706703,0.0,1.0,0.0
0.6921908461101312,0.7382955505905888,2.290536048189215,-1.729360089483268,0.36617567609360796,0.0,1.0,0.0
0.5923105518709442,1.1433222443187032,-0.4228519104920995,0.8292872679662102,1.5092905543180333,0.0,1.0,0.0
-1.0557143030757397,-1.6243601628235453,-0.13431167766709265,0.04969940124332256,0.16260727312213497,0.0,1.0,0.0
0.3925499633925703,0.40077330581714116,-0.8612111103608601,1.2890442150079136,0.8985853454036143,0.0,1.0,0.0
1.8408142298608519,2.020880080729675,-0.46169386491085046,0.5494352132451739,-0.8865529575769951,0.0,1.0,0.0
-0.6561931261189635,-0.13926228582038291,-0.0011392625170894694,-0.6599254517993064,-1.6538492457002396,0.0,1.0,0.0
0.7920711403493464,0.5357822037265125,-0.02333466504209,-0.46003112699856585,0.6323805107486111,0.0,1.0,0.0
1.4912332000236834,0.8733044484999603,3.633357900951747,-2.3490324963655635,0.6323805107486111,0.0,1.0,0.0
0.5423704047513649,0.13075550999835991,1.7245532838017017,-1.2296242774814168,-0.996166713023173,0.0,0.0,1.0
-1.2554748915541136,-0.9493156732766498,-1.066518583717115,1.6988275808494318,0.3818347840144905,0.0,0.0,1.0
-0.3565522434013743,-0.8818112243219832,-0.7280386952108568,0.8692661329263589,-0.3541432882669888,0.0,1.0,0.0
1.3414127586648887,1.3458355911827795,0.6258808588141755,-0.8997986415601948,-0.416779719950519,0.0,0.0,1.0
-0.006971213564205815,-0.27427118372975434,-0.23973983966084517,-0.12021077483730715,-1.262371547678176,0.0,1.0,0.0
0.4924302576317573,0.6032866526811791,-0.8168203053108589,1.2890442150079136,1.0238582087706747,0.0,1.0,0.0
0.24272952203377574,1.0758177953640367,-0.46169386491085046,1.1091393226872475,1.3370403671883253,0.0,0.0,1.0
0.6921908461101312,0.40077330581714116,0.14313085389541397,-0.3900681133183064,0.03733440975507465,0.0,0.0,1.0
-0.8559537145973374,-1.0843245711860596,0.2541078665204166,-0.9397775065203428,0.3035392444100778,0.0,1.0,0.0
0.6921908461101312,-0.004253387911011494,1.313938337089192,-1.439513318522194,-1.2153942239155284,0.0,1.0,0.0
0.5423704047513649,0.8733044484999603,0.6369785600766757,-0.929782790280306,-1.2467124397572935,0.0,0.0,1.0
-0.7560734203581504,-0.40928008163916413,-0.9721881229858627,0.4494880508448036,0.8516080216409667,0.0,1.0,0.0
-1.8547566569892635,-1.8943779586423264,-1.2218864013921187,2.8282305159736154,-1.3093488714408237,0.0,0.0,1.0
-1.505175627152095,-1.4218468159595072,-0.2563863915545956,-0.5299941406788247,-0.7925983100516999,0.0,0.0,1.0
0.19278937491416806,0.9408088974546268,1.0475935067891855,-0.8298356278799357,0.39749389193537304,0.0,1.0,0.0
0.7421309932297389,0.40077330581714116,-0.7446852471046073,0.22960429356398873,-0.3854615041087539,0.0,1.0,0.0
1.041771875947328,-0.004253387911011494,-1.022127778667114,0.5094563482850258,-1.5912128140167094,0.0,0.0,1.0
1.141652170186515,0.670791101635884,0.38728028167041983,-0.8997986415601948,1.2900630434256777,0.0,1.0,0.0
-0.2566719491621874,-0.5442889795485355,-0.22309328776709478,0.1496465636436928,1.0551764246124398,0.0,1.0,0.0
-0.506372684760169,0.1982599589530648,-0.37291225481084833,-0.3900681133183064,-0.16623399321639837,0.0,1.0,0.0
2.040574818339254,2.1558889786390463,-0.6226105332171044,0.689361240605692,0.24090281272654765,0.0,0.0,1.0
-0.9058938617169451,-0.8818112243219832,2.5069412228079706,-1.9492438467640825,-1.1214395763902332,0.0,1.0,0.0
0.2926696691533834,-0.40928008163916413,-1.2607283558108695,0.5194510645250631,-0.5420525833175793,0.0,0.0,1.0
1.241532464425702,0.1982599589530648,-0.2841306447108462,0.1796307123638036,0.8202898057992016,0.0,0.0,1.0
-0.6062529789993558,-1.0168201222313547,-0.4949869686983513,1.079155173967136,-0.7925983100516999,0.0,1.0,0.0
0.5423704047513649,0.06325106104369341,0.0044095881141606634,-0.3400945321181213,-1.2467124397572935,0.0,1.0,0.0
0.7421309932297389,0.33326885686243624,-0.4783404168046009,0.7993031192460994,0.2565619206474302,1.0,0.0,0.0
0.2926696691533834,-0.40928008163916413,-0.4228519104920995,0.919239714126544,1.994722899865392,1.0,0.0,0.0
0.04296893355540185,-0.27427118372975434,-0.4228519104920995,0.5094563482850258,0.08431173351772227,1.0,0.0,0.0
-0.506372684760169,-0.8818112243219832,0.4483176386141713,-0.46003112699856585,1.4309950147136206,0.0,0.0,1.0
0.14284922779458878,-0.5442889795485355,-0.9721881229858627,0.7593242542859515,-0.9805076051022904,0.0,0.0,1.0
-0.8559537145973374,-1.5568557138688788,-0.5560243256421027,0.3795250371645441,0.05299351767595719,0.0,0.0,1.0
0.9918317288277203,0.40077330581714116,-1.0720674343483652,1.4689491073285805,1.384017690950973,1.0,0.0,0.0
0.8919514345885334,0.6032866526811791,1.9964469647329584,-1.5294657646825274,-1.1997351159946459,0.0,1.0,0.0
-0.3565522434013743,-0.6792978774579069,-0.650354786373355,0.72934010556584,-1.2936897635199411,0.0,1.0,0.0
0.3925499633925703,0.40077330581714116,0.06544694505791213,-0.5499835731588989,0.7106760503530238,0.0,1.0,0.0
-0.15679165492300043,0.7382955505905888,0.8367371828016805,-0.9397775065203428,0.6323805107486111,0.0,1.0,0.0
0.4924302576317573,1.4808444890921508,1.313938337089192,-1.1196823988410094,0.47578943153978576,0.0,1.0,0.0
0.6422506989905519,0.5357822037265125,-0.9277973179358616,1.4189755261283954,-0.9178711734187602,0.0,0.0,1.0
-0.006971213564205815,1.0083133464093317,0.7035647676516774,-0.7998514791598246,0.31919835233096033,0.0,1.0,0.0
0.34260981627296266,-0.3417756326844592,-0.400656507967099,0.42949861836472925,-0.823916525893465,0.0,1.0,0.0
2.040574818339254,2.2908978765484176,-0.11766512577334225,0.2395990098040259,-0.04096112984933804,0.0,0.0,1.0
-0.9058938617169451,-1.1518290201407262,-1.7157341075733805,1.9586902030903945,0.8516080216409667,0.0,1.0,0.0
1.1915923173060943,0.13075550999835991,-1.0720674343483652,2.238542257811431,-0.025302021928455508,0.0,1.0,0.0
0.9918317288277203,0.6032866526811791,-0.2452886902920953,-0.14020020731738078,-0.8708938496561126,0.0,1.0,0.0
0.7920711403493464,0.6032866526811791,0.5759412031329243,-0.5899624381190469,-0.996166713023173,0.0,1.0,0.0
-0.30661209628179503,-0.5442889795485355,-0.6226105332171044,0.1496465636436928,-1.231053331836411,0.0,1.0,0.0
1.3414127586648887,1.4133400401374843,0.353987177882919,-0.7498778979596394,0.6323805107486111,1.0,0.0,0.0
0.34260981627296266,0.06325106104369341,-0.3118748978670969,0.01971525252321177,0.8516080216409667,0.0,0.0,1.0
1.141652170186515,0.8057999995452554,2.018642367257959,-1.709370657003194,-0.823916525893465,0.0,1.0,0.0
1.041771875947328,0.8057999995452554,-0.5116335205921017,1.0291815927669508,-1.5129172744122967,0.0,1.0,0.0
-1.005774155956132,-1.0843245711860596,-0.37291225481084833,0.19962014484387794,-1.4502808427287666,0.0,1.0,0.0
-1.1555945973149266,-0.7468023264126119,-0.04553006756709053,0.8292872679662102,-0.36980239618787136,0.0,0.0,1.0
-1.305415038673721,-1.0843245711860596,0.353987177882919,-0.5399888569188618,-0.6673254466846396,0.0,1.0,0.0
-0.3565522434013743,-0.5442889795485355,0.009958438745410796,-0.280126234677899,0.16260727312213497,0.0,1.0,0.0
-1.2554748915541136,-1.0843245711860596,-0.15650708019209317,0.27957787476417384,1.587586093922446,0.0,1.0,0.0
-1.5551157742717028,-1.4218468159595072,-0.5782197281671032,0.15964127988372998,0.4914485394606683,0.0,1.0,0.0
-0.8559537145973374,-0.7468023264126119,-1.0609697330858647,1.5489068372488763,-0.08793845361198566,0.0,1.0,0.0
-0.7061332732385428,-0.27427118372975434,-1.033225479929614,2.248536974051468,-1.5442354902540618,0.0,1.0,0.0
-1.405295332912908,-1.2868379180500975,0.8311883321704304,-0.8798092090801208,0.5854031869859635,0.0,1.0,0.0
-1.2554748915541136,-0.8818112243219832,-0.611512831954604,0.42949861836472925,1.4623132305553856,0.0,1.0,0.0
-0.9058938617169451,-0.7468023264126119,0.7978952283829296,-0.8298356278799357,-0.5263934753966968,0.0,1.0,0.0
-0.9558340088365244,-0.8143067753672784,-0.5837685787983534,0.1796307123638036,-0.2288704248999285,0.0,0.0,1.0
0.7920711403493464,0.5357822037265125,0.13758200326416384,-0.5899624381190469,0.6636987265903762,0.0,1.0,0.0
-1.005774155956132,-1.0168201222313547,0.6924670663891771,-1.1696559800411945,1.384017690950973,0.0,1.0,0.0
1.740933935621665,1.95337563177497,1.907665354632956,-1.6693917920430457,-0.11925666945375074,0.0,0.0,1.0
0.9418915817081127,-0.2067667347750878,0.9976538511079344,-0.8098461953998617,-1.6851674615420047,0.0,1.0,0.0
0.5423704047513649,0.8733044484999603,3.7054929591579993,-2.339037780125526,-1.0118258209440554,1.0,0.0,0.0
-0.45643253764056124,0.13075550999835991,0.9532630460579333,-1.1896454125212683,-1.4189626268870015,0.0,0.0,1.0
0.8420112874689257,0.13075550999835991,-0.3784611054420985,1.1091393226872475,-1.5598945981749444,0.0,1.0,0.0
1.3913529057844964,1.4808444890921508,0.7923463777516795,-0.909793357800232,-0.7769392021308174,0.0,1.0,0.0
1.9906346712196465,2.2233934275937512,-1.360607667173372,1.4589543910885432,-0.08793845361198566,0.0,1.0,0.0
-0.8559537145973374,-0.6117934285032021,-0.37291225481084833,0.009720536283174605,-1.1997351159946459,0.0,1.0,0.0
0.19278937491416806,-0.13926228582038291,-0.6059639813233539,0.33954617220439615,1.415335906792738,0.0,0.0,1.0
-1.4552354800324874,-1.0843245711860596,0.24301016525791636,-0.18017907227752872,0.6636987265903762,0.0,0.0,1.0
0.4924302576317573,1.3458355911827795,-0.5116335205921017,-0.3201050996380477,-1.1997351159946459,0.0,1.0,0.0
0.9418915817081127,0.5357822037265125,0.0044095881141606634,-0.24014736971775102,-0.3854615041087539,0.0,1.0,0.0
-0.20673180204257968,-0.5442889795485355,-0.6337082344796046,0.5894140782053218,0.39749389193537304,0.0,1.0,0.0
-1.005774155956132,-1.6243601628235453,1.6912601800142009,-1.6194182108428605,-0.996166713023173,0.0,0.0,1.0
-0.5563128318797765,0.06325106104369341,-0.26748409281709584,0.5294457807650995,0.39749389193537304,1.0,0.0,0.0
0.7421309932297389,0.40077330581714116,0.22081476273291584,-1.1996401287613057,1.759836281052154,0.0,1.0,0.0
1.041771875947328,0.670791101635884,1.0531423574204357,-1.3895397373220089,1.6032452018433285,1.0,0.0,0.0
-0.40649239052098196,-0.7468023264126119,0.18752165894541503,-0.26013680219782537,1.6345634176850936,0.0,0.0,1.0
-1.105654450195319,-0.8818112243219832,-0.7502340977358574,0.4195039021246928,-0.7143027704472872,0.0,1.0,0.0
-0.20673180204257968,0.06325106104369341,0.5925877550266747,-1.0397246689207131,-0.5420525833175793,0.0,0.0,1.0
1.1915923173060943,0.1982599589530648,2.0019958153642086,-1.5594499134026387,0.08431173351772227,0.0,1.0,0.0
0.7920711403493464,0.40077330581714116,-0.33961915102334755,-0.3400945321181213,1.7285180652103889,0.0,1.0,0.0
1.141652170186515,1.0758177953640367,0.6591739626016763,-0.7698673304397138,0.6636987265903762,0.0,1.0,0.0
0.9418915817081127,0.6032866526811791,0.4261222360891707,-0.5499835731588989,-0.9648484971814079,0.0,1.0,0.0
-1.4552354800324874,-1.4893512649141738,-0.006688113148339602,-0.5699730056389732,1.149131072137735,0.0,0.0,1.0
0.14284922779458878,1.0758177953640367,-1.3051191608608705,2.2785211227715787,0.16260727312213497,0.0,0.0,1.0
-0.2566719491621874,0.670791101635884,-0.48943811806710114,0.329551455964359,0.44447121569802067,0.0,0.0,1.0
-1.305415038673721,-0.8818112243219832,-0.6337082344796046,1.0291815927669508,0.6950169424321413,0.0,0.0,1.0
-0.5563128318797765,0.06325106104369341,-0.36736340417959823,0.2595884422841002,0.8829262374827318,0.0,1.0,0.0
0.34260981627296266,1.2783311422280745,-0.777978350892108,1.0191868765269143,1.791154496893919,0.0,1.0,0.0
0.19278937491416806,1.2783311422280745,-0.5615731762733529,0.6693718081256184,-1.0431440367858205,1.0,0.0,0.0
-0.2566719491621874,0.5357822037265125,-0.1787024827170937,0.01971525252321177,0.7576533741156715,0.0,0.0,1.0
-0.45643253764056124,-0.8143067753672784,-0.26748409281709584,0.09967298244350768,1.587586093922446,0.0,0.0,1.0
-1.105654450195319,-0.7468023264126119,-0.18425133334834384,-0.6499307355592692,-1.2780306555990586,0.0,1.0,0.0
-0.9058938617169451,-1.4218468159595072,0.06544694505791213,-0.5899624381190469,1.2900630434256777,0.0,1.0,0.0
1.4912332000236834,0.8057999995452554,-1.0998116875046158,1.0991446064472101,1.0395173166915572,0.0,1.0,0.0
0.5923105518709442,0.6032866526811791,0.3206940740954182,-0.21016322099764023,0.8829262374827318,0.0,1.0,0.0
0.4424901105121496,0.46827775477180766,0.6480762613391761,-0.929782790280306,1.446654122634503,1.0,0.0,0.0
-0.006971213564205815,-0.004253387911011494,-0.2952283459733465,0.1796307123638036,-0.6046890150011095,0.0,1.0,0.0
0.14284922779458878,1.0758177953640367,0.3761825804079195,-0.6499307355592692,0.021675301834192112,0.0,1.0,0.0
-1.005774155956132,-0.6117934285032021,-0.36736340417959823,0.42949861836472925,0.2565619206474302,0.0,1.0,0.0
-0.8060135674777581,-1.0168201222313547,0.5370992487141734,-0.43004697827845434,-0.009642914007572967,0.0,0.0,1.0
0.09290908067498112,-0.3417756326844592,-1.0165789280358637,1.1091393226872475,0.39749389193537304,0.0,1.0,0.0
-1.3553551857933004,-0.9493156732766498,0.25965671715166677,-0.23015265347771385,0.7419942661947889,0.0,1.0,0.0
0.7421309932297389,0.2657644079077313,-0.8945042141483608,1.528917404768802,0.021675301834192112,0.0,0.0,1.0
0.8919514345885334,0.7382955505905888,-0.2452886902920953,-0.3101103833980105,1.3996767988718555,0.0,1.0,0.0
2.0905149654588335,2.2908978765484176,-0.5837685787983534,0.24959372604406307,1.0551764246124398,0.0,1.0,0.0
-1.4552354800324874,-1.2868379180500975,0.24855901588916648,-0.3201050996380477,1.6815407414477412,0.0,1.0,0.0
-0.7061332732385428,-0.5442889795485355,2.7510906505829764,-2.0391962929244154,-1.058803144706703,0.0,1.0,0.0
0.34260981627296266,0.46827775477180766,-0.6170616825858541,0.33954617220439615,-1.2780306555990586,1.0,0.0,0.0
1.8907543769804596,2.1558889786390463,-0.04553006756709053,-0.060242477397084854,0.8046306978783191,0.0,1.0,0.0
-0.9058938617169451,-1.4218468159595072,-0.056627768829590794,-0.3400945321181213,-0.04096112984933804,0.0,0.0,1.0
0.5423704047513649,0.670791101635884,-1.110909388767116,1.2790494987678764,1.3526994751092078,1.0,0.0,0.0
0.9418915817081127,-0.2067667347750878,-0.03443236630459026,-0.4100575457983807,1.5092905543180333,0.0,0.0,1.0
1.7908740827412726,1.6158533870015224,-0.6725501888983555,0.599408794445359,0.31919835233096033,0.0,1.0,0.0
1.3913529057844964,1.6833578359562271,-0.4284007611233497,0.33954617220439615,-0.620348122921992,0.0,1.0,0.0
1.8907543769804596,1.95337563177497,1.5525389142329475,-1.6294129270828976,-1.434621734807884,0.0,1.0,0.0
-0.15679165492300043,-0.6117934285032021,-0.17315363208584358,0.11966241492358203,0.6950169424321413,0.0,0.0,1.0
0.4924302576317573,1.0758177953640367,-1.0110300774046135,0.559429929485211,0.4601303236189032,0.0,0.0,1.0
0.3925499633925703,1.750862284910932,0.27075441841416703,-0.4400416945184915,0.09997084143860481,0.0,0.0,1.0
-2.25427783394604,-2.7719357950532983,-0.4783404168046009,0.72934010556584,-1.5442354902540618,0.0,0.0,1.0
-0.3565522434013743,-0.6117934285032021,-0.2563863915545956,-0.20016850475760306,0.6793578345112588,0.0,1.0,0.0
-0.30661209628179503,-0.8818112243219832,-1.3883519203296226,2.0486426492507275,-0.056620237770220586,0.0,0.0,1.0
-0.6062529789993558,-0.9493156732766498,0.9310676435329328,-1.1896454125212683,-0.07227934569110313,0.0,0.0,1.0
0.04296893355540185,1.0083133464093317,3.7665303161017505,-2.299058915165378,0.24090281272654765,0.0,1.0,0.0
0.9418915817081127,0.6032866526811791,0.15422855515791425,-0.10022134235723282,1.6658816335268587,0.0,1.0,0.0
-1.4552354800324874,-1.219333469095431,4.038423997033007,-2.4289902262858596,1.149131072137735,0.0,1.0,0.0
-0.7061332732385428,-0.27427118372975434,0.3983779829329201,-0.43004697827845434,-1.3250079793617062,0.0,1.0,0.0
-0.3565522434013743,-1.1518290201407262,0.6203320081829253,-1.1996401287613057,-1.5912128140167094,0.0,1.0,0.0
0.3925499633925703,1.2783311422280745,1.2307055776204399,-1.0996929663609354,0.08431173351772227,0.0,0.0,1.0
-1.0557143030757397,-1.6243601628235453,-0.32297259912959714,-0.20016850475760306,-1.058803144706703,0.0,1.0,0.0
0.7421309932297389,0.06325106104369341,0.009958438745410796,0.21960957732395228,-0.8708938496561126,0.0,1.0,0.0
1.7908740827412726,1.210826693273408,-0.5948662800608536,0.24959372604406307,0.6636987265903762,0.0,0.0,1.0
0.4424901105121496,0.46827775477180766,-0.3340703003920974,0.329551455964359,1.4623132305553856,0.0,1.0,0.0
0.04296893355540185,0.33326885686243624,-0.2619352421858457,1.089149890207173,0.05299351767595719,0.0,1.0,0.0
0.19278937491416806,-0.27427118372975434,-0.8889553635171107,1.448959674848506,0.2252437048056651,0.0,1.0,0.0
0.7920711403493464,0.46827775477180766,-0.2508375409233454,-0.05024776115704769,-1.3093488714408237,0.0,1.0,0.0
-0.9558340088365244,-1.4893512649141738,-0.07882317135459133,-0.4100575457983807,0.3818347840144905,0.0,0.0,1.0
0.6921908461101312,0.2657644079077313,0.5537458006079238,-1.1096876826009725,-0.21321131697904597,0.0,1.0,0.0
1.141652170186515,1.210826693273408,-0.35626570291709797,0.27957787476417384,-1.090121360548468,1.0,0.0,0.0
0.24272952203377574,1.3458355911827795,-0.8723088116233603,1.408980809888358,-1.262371547678176,0.0,0.0,1.0
0.3925499633925703,0.670791101635884,0.22636361336416597,-0.3400945321181213,0.021675301834192112,0.0,0.0,1.0
-1.505175627152095,-1.6243601628235453,-0.1454093789295929,0.2395990098040259,0.2565619206474302,0.0,1.0,0.0
0.4424901105121496,1.3458355911827795,1.0032027017391845,-1.2096348450013428,1.4779723384762682,1.0,0.0,0.0
-1.205534744434506,-0.9493156732766498,-0.16760478145459345,-0.030258328676973353,0.9142444533244969,0.0,0.0,1.0
-0.6561931261189635,-0.27427118372975434,1.1974124738329393,-1.309582007401713,-0.5420525833175793,1.0,0.0,0.0
1.5411733471432911,1.6833578359562271,0.7091136182829275,-0.9997458039605651,0.8202898057992016,0.0,0.0,1.0
-1.3553551857933004,-1.2868379180500975,0.5703923525016742,-0.3101103833980105,1.5406087701597984,0.0,1.0,0.0
-0.8559537145973374,-0.6117934285032021,-0.3063260472358468,-0.30011566715797333,-1.2467124397572935,1.0,0.0,0.0
1.6909937885020574,1.2783311422280745,-0.5837685787983534,0.45948276708484076,-0.4637570437131666,0.0,1.0,0.0
-0.506372684760169,0.2657644079077313,2.451452716495469,-1.8792808330838233,0.27222102856831276,0.0,1.0,0.0
0.4924302576317573,0.6032866526811791,2.0907774254642106,-1.799323103163527,-1.027484928864938,1.0,0.0,0.0
-1.205534744434506,-1.0168201222313547,-0.5338289231171022,-0.18017907227752872,-0.3541432882669888,0.0,0.0,1.0
0.19278937491416806,-0.2067667347750878,0.043251542532911594,-0.20016850475760306,1.149131072137735,0.0,0.0,1.0
-1.0557143030757397,-1.5568557138688788,0.2818521196766673,-0.5399888569188618,-0.7925983100516999,0.0,1.0,0.0
-0.05691136068381348,-0.5442889795485355,0.4705130411391718,-0.5399888569188618,-0.04096112984933804,0.0,1.0,0.0
0.34260981627296266,0.5357822037265125,0.6314297094454256,-0.8398303441199725,0.05299351767595719,0.0,1.0,0.0
-0.7560734203581504,-0.47678453059383064,-0.41175420922959927,0.2395990098040259,1.0238582087706747,0.0,0.0,1.0
1.4412930529040757,1.4808444890921508,-1.3717053684358722,1.438964958608469,0.44447121569802067,0.0,0.0,1.0
0.3925499633925703,0.1982599589530648,-0.012236963779589735,-0.6699201680393435,-0.8708938496561126,0.0,1.0,0.0
0.24272952203377574,-0.004253387911011494,0.22636361336416597,-0.30011566715797333,1.149131072137735,0.0,0.0,1.0
-0.006971213564205815,-0.2067667347750878,0.6258808588141755,-1.1396718313210832,0.06865262559683973,0.0,0.0,1.0
-1.4552354800324874,-1.4893512649141738,-0.4727915661733507,1.0591657414870623,-0.21321131697904597,0.0,1.0,0.0
1.2914726115453095,0.670791101635884,-0.10656742451084199,0.27957787476417384,0.6323805107486111,0.0,1.0,0.0
1.0917120230669073,1.0083133464093317,1.1363751168891878,-0.8798092090801208,1.0081991008497921,0.0,1.0,0.0
0.04296893355540185,-0.6117934285032021,-1.033225479929614,1.8687377569300614,-0.3384841803461063,0.0,1.0,0.0
-1.2554748915541136,-1.3543423670048025,-0.611512831954604,0.5794193619652847,0.6323805107486111,0.0,0.0,1.0
0.19278937491416806,-0.3417756326844592,0.02105614000791106,-0.11021605859726998,-1.1057804684693506,0.0,1.0,0.0
-1.305415038673721,-0.8143067753672784,-0.5116335205921017,1.8087694594898391,0.3348574602518429,0.0,1.0,0.0
0.24272952203377574,-0.13926228582038291,-0.9555415710921122,1.398986093648321,0.3348574602518429,0.0,1.0,0.0
-0.10685150780339275,-0.6117934285032021,0.7146624689141776,-0.9697616552404539,1.446654122634503,0.0,1.0,0.0
-1.205534744434506,-1.0843245711860596,-0.8223691559421091,1.1890970526075433,1.7285180652103889,0.0,0.0,1.0
-1.305415038673721,-1.0843245711860596,-0.6281593838483545,1.0391763090069879,-0.589029907080227,0.0,1.0,0.0
1.9406945241000388,2.1558889786390463,-0.32297259912959714,0.4095091858846556,1.3996767988718555,0.0,1.0,0.0
-1.4552354800324874,-1.219333469095431,-0.06772547009209105,0.21960957732395228,1.4309950147136206,1.0,0.0,0.0
-0.05691136068381348,0.8733044484999603,-0.09546972324834173,0.5694246457252482,0.7106760503530238,0.0,1.0,0.0
1.241532464425702,0.13075550999835991,1.1752170713079386,-0.94977222276038,-0.2758477486625761,0.0,0.0,1.0
-1.005774155956132,-1.4893512649141738,-1.5159754848483757,2.0486426492507275,-0.416779719950519,0.0,1.0,0.0
-0.05691136068381348,0.8733044484999603,-0.611512831954604,1.8187641757298763,-0.07227934569110313,0.0,1.0,0.0
0.34260981627296266,0.8057999995452554,-0.45614501427960036,1.1391234714073581,-0.7299618783681697,0.0,1.0,0.0
0.34260981627296266,0.33326885686243624,-0.522731221854602,0.10966769868354485,1.4623132305553856,0.0,1.0,0.0
0.34260981627296266,1.210826693273408,-0.6614524876358553,0.6993559568457292,0.1782663810430175,0.0,1.0,0.0
-1.205534744434506,-1.1518290201407262,-0.6392570851108547,1.3889913774082838,0.3818347840144905,0.0,1.0,0.0
0.4424901105121496,1.4133400401374843,-0.6448059357421049,0.01971525252321177,-0.6986436625264046,0.0,1.0,0.0
0.09290908067498112,1.0758177953640367,-1.2052398494983683,1.089149890207173,1.6815407414477412,0.0,1.0,0.0
-0.30661209628179503,-0.6117934285032021,-0.5504754750108526,0.99919744404684,0.4131529998562556,0.0,0.0,1.0
-1.0557143030757397,-0.6117934285032021,-0.2841306447108462,-0.27013151843786254,-1.2153942239155284,0.0,0.0,1.0
1.241532464425702,1.4808444890921508,1.103082013101687,-1.4694974672423051,-1.465939950649649,0.0,1.0,0.0
-0.9058938617169451,-1.3543423670048025,-0.006688113148339602,-0.18017907227752872,-0.7612800942099348,0.0,1.0,0.0
1.1915923173060943,0.33326885686243624,-0.9277973179358616,0.5694246457252482,0.569744079065081,0.0,0.0,1.0
0.34260981627296266,0.8057999995452554,-0.2952283459733465,0.6793665243656548,-0.8082574179725824,0.0,1.0,0.0
-1.305415038673721,-1.1518290201407262,-0.3118748978670969,-0.12021077483730715,-1.3250079793617062,0.0,1.0,0.0
1.7908740827412726,1.8183667338655987,-0.7557829483671075,0.6193982269254332,-0.7925983100516999,1.0,0.0,0.0
1.7908740827412726,1.6833578359562271,0.3761825804079195,-0.6299413030791948,-1.465939950649649,0.0,0.0,1.0
-0.40649239052098196,-0.004253387911011494,-1.0554208824546147,1.0391763090069879,1.8537909285774492,0.0,0.0,1.0
0.2926696691533834,-0.004253387911011494,-1.2551795051796195,1.2890442150079136,-0.2288704248999285,0.0,1.0,0.0
1.9406945241000388,2.2908978765484176,-0.4173030598608494,0.9092449978865069,0.9925399929289095,0.0,0.0,1.0
-0.15679165492300043,-0.5442889795485355,-0.7113921433171064,0.6094035106853961,1.0238582087706747,0.0,1.0,0.0
0.34260981627296266,-0.27427118372975434,-0.36736340417959823,0.8092978354861367,-0.32282507242522374,0.0,0.0,1.0
1.0917120230669073,1.210826693273408,-1.1608490444483672,2.238542257811431,-1.1997351159946459,1.0,0.0,0.0
-0.8060135674777581,-0.8818112243219832,0.27075441841416703,-0.5000099919587139,-0.13491577737463328,0.0,1.0,0.0
0.14284922779458878,1.210826693273408,-0.48943811806710114,0.09967298244350768,-0.823916525893465,0.0,1.0,0.0
0.14284922779458878,1.1433222443187032,0.7923463777516795,-1.2196295612413797,1.1021537483750874,0.0,1.0,0.0
-1.005774155956132,-1.69186461177825,-0.08437202198584146,-0.37007868083823275,-0.15057488529551583,0.0,0.0,1.0
0.9418915817081127,0.6032866526811791,-0.6670013382671054,0.7693189705259886,-1.3719853031243538,0.0,0.0,1.0
0.09290908067498112,-0.07175783686571639,0.1653262564204145,-0.8798092090801208,1.0708355325333223,0.0,0.0,1.0
0.9918317288277203,0.670791101635884,0.1486797045266641,-0.2201579372376774,1.7285180652103889,0.0,1.0,0.0
0.6422506989905519,-0.004253387911011494,0.2984986715704177,-0.9197880740402689,1.6032452018433285,0.0,0.0,1.0
-0.7560734203581504,-0.40928008163916413,-0.10101857387959186,-0.2501420859577882,-0.21321131697904597,0.0,0.0,1.0
-0.30661209628179503,0.5357822037265125,-0.6392570851108547,0.7693189705259886,0.021675301834192112,0.0,1.0,0.0
1.0917120230669073,0.9408088974546268,0.4760618917704219,-0.46003112699856585,-0.589029907080227,1.0,0.0,0.0
-0.10685150780339275,-0.3417756326844592,-0.4783404168046009,0.3195567397243225,0.7106760503530238,0.0,0.0,1.0
-0.10685150780339275,0.1982599589530648,-0.08437202198584146,-0.5799677218790097,1.384017690950973,0.0,1.0,0.0
0.8919514345885334,0.40077330581714116,-0.09546972324834173,0.3795250371645441,-0.589029907080227,0.0,1.0,0.0
0.6921908461101312,0.46827775477180766,-0.3840099560733486,0.649382375645544,-0.1035975615328682,0.0,0.0,1.0
-0.30661209628179503,-0.6117934285032021,-0.6780990395296056,0.72934010556584,-0.7612800942099348,0.0,0.0,1.0
0.4924302576317573,0.40077330581714116,0.27075441841416703,-0.6299413030791948,0.09997084143860481,0.0,1.0,0.0
-1.3553551857933004,-1.0168201222313547,-0.46169386491085046,1.4189755261283954,1.11781285629597,0.0,1.0,0.0
1.9406945241000388,2.08838452968438,-0.3118748978670969,0.7193453893258035,-0.5733707991593444,0.0,0.0,1.0
-0.30661209628179503,-0.5442889795485355,0.09319119821416279,-0.43004697827845434,-0.5107343674758142,0.0,1.0,0.0
-0.6561931261189635,-0.6792978774579069,0.8422860334329306,-0.9897510877205279,0.7263351582739064,0.0,1.0,0.0
0.4924302576317573,0.670791101635884,1.4693061547641957,-1.41952388604212,1.0395173166915572,0.0,1.0,0.0
0.04296893355540185,0.8057999995452554,-0.483889267435851,0.2395990098040259,1.2900630434256777,0.0,0.0,1.0
0.7421309932297389,0.46827775477180766,-0.6836478901608558,1.3190283637280251,-0.6046890150011095,0.0,0.0,1.0
0.34260981627296266,-0.2067667347750878,-0.5782197281671032,0.46947748332487793,-0.4950752595549317,0.0,0.0,1.0
-1.105654450195319,-1.759369060732955,-1.1608490444483672,1.1691076201274697,1.1804492879795,0.0,0.0,1.0
-1.105654450195319,-1.69186461177825,-0.9277973179358616,1.408980809888358,0.773312482036554,0.0,1.0,0.0
-1.305415038673721,-0.40928008163916413,-0.40620535859834916,0.5494352132451739,-0.8552347417352301,0.0,1.0,0.0
0.24272952203377574,-0.3417756326844592,-1.5770128417921272,2.20855810909132,0.47578943153978576,0.0,1.0,0.0
1.0917120230669073,0.7382955505905888,0.4927084436641723,-0.9397775065203428,-0.04096112984933804,1.0,0.0,0.0
-0.006971213564205815,0.9408088974546268,-0.8667599609921102,0.959218579086692,-0.1035975615328682,0.0,1.0,0.0
0.24272952203377574,0.9408088974546268,0.7756998258579291,-1.2496137099614908,-0.7612800942099348,1.0,0.0,0.0
-0.40649239052098196,-1.0843245711860596,-0.5837685787983534,0.6793665243656548,-1.6538492457002396,0.0,1.0,0.0
1.9406945241000388,2.1558889786390463,-0.650354786373355,0.7993031192460994,1.6815407414477412,0.0,0.0,1.0
-2.054517245467666,-2.299404652370441,-0.7058432926858563,0.09967298244350768,0.021675301834192112,0.0,1.0,0.0
-0.9058938617169451,-0.8143067753672784,-0.5393777737483523,0.6993559568457292,-1.403303518966119,0.0,1.0,0.0
0.7421309932297389,0.06325106104369341,-0.3951076573358489,0.07968354996343335,-1.1840760080737633,0.0,0.0,1.0
-0.10685150780339275,-0.6117934285032021,0.2152659121016657,0.2096148610839151,1.3057221513465602,0.0,1.0,0.0
-1.3553551857933004,-0.9493156732766498,-0.9056019154108611,1.3490125124481358,0.06865262559683973,1.0,0.0,0.0
0.19278937491416806,-0.3417756326844592,0.043251542532911594,1.0691604577270994,0.36617567609360796,1.0,0.0,0.0
-0.9558340088365244,-0.7468023264126119,1.4693061547641957,-1.4894868997223791,0.16260727312213497,0.0,0.0,1.0
-1.1555945973149266,-1.0843245711860596,-0.16205593082334332,-0.14020020731738078,-0.5577116912384619,0.0,1.0,0.0
0.2926696691533834,-0.13926228582038291,0.8256394815391803,-1.1396718313210832,0.42881210777713813,0.0,1.0,0.0
-1.3553551857933004,-1.219333469095431,0.7646021245954289,-0.510004708198751,-1.3563261952034713,0.0,0.0,1.0
1.9406945241000388,2.2233934275937512,-0.8057226040483587,1.1591129038874326,0.2095845968847826,0.0,1.0,0.0
-1.005774155956132,-1.2868379180500975,0.2652055677829169,-0.7698673304397138,-1.2153942239155284,0.0,0.0,1.0
-0.8060135674777581,-0.7468023264126119,-0.21199558650459452,0.99919744404684,1.4936314463971507,0.0,1.0,0.0
-0.05691136068381348,0.9408088974546268,0.31514522346416807,-1.1096876826009725,0.8202898057992016,0.0,1.0,0.0
-1.105654450195319,-1.0843245711860596,-0.11766512577334225,-0.7498778979596394,1.2900630434256777,0.0,1.0,0.0
1.0917120230669073,0.9408088974546268,1.191863623201689,-1.309582007401713,-1.1684169001528808,0.0,1.0,0.0
-0.6062529789993558,0.40077330581714116,0.3484383272516689,-0.09022662611719565,1.618904309764211,0.0,1.0,0.0
1.740933935621665,1.95337563177497,-0.21199558650459452,0.39951446964461845,0.31919835233096033,0.0,1.0,0.0
0.34260981627296266,0.2657644079077313,-0.9610904217233625,1.2590600662878026,1.5249496622389158,0.0,1.0,0.0
-0.8060135674777581,-1.219333469095431,0.24855901588916648,0.09967298244350768,1.3057221513465602,0.0,0.0,1.0
-0.7560734203581504,-1.219333469095431,-0.48943811806710114,0.7493295380459143,-1.403303518966119,0.0,1.0,0.0
1.3913529057844964,1.5483489380468558,-0.36736340417959823,0.2595884422841002,1.9477455761027445,0.0,1.0,0.0
0.19278937491416806,0.9408088974546268,-0.6226105332171044,1.0691604577270994,0.2252437048056651,1.0,0.0,0.0
0.2926696691533834,0.06325106104369341,-1.1220070900296162,0.5794193619652847,-0.7143027704472872,0.0,1.0,0.0
-1.005774155956132,-1.4893512649141738,0.45941533987667155,-0.6699201680393435,0.2095845968847826,0.0,1.0,0.0
-0.45643253764056124,-0.40928008163916413,-0.5560243256421027,0.4195039021246928,-0.40112061202963645,0.0,1.0,0.0
-1.2554748915541136,-1.0843245711860596,0.5204526968204229,-0.6699201680393435,1.6502225256059762,0.0,1.0,0.0
-0.506372684760169,-0.6792978774579069,0.1986193602079153,-0.470025843238603,-0.9491893892605253,0.0,0.0,1.0
0.34260981627296266,1.5483489380468558,0.20971706147041558,-0.67991488427938,-0.11925666945375074,0.0,1.0,0.0
0.04296893355540185,0.33326885686243624,-1.0165789280358637,0.5794193619652847,0.28788013648919525,0.0,1.0,0.0
-0.006971213564205815,-0.6117934285032021,-0.7668806496296078,0.4494880508448036,-1.6851674615420047,0.0,1.0,0.0
-0.6062529789993558,-0.8143067753672784,-0.5449266243796025,0.04969940124332256,-0.6986436625264046,0.0,0.0,1.0
-0.10685150780339275,-0.5442889795485355,-0.1953490346108441,-0.1302054910773436,1.6345634176850936,0.0,1.0,0.0
0.19278937491416806,1.0758177953640367,0.9754584485829338,-0.9197880740402689,1.4936314463971507,1.0,0.0,0.0
0.8420112874689257,0.7382955505905888,-0.38955880670459875,-0.280126234677899,0.31919835233096033,0.0,1.0,0.0
-0.45643253764056124,0.13075550999835991,-0.6337082344796046,1.26905478252784,0.7263351582739064,0.0,1.0,0.0
-1.0557143030757397,-1.0843245711860596,0.5426480993454236,-0.5499835731588989,1.3057221513465602,1.0,0.0,0.0
-1.2554748915541136,-0.7468023264126119,1.0531423574204357,-1.1896454125212683,1.2744039355047951,0.0,1.0,0.0
0.34260981627296266,-0.13926228582038291,-0.9777369736171128,1.3090336474879878,1.1804492879795,0.0,1.0,0.0
0.24272952203377574,0.2657644079077313,0.9033233903766822,-0.6899096005194172,-0.5733707991593444,0.0,1.0,0.0
0.09290908067498112,1.0758177953640367,0.0044095881141606634,-0.23015265347771385,-0.5733707991593444,0.0,1.0,0.0
0.6422506989905519,0.9408088974546268,1.6579670762267003,-1.6793865082830828,1.6815407414477412,0.0,0.0,1.0
-0.7560734203581504,-0.9493156732766498,-1.0831651356108654,1.2990389312479507,0.09997084143860481,0.0,0.0,1.0
-0.6062529789993558,-0.8143067753672784,-0.23419098902959504,0.6793665243656548,-0.5577116912384619,0.0,0.0,1.0
-0.8060135674777581,-0.8818112243219832,-0.8501134090983598,0.48946691580495155,0.42881210777713813,0.0,1.0,0.0
0.8420112874689257,0.40077330581714116,-0.5116335205921017,1.6888328646093946,-0.9491893892605253,0.0,1.0,0.0
-0.20673180204257968,-0.6792978774579069,1.0919843118391865,-1.3895397373220089,0.601062294906846,0.0,0.0,1.0
-0.006971213564205815,-0.40928008163916413,-0.2286421383983449,-0.15019492355741795,-1.1057804684693506,1.0,0.0,0.0
-0.05691136068381348,-0.5442889795485355,-0.5726708775358531,1.1990917688475804,-0.009642914007572967,0.0,1.0,0.0
0.4424901105121496,0.1982599589530648,-0.6836478901608558,1.089149890207173,0.6950169424321413,0.0,0.0,1.0
-0.506372684760169,-0.8818112243219832,3.9329958350392547,-2.3190483476454524,1.5092905543180333,0.0,1.0,0.0
0.19278937491416806,0.8057999995452554,-0.051078918198340664,-0.7998514791598246,0.9612217770871444,0.0,1.0,0.0
-0.10685150780339275,-0.3417756326844592,0.2818521196766673,-1.1496665475611205,-1.3250079793617062,0.0,1.0,0.0
0.7421309932297389,0.1982599589530648,-0.6891967407921059,0.15964127988372998,-1.2467124397572935,0.0,1.0,0.0
-0.7061332732385428,-0.40928008163916413,-0.5504754750108526,0.8192925517261738,0.44447121569802067,0.0,1.0,0.0
-0.15679165492300043,-0.6117934285032021,-1.066518583717115,1.528917404768802,0.4914485394606683,0.0,1.0,0.0
0.09290908067498112,1.1433222443187032,0.353987177882919,-0.94977222276038,1.0708355325333223,0.0,1.0,0.0
-1.0557143030757397,-0.9493156732766498,0.8422860334329306,-1.0397246689207131,0.13128905728036988,0.0,1.0,0.0
2.0905149654588335,2.2908978765484176,-0.7113921433171064,1.478943823568617,-0.996166713023173,0.0,0.0,1.0
-0.8060135674777581,-0.6792978774579069,4.243731470389262,-2.488958523726082,-0.29150685658345865,0.0,1.0,0.0
-0.9058938617169451,-0.6792978774579069,0.31514522346416807,-0.280126234677899,-0.32282507242522374,0.0,1.0,0.0
0.19278937491416806,0.9408088974546268,-0.6392570851108547,0.45948276708484076,0.3035392444100778,0.0,1.0,0.0
0.09290908067498112,-0.40928008163916413,1.1807659219391888,-1.2196295612413797,1.5719269860015634,0.0,0.0,1.0
1.6909937885020574,1.5483489380468558,0.7812486764891792,-0.9397775065203428,-0.6360072308428746,0.0,1.0,0.0
0.14284922779458878,-0.27427118372975434,-0.7502340977358574,0.45948276708484076,-0.32282507242522374,0.0,1.0,0.0
-0.7560734203581504,-0.13926228582038291,-0.3951076573358489,0.08967826620347052,0.773312482036554,0.0,1.0,0.0
0.8919514345885334,0.6032866526811791,-1.3328634140171214,2.0386479330106906,-0.9335302813396428,0.0,0.0,1.0
0.34260981627296266,1.4133400401374843,-0.15095822956084304,-0.3101103833980105,0.7106760503530238,0.0,1.0,0.0
1.3913529057844964,1.4808444890921508,-0.4505961636483502,1.0991446064472101,-1.027484928864938,0.0,1.0,0.0
-1.1555945973149266,-0.40928008163916413,0.3817314310391697,-0.9797563714804911,0.42881210777713813,1.0,0.0,0.0
-1.9046968041088712,-1.8943779586423264,-2.0597628467108886,2.3384894202118014,1.0081991008497921,0.0,0.0,1.0
1.0917120230669073,0.8733044484999603,0.20971706147041558,-1.0197352364406391,0.06865262559683973,0.0,0.0,1.0
0.24272952203377574,-0.07175783686571639,-1.0887139862421154,2.3684735689319125,0.2565619206474302,0.0,0.0,1.0
1.1915923173060943,0.7382955505905888,-0.5060846699608516,0.4794721995649144,1.3683585830300904,0.0,1.0,0.0
0.34260981627296266,0.670791101635884,-1.1386536419233666,1.3889913774082838,0.6636987265903762,0.0,0.0,1.0
1.141652170186515,0.5357822037265125,1.0087515523704347,-1.1596612638011576,1.6815407414477412,0.0,0.0,1.0
0.4424901105121496,0.8733044484999603,-1.3550588165421218,1.888727189410135,-0.47941615163404916,1.0,0.0,0.0
-1.605055921391282,-1.4218468159595072,0.942165344795433,-1.1596612638011576,0.16260727312213497,0.0,1.0,0.0
1.241532464425702,1.0758177953640367,-0.6670013382671054,0.36953032092450766,-1.0744622526275855,0.0,1.0,0.0
1.5911134942628704,0.9408088974546268,-1.0443231811921143,1.3789966611682467,-1.5598945981749444,0.0,1.0,0.0
-0.6062529789993558,-0.07175783686571639,1.1197285649954374,-1.2296242774814168,-0.9022120654978777,0.0,0.0,1.0
0.19278937491416806,1.1433222443187032,-0.1454093789295929,-0.0002741799568625625,-0.8865529575769951,0.0,1.0,0.0
-0.006971213564205815,-0.40928008163916413,-0.8001737534171085,0.4494880508448036,1.149131072137735,0.0,1.0,0.0
0.2926696691533834,-0.07175783686571639,-0.5005358193296015,0.2395990098040259,0.9612217770871444,0.0,0.0,1.0
0.4424901105121496,1.3458355911827795,-0.5116335205921017,0.13965184740365566,1.3370403671883253,0.0,0.0,1.0
-0.9558340088365244,-0.8143067753672784,-0.5948662800608536,0.33954617220439615,-0.620348122921992,0.0,1.0,0.0
0.34260981627296266,0.46827775477180766,-0.6004151306921038,-0.07023719363712203,-1.3406670872825888,0.0,1.0,0.0
1.0917120230669073,0.9408088974546268,2.4847458202829698,-2.0092121442043047,1.446654122634503,0.0,1.0,0.0
-1.2554748915541136,-1.0168201222313547,-0.8112714546796088,0.6593770918855812,-0.8082574179725824,1.0,0.0,0.0
0.6422506989905519,-0.07175783686571639,0.14313085389541397,-0.40006282955834355,1.6502225256059762,0.0,0.0,1.0
-0.7560734203581504,-0.40928008163916413,-0.9943835255108632,2.0886215142108755,1.24308571966303,0.0,1.0,0.0
0.14284922779458878,0.2657644079077313,0.7368578714391781,-1.0797035338808614,-1.0744622526275855,0.0,1.0,0.0
-0.20673180204257968,-0.5442889795485355,0.1819728083141649,-0.6599254517993064,-1.3719853031243538,0.0,1.0,0.0
1.141652170186515,0.9408088974546268,-1.1442024925546168,2.6683150561330233,1.5249496622389158,0.0,1.0,0.0
-0.10685150780339275,0.670791101635884,2.268340645664215,-1.9992174279642676,1.211767503821265,0.0,0.0,1.0
-0.20673180204257968,0.13075550999835991,0.48715959303292217,-0.3400945321181213,-1.4189626268870015,0.0,1.0,0.0
-0.8559537145973374,-1.0168201222313547,-0.6836478901608558,1.26905478252784,0.6793578345112588,0.0,1.0,0.0
0.7421309932297389,0.5357822037265125,-0.9555415710921122,0.8992502816464697,1.3370403671883253,0.0,1.0,0.0
-0.006971213564205815,-0.5442889795485355,0.39282913230166994,-0.7898567629197875,0.6636987265903762,0.0,1.0,0.0
0.9418915817081127,0.40077330581714116,-0.35626570291709797,0.7793136867660251,1.11781285629597,0.0,0.0,1.0
-1.105654450195319,-1.1518290201407262,-0.2286421383983449,0.72934010556584,0.8202898057992016,0.0,1.0,0.0
-1.405295332912908,-1.2868379180500975,1.280645233301691,-1.279597858681602,0.5071076473815508,1.0,0.0,0.0
0.9918317288277203,0.5357822037265125,1.2639986814079407,-1.259608426201528,-1.5129172744122967,0.0,1.0,0.0
0.5923105518709442,0.46827775477180766,0.02105614000791106,-0.7098990329994915,-1.058803144706703,0.0,0.0,1.0
-0.40649239052098196,-1.0843245711860596,-1.1608490444483672,1.1191340389272846,-0.8082574179725824,0.0,0.0,1.0
-0.8559537145973374,-0.6117934285032021,-0.8501134090983598,0.5294457807650995,1.6345634176850936,0.0,1.0,0.0
0.7421309932297389,0.5357822037265125,-0.15095822956084304,-0.11021605859726998,-1.5442354902540618,0.0,1.0,0.0
-0.6062529789993558,-0.07175783686571639,-0.40620535859834916,0.45948276708484076,-0.651666338763757,1.0,0.0,0.0
-1.305415038673721,-0.9493156732766498,0.770150975226679,-0.7698673304397138,1.1334719642168525,0.0,1.0,0.0
-0.9558340088365244,-1.4218468159595072,0.41502453482667045,-0.4200522620384179,1.384017690950973,0.0,1.0,0.0
-1.0557143030757397,-1.5568557138688788,-1.2829237583358701,1.5189226885287654,-0.32282507242522374,0.0,1.0,0.0
-1.6549960685108898,-1.4893512649141738,0.5925877550266747,-0.5399888569188618,2.0417002236280393,0.0,1.0,0.0
-0.45643253764056124,-0.8143067753672784,-0.20644673587334436,0.6693718081256184,1.3996767988718555,0.0,1.0,0.0
0.4424901105121496,0.670791101635884,3.860860776833003,-2.4189955100458227,0.7576533741156715,0.0,1.0,0.0
-0.20673180204257968,-0.6792978774579069,-0.7002944420546061,0.8492767004462846,0.7106760503530238,0.0,1.0,0.0
-0.5563128318797765,-1.1518290201407262,-0.5948662800608536,0.8892555654064326,-1.090121360548468,0.0,1.0,0.0
-1.0557143030757397,-0.9493156732766498,4.010679743876756,-2.4289902262858596,0.27222102856831276,0.0,1.0,0.0
-0.006971213564205815,0.8057999995452554,-0.8112714546796088,0.30956202348428535,-0.9805076051022904,1.0,0.0,0.0
1.5411733471432911,1.8858711828203034,-0.41175420922959927,0.4095091858846556,0.021675301834192112,0.0,1.0,0.0
1.6909937885020574,1.4808444890921508,0.6480762613391761,-0.7298884654795651,1.3683585830300904,0.0,1.0,0.0
1.6909937885020574,1.0083133464093317,1.5414412129704473,-1.5294657646825274,0.27222102856831276,0.0,0.0,1.0
0.4924302576317573,1.1433222443187032,0.7257601701766779,-0.8698144928400837,0.6636987265903762,0.0,1.0,0.0
0.2926696691533834,1.1433222443187032,-0.1787024827170937,0.5494352132451739,-0.5263934753966968,0.0,1.0,0.0
0.9918317288277203,0.8057999995452554,0.4760618917704219,-0.929782790280306,1.2744039355047951,0.0,0.0,1.0
-1.405295332912908,-1.4218468159595072,0.5149038461891728,-0.2501420859577882,0.7576533741156715,0.0,0.0,1.0
1.141652170186515,0.06325106104369341,-1.033225479929614,1.089149890207173,-1.1214395763902332,0.0,1.0,0.0
-0.7061332732385428,-0.3417756326844592,-0.6614524876358553,1.0391763090069879,-0.40112061202963645,1.0,0.0,0.0
0.34260981627296266,0.6032866526811791,1.0198492536329349,-0.8997986415601948,-0.5420525833175793,0.0,1.0,0.0
-1.2554748915541136,-0.7468023264126119,-1.4382915760108739,0.8492767004462846,-1.3876444110452364,0.0,0.0,1.0
-1.5551157742717028,-1.4218468159595072,-0.6448059357421049,0.3895197534045813,0.6480396186694937,0.0,1.0,0.0
-1.205534744434506,-0.6792978774579069,-0.28967949534209636,0.5394404970051366,-0.6829845546055221,0.0,1.0,0.0
0.04296893355540185,-0.47678453059383064,-0.10656742451084199,-0.18017907227752872,0.7889715899574365,1.0,0.0,0.0
0.4924302576317573,0.33326885686243624,-0.7280386952108568,0.6993559568457292,1.4779723384762682,0.0,1.0,0.0
1.0917120230669073,0.46827775477180766,-0.7002944420546061,0.8892555654064326,0.09997084143860481,1.0,0.0,0.0
-0.7061332732385428,-0.13926228582038291,-1.4438404266421239,1.5888857022090244,0.6950169424321413,1.0,0.0,0.0
1.0917120230669073,1.0083133464093317,0.12648430200166358,-0.20016850475760306,0.8516080216409667,0.0,0.0,1.0
-0.10685150780339275,-0.40928008163916413,-0.3285214497608473,0.08967826620347052,-1.6538492457002396,0.0,1.0,0.0
0.8420112874689257,0.06325106104369341,-0.6392570851108547,1.0191868765269143,-0.8395756338143475,0.0,1.0,0.0
-0.6561931261189635,0.06325106104369341,0.05434924379541185,0.24959372604406307,-0.7299618783681697,0.0,0.0,1.0
0.34260981627296266,0.33326885686243624,-0.3507168522858478,0.30956202348428535,0.4131529998562556,1.0,0.0,0.0
0.34260981627296266,-0.07175783686571639,-0.8667599609921102,0.4494880508448036,1.0708355325333223,0.0,1.0,0.0
-0.5563128318797765,-0.9493156732766498,-0.08437202198584146,0.039704685003285396,0.36617567609360796,0.0,0.0,1.0
-0.3565522434013743,-0.8818112243219832,-0.8112714546796088,1.4189755261283954,-0.43243882787140153,0.0,1.0,0.0
-0.506372684760169,-0.8818112243219832,0.9255187929016827,-1.1396718313210832,1.5406087701597984,0.0,1.0,0.0
1.8907543769804596,1.6833578359562271,-0.07882317135459133,-0.20016850475760306,1.587586093922446,1.0,0.0,0.0
-0.006971213564205815,-0.3417756326844592,2.140717081145462,-1.8093178194035642,-1.5442354902540618,0.0,1.0,0.0
-0.006971213564205815,-0.27427118372975434,-0.13986052829834278,0.45948276708484076,-0.15057488529551583,0.0,1.0,0.0
-0.6062529789993558,-0.5442889795485355,-0.6337082344796046,1.3889913774082838,0.42881210777713813,1.0,0.0,0.0
-0.9058938617169451,-0.6117934285032021,-0.7113921433171064,0.5794193619652847,0.773312482036554,0.0,0.0,1.0
1.141652170186515,1.1433222443187032,0.026604990639161195,0.3195567397243225,0.31919835233096033,0.0,1.0,0.0
1.1915923173060943,1.0083133464093317,1.3638779927704432,-1.5194710484424903,-0.9805076051022904,0.0,1.0,0.0
0.5923105518709442,0.670791101635884,0.31514522346416807,-0.280126234677899,1.7441771731312714,0.0,1.0,0.0
-1.1555945973149266,-1.0168201222313547,1.0032027017391845,-1.0097405202006022,1.6032452018433285,1.0,0.0,0.0
-0.5563128318797765,-1.0168201222313547,-0.8445645584671096,1.7288117295695424,0.7263351582739064,0.0,1.0,0.0
0.4424901105121496,1.4133400401374843,0.43167108672042087,-0.8997986415601948,0.6323805107486111,0.0,0.0,1.0
0.24272952203377574,-0.07175783686571639,1.3361337396141926,-1.349560872361861,-0.1035975615328682,0.0,0.0,1.0
-0.006971213564205815,0.9408088974546268,-0.03443236630459026,0.2595884422841002,1.1334719642168525,0.0,0.0,1.0
-0.5563128318797765,-1.0843245711860596,-0.5005358193296015,0.2395990098040259,0.6480396186694937,1.0,0.0,0.0
-0.45643253764056124,-1.0843245711860596,-1.1497513431858668,1.1691076201274697,-0.5733707991593444,0.0,0.0,1.0
0.3925499633925703,1.1433222443187032,-0.3340703003920974,-0.060242477397084854,-1.403303518966119,0.0,1.0,0.0
-0.8559537145973374,-0.8143067753672784,-0.8223691559421091,1.0391763090069879,-1.4815990585705316,0.0,0.0,1.0
0.6921908461101312,0.2657644079077313,0.8311883321704304,-0.9397775065203428,0.03733440975507465,0.0,1.0,0.0
-0.9058938617169451,-1.219333469095431,-0.5726708775358531,1.0191868765269143,-1.0118258209440554,0.0,1.0,0.0
-1.305415038673721,-1.219333469095431,-0.8501134090983598,0.09967298244350768,-1.1370986843111157,0.0,1.0,0.0
-1.3553551857933004,-1.0843245711860596,0.81454178027668,-0.5499835731588989,-0.16623399321639837,0.0,0.0,1.0
0.3925499633925703,1.6158533870015224,-0.9666392723546126,0.4494880508448036,0.3348574602518429,0.0,1.0,0.0
0.14284922779458878,1.0083133464093317,0.04880039316416172,-0.7798620466797502,-1.2936897635199411,0.0,1.0,0.0
-1.2554748915541136,-0.5442889795485355,-0.051078918198340664,-0.0002741799568625625,1.5406087701597984,0.0,0.0,1.0
-1.305415038673721,-1.2868379180500975,-0.3618145535483481,-0.060242477397084854,-1.3719853031243538,0.0,1.0,0.0
1.1915923173060943,1.1433222443187032,1.0087515523704347,-1.309582007401713,0.06865262559683973,0.0,1.0,0.0
0.7920711403493464,0.7382955505905888,0.7812486764891792,-1.0797035338808614,0.05299351767595719,0.0,1.0,0.0
0.4424901105121496,0.7382955505905888,-0.6780990395296056,0.0696888337233969,-1.3093488714408237,0.0,1.0,0.0
0.8919514345885334,0.8733044484999603,0.4705130411391718,-0.8398303441199725,0.5854031869859635,0.0,0.0,1.0
1.7908740827412726,2.020880080729675,0.1986193602079153,-0.17018435603749227,-0.8395756338143475,0.0,1.0,0.0
-0.45643253764056124,0.2657644079077313,-0.11211627514209212,0.5294457807650995,-0.24452953282081105,0.0,1.0,0.0
-0.40649239052098196,0.2657644079077313,-1.1885932976046178,1.1990917688475804,-1.1527577922319983,0.0,0.0,1.0
0.6422506989905519,-0.004253387911011494,-1.0831651356108654,1.478943823568617,1.2274266117421475,0.0,1.0,0.0
-2.154397539706853,-2.6369268971438884,-1.0887139862421154,1.438964958608469,0.1782663810430175,0.0,1.0,0.0
1.3913529057844964,0.7382955505905888,0.1320331526329137,-0.7798620466797502,-0.4637570437131666,0.0,1.0,0.0
0.4924302576317573,0.1982599589530648,0.43167108672042087,-0.5499835731588989,0.28788013648919525,0.0,1.0,0.0
-0.45643253764056124,0.06325106104369341,-0.2952283459733465,0.0696888337233969,-1.0744622526275855,0.0,1.0,0.0
0.34260981627296266,0.46827775477180766,-0.9000530647796109,0.6693718081256184,-1.1214395763902332,0.0,0.0,1.0
0.7421309932297389,0.33326885686243624,-0.3340703003920974,-0.5799677218790097,0.6167214028277286,0.0,1.0,0.0
0.6422506989905519,0.5357822037265125,-0.6170616825858541,1.5189226885287654,-0.3071659645043412,0.0,1.0,0.0
-0.2566719491621874,-0.004253387911011494,-0.8889553635171107,1.0391763090069879,-0.3541432882669888,0.0,1.0,0.0
0.5923105518709442,0.33326885686243624,-0.18980018397959397,0.3595356046844705,-0.4637570437131666,1.0,0.0,0.0
-0.40649239052098196,-1.0168201222313547,-0.8945042141483608,1.0391763090069879,1.759836281052154,0.0,1.0,0.0
-0.6062529789993558,-0.9493156732766498,-1.5048777835858753,1.578890985968987,0.7419942661947889,0.0,1.0,0.0
1.8408142298608519,1.2783311422280745,-1.1497513431858668,1.26905478252784,-0.651666338763757,1.0,0.0,0.0
-1.405295332912908,-1.4218468159595072,0.22636361336416597,-0.4200522620384179,0.5071076473815508,0.0,1.0,0.0
1.141652170186515,0.8733044484999603,0.41502453482667045,-0.5899624381190469,0.3348574602518429,0.0,1.0,0.0
1.6909937885020574,1.210826693273408,3.2948780124454893,-2.169127604044897,1.556267878080681,0.0,0.0,1.0
0.8919514345885334,0.33326885686243624,0.04880039316416172,-0.5899624381190469,-0.2288704248999285,0.0,1.0,0.0
-0.7560734203581504,-0.47678453059383064,-0.3784611054420985,0.46947748332487793,0.1782663810430175,0.0,1.0,0.0
0.9918317288277203,0.670791101635884,0.05989809442666199,-0.4800205594786395,1.1961083959003824,0.0,1.0,0.0
1.3414127586648887,1.4133400401374843,-0.33961915102334755,-0.40006282955834355,1.3057221513465602,1.0,0.0,0.0
0.14284922779458878,1.1433222443187032,-1.2329841026546189,1.6488539996492466,-1.575553706095827,0.0,1.0,0.0
-0.8060135674777581,-1.219333469095431,-0.9721881229858627,0.5894140782053218,-0.6986436625264046,0.0,1.0,0.0
-2.204337686826432,-2.501917999234517,-0.6281593838483545,0.5494352132451739,-0.8552347417352301,0.0,0.0,1.0
-0.5563128318797765,0.06325106104369341,-0.9888346748796131,1.1691076201274697,1.3213812592674428,0.0,1.0,0.0
0.7920711403493464,0.2657644079077313,-1.1608490444483672,0.9492238628466548,-1.2153942239155284,1.0,0.0,0.0
1.1915923173060943,0.7382955505905888,-0.3285214497608473,0.5694246457252482,1.446654122634503,0.0,0.0,1.0
0.09290908067498112,0.1982599589530648,-0.13986052829834278,-0.1302054910773436,-0.9335302813396428,0.0,1.0,0.0
0.14284922779458878,-0.3417756326844592,0.6980159170204272,-0.8598197766000468,-1.1840760080737633,0.0,0.0,1.0
-0.3565522434013743,-0.6117934285032021,-1.366156517804622,1.3690019449282103,1.2744039355047951,0.0,1.0,0.0
-0.9558340088365244,-0.8818112243219832,0.15977740578916438,-0.7098990329994915,-1.5285763823331793,0.0,1.0,0.0
-0.506372684760169,-0.8818112243219832,-0.21754443713584465,0.01971525252321177,-1.2153942239155284,0.0,0.0,1.0
0.2926696691533834,-0.004253387911011494,0.6591739626016763,-0.5299941406788247,-0.3071659645043412,0.0,1.0,0.0
-1.5551157742717028,-1.4893512649141738,-0.6337082344796046,0.9092449978865069,0.8672671295618493,0.0,1.0,0.0
-0.3565522434013743,-1.0168201222313547,-1.2995703102296206,2.058637365490765,-0.996166713023173,0.0,0.0,1.0
-1.3553551857933004,-1.1518290201407262,-0.7946249027858584,0.5894140782053218,-0.6829845546055221,0.0,1.0,0.0
0.09290908067498112,1.0083133464093317,-0.6281593838483545,0.42949861836472925,-0.5420525833175793,1.0,0.0,0.0
1.2914726115453095,1.0758177953640367,0.20416821083916545,-0.5299941406788247,1.1647901800586176,0.0,1.0,0.0
-0.15679165492300043,0.33326885686243624,-0.2619352421858457,-0.07023719363712203,0.36617567609360796,0.0,0.0,1.0
0.3925499633925703,0.1982599589530648,-0.45614501427960036,0.6793665243656548,1.1647901800586176,1.0,0.0,0.0
-0.9058938617169451,-0.8818112243219832,-0.6170616825858541,1.488938539808654,-0.9805076051022904,0.0,1.0,0.0
0.14284922779458878,-0.07175783686571639,0.3983779829329201,-1.0996929663609354,1.0864946404542049,0.0,0.0,1.0
-1.405295332912908,-0.9493156732766498,-1.1331047912921166,1.2990389312479507,-1.0744622526275855,0.0,1.0,0.0
0.34260981627296266,0.670791101635884,-1.5326220367421262,1.2290759175676913,-0.056620237770220586,0.0,0.0,1.0
-1.305415038673721,-0.8818112243219832,-0.611512831954604,-0.24014736971775102,0.16260727312213497,1.0,0.0,0.0
-0.9558340088365244,-0.7468023264126119,-0.6780990395296056,-0.08023190987715847,-0.6673254466846396,0.0,0.0,1.0
0.34260981627296266,0.5357822037265125,-1.0720674343483652,1.1990917688475804,1.3370403671883253,1.0,0.0,0.0
-1.1555945973149266,-0.6117934285032021,0.12648430200166358,-0.3201050996380477,1.0081991008497921,0.0,1.0,0.0
-1.005774155956132,-1.3543423670048025,-0.08437202198584146,-0.30011566715797333,-0.9178711734187602,0.0,1.0,0.0
-0.7560734203581504,-0.8143067753672784,0.07654464632041239,-0.510004708198751,-1.403303518966119,0.0,0.0,1.0
0.09290908067498112,-0.3417756326844592,-0.0011392625170894694,-0.470025843238603,-0.43243882787140153,0.0,1.0,0.0
1.7908740827412726,1.1433222443187032,-0.3507168522858478,0.009720536283174605,-0.3541432882669888,1.0,0.0,0.0
-0.7061332732385428,-0.004253387911011494,-1.1386536419233666,0.7993031192460994,-1.027484928864938,0.0,1.0,0.0
0.9418915817081127,0.670791101635884,-0.5948662800608536,0.1496465636436928,-0.8865529575769951,0.0,0.0,1.0
0.8420112874689257,0.6032866526811791,0.3817314310391697,-0.6999043167594543,0.8202898057992016,0.0,1.0,0.0
-0.9558340088365244,-1.1518290201407262,-0.051078918198340664,0.19962014484387794,1.1961083959003824,1.0,0.0,0.0
0.3925499633925703,0.46827775477180766,-1.0054812267733635,0.8092978354861367,1.415335906792738,0.0,1.0,0.0
1.041771875947328,1.0083133464093317,2.4847458202829698,-1.9892227117242305,-1.3563261952034713,0.0,1.0,0.0
-1.505175627152095,-1.5568557138688788,1.064240058682936,-1.1496665475611205,1.2274266117421475,0.0,1.0,0.0
0.5423704047513649,0.46827775477180766,-0.9056019154108611,0.9092449978865069,-1.6851674615420047,0.0,1.0,0.0
0.34260981627296266,0.8057999995452554,1.2750963826704411,-1.349560872361861,-0.6986436625264046,0.0,0.0,1.0
-0.2566719491621874,0.5357822037265125,-1.0165789280358637,1.488938539808654,-0.5577116912384619,0.0,1.0,0.0
-0.8060135674777581,-0.47678453059383064,-0.8279180065733592,1.359007228688173,-1.606871921937592,0.0,0.0,1.0
-0.6062529789993558,0.06325106104369341,0.9144210916391824,-0.929782790280306,0.6636987265903762,1.0,0.0,0.0
0.24272952203377574,1.210826693273408,-0.9499927204608621,1.788780027009765,1.3057221513465602,0.0,1.0,0.0
0.8420112874689257,0.33326885686243624,-0.08992087261709159,-0.5299941406788247,1.149131072137735,0.0,1.0,0.0
-1.0557143030757397,-1.0168201222313547,-1.2995703102296206,0.7193453893258035,0.7419942661947889,0.0,1.0,0.0
1.2914726115453095,0.9408088974546268,1.103082013101687,-1.41952388604212,0.31919835233096033,0.0,1.0,0.0
-1.305415038673721,-1.0843245711860596,-0.07882317135459133,-0.1302054910773436,-0.7143027704472872,0.0,1.0,0.0
-0.45643253764056124,-1.0168201222313547,0.7590532739641787,-0.8997986415601948,-0.6046890150011095,0.0,1.0,0.0
0.4924302576317573,1.4808444890921508,-1.527073186110876,1.8987219056501723,-0.7925983100516999,0.0,1.0,0.0
-0.2566719491621874,-0.6117934285032021,-0.6614524876358553,0.9492238628466548,-1.606871921937592,0.0,0.0,1.0
-0.40649239052098196,-1.0168201222313547,-0.3618145535483481,0.7193453893258035,0.3818347840144905,0.0,0.0,1.0
0.5423704047513649,0.8733044484999603,0.45941533987667155,-0.4400416945184915,-1.1527577922319983,0.0,1.0,0.0
-1.505175627152095,-1.2868379180500975,-0.7169409939483565,0.7593242542859515,-0.4480979357922841,1.0,0.0,0.0
0.6921908461101312,0.40077330581714116,-0.32297259912959714,-0.24014736971775102,-0.47941615163404916,0.0,1.0,0.0
-1.4552354800324874,-1.2868379180500975,-1.0387743305608643,0.4394933346047664,-1.6851674615420047,0.0,0.0,1.0
-1.205534744434506,-0.8818112243219832,0.07099579568916226,0.22960429356398873,-1.262371547678176,0.0,1.0,0.0
-1.1555945973149266,-1.0843245711860596,-1.3939007709608728,0.9492238628466548,-0.26018864074169357,1.0,0.0,0.0
0.8420112874689257,0.46827775477180766,-1.2274352520233687,1.4989332560486912,1.3526994751092078,0.0,1.0,0.0
0.9418915817081127,0.6032866526811791,1.2418032788829403,-1.1596612638011576,-0.07227934569110313,0.0,0.0,1.0
-0.2566719491621874,-0.5442889795485355,-0.2452886902920953,0.15964127988372998,-1.4189626268870015,0.0,0.0,1.0
0.4924302576317573,0.8733044484999603,-0.37291225481084833,-0.470025843238603,-0.5420525833175793,0.0,1.0,0.0
-0.506372684760169,0.06325106104369341,-0.983285824248363,1.9486954868503574,-0.9648484971814079,0.0,1.0,0.0
0.14284922779458878,1.210826693273408,0.04880039316416172,-0.6999043167594543,-1.434621734807884,0.0,1.0,0.0
1.0917120230669073,0.8733044484999603,-0.9111507660421112,0.6993559568457292,-0.15057488529551583,0.0,0.0,1.0
-0.6561931261189635,-0.07175783686571639,-0.5837685787983534,1.2990389312479507,0.569744079065081,0.0,0.0,1.0
0.9918317288277203,-0.004253387911011494,1.6246739724391994,-1.709370657003194,1.1021537483750874,0.0,1.0,0.0
-0.6561931261189635,0.13075550999835991,0.3262429247266683,-0.6699201680393435,-1.1214395763902332,0.0,0.0,1.0
0.4424901105121496,-0.004253387911011494,-0.6836478901608558,0.6593770918855812,1.4623132305553856,0.0,0.0,1.0
1.4912332000236834,0.8057999995452554,1.0864354612079365,-1.3895397373220089,1.3526994751092078,0.0,1.0,0.0
0.2926696691533834,1.1433222443187032,1.1363751168891878,-1.309582007401713,0.05299351767595719,0.0,1.0,0.0
0.8919514345885334,0.1982599589530648,1.2529009801454405,-1.2696031424415646,-1.231053331836411,0.0,1.0,0.0
0.6921908461101312,0.2657644079077313,-1.321765712754621,1.1191340389272846,0.06865262559683973,0.0,1.0,0.0
-1.1555945973149266,-0.8143067753672784,-0.13431167766709265,0.009720536283174605,-0.40112061202963645,0.0,1.0,0.0
0.4424901105121496,0.5357822037265125,1.0531423574204357,-0.9797563714804911,-0.8552347417352301,0.0,1.0,0.0
1.8408142298608519,2.08838452968438,1.0087515523704347,-0.5199994244387881,-0.9022120654978777,0.0,1.0,0.0
1.2914726115453095,0.5357822037265125,-0.2952283459733465,-0.3600839645981956,0.8202898057992016,0.0,1.0,0.0
0.09290908067498112,1.0758177953640367,0.3817314310391697,-0.5000099919587139,1.6345634176850936,0.0,0.0,1.0
0.19278937491416806,-0.27427118372975434,0.07654464632041239,0.3895197534045813,-0.5107343674758142,0.0,1.0,0.0
0.4424901105121496,0.6032866526811791,1.1974124738329393,-1.2096348450013428,0.6323805107486111,0.0,1.0,0.0
1.8408142298608519,1.95337563177497,-0.5282800724858521,1.26905478252784,-0.9648484971814079,0.0,0.0,1.0
-0.506372684760169,0.06325106104369341,-0.5282800724858521,0.7693189705259886,0.8359489137200842,0.0,1.0,0.0
0.34260981627296266,0.7382955505905888,-0.9222484673046115,0.9892027278068027,-0.18189310113728088,0.0,0.0,1.0
0.09290908067498112,1.0758177953640367,1.1752170713079386,-1.1996401287613057,0.8516080216409667,0.0,0.0,1.0
-0.6062529789993558,-0.47678453059383064,-1.0110300774046135,0.7093506730857664,1.0708355325333223,0.0,1.0,0.0
-0.2566719491621874,-0.6117934285032021,1.7966883420079536,-1.749349521963342,-0.4480979357922841,0.0,1.0,0.0
1.7908740827412726,1.6833578359562271,-0.4450473130171001,0.8192925517261738,-1.4189626268870015,0.0,0.0,1.0
0.6422506989905519,0.670791101635884,-1.0998116875046158,1.928706054370283,0.4131529998562556,1.0,0.0,0.0
1.6410536413824781,1.0083133464093317,0.34288947662041874,-0.4800205594786395,-1.5285763823331793,0.0,1.0,0.0
-0.7061332732385428,-0.07175783686571639,0.09319119821416279,-0.14020020731738078,-1.1214395763902332,0.0,1.0,0.0
0.9418915817081127,0.5357822037265125,-0.4672427155421006,0.2695831585241374,-0.3541432882669888,1.0,0.0,0.0
0.04296893355540185,-0.5442889795485355,-0.6725501888983555,-0.020263612436936897,1.7754953889730365,0.0,0.0,1.0
1.4412930529040757,1.5483489380468558,-0.16760478145459345,0.6793665243656548,1.0551764246124398,1.0,0.0,0.0
-0.8060135674777581,-0.9493156732766498,0.1653262564204145,-0.5599782893989361,0.8202898057992016,0.0,1.0,0.0
-1.2554748915541136,-0.40928008163916413,-0.31742374849834704,-0.07023719363712203,0.06865262559683973,0.0,0.0,1.0
1.3414127586648887,1.210826693273408,1.0475935067891855,-0.9997458039605651,-1.4972581664914142,0.0,0.0,1.0
-1.0557143030757397,-1.5568557138688788,-0.2619352421858457,0.36953032092450766,-0.7612800942099348,0.0,1.0,0.0
1.0917120230669073,0.9408088974546268,-0.16205593082334332,0.48946691580495155,-1.1684169001528808,0.0,1.0,0.0
0.5923105518709442,-0.004253387911011494,0.43721993735167103,-0.24014736971775102,-1.1840760080737633,0.0,1.0,0.0
-0.45643253764056124,-0.9493156732766498,-0.22309328776709478,0.5094563482850258,1.211767503821265,0.0,0.0,1.0
0.19278937491416806,0.13075550999835991,-0.056627768829590794,-0.38007339707826926,-1.5285763823331793,0.0,1.0,0.0
1.7908740827412726,1.8858711828203034,0.897774539745432,-0.9197880740402689,-1.4972581664914142,0.0,1.0,0.0
0.2926696691533834,0.46827775477180766,1.1696682206766884,-0.9397775065203428,0.9925399929289095,0.0,1.0,0.0
0.2926696691533834,0.670791101635884,0.02105614000791106,-0.5299941406788247,-0.29150685658345865,0.0,1.0,0.0
0.4424901105121496,0.40077330581714116,-0.006688113148339602,-0.3300998158780841,-1.638190137779357,0.0,1.0,0.0
0.34260981627296266,0.6032866526811791,0.5426480993454236,-0.280126234677899,0.11562994935948734,0.0,1.0,0.0
0.09290908067498112,0.8733044484999603,-0.28967949534209636,-0.3101103833980105,-0.5733707991593444,0.0,1.0,0.0
1.8907543769804596,1.6833578359562271,0.6425274107079259,-1.1996401287613057,0.976880885008027,1.0,0.0,0.0
1.3913529057844964,0.40077330581714116,0.731309020807928,-0.94977222276038,1.4623132305553856,0.0,1.0,0.0
1.8408142298608519,2.020880080729675,-0.45614501427960036,0.4095091858846556,-1.058803144706703,0.0,1.0,0.0
-0.3565522434013743,-0.8818112243219832,-0.4450473130171001,-0.4400416945184915,-0.32282507242522374,0.0,0.0,1.0
-0.40649239052098196,-1.0168201222313547,-0.8445645584671096,1.1091393226872475,-0.15057488529551583,0.0,1.0,0.0
1.6909937885020574,1.4808444890921508,0.22636361336416597,-0.4200522620384179,-0.2758477486625761,0.0,1.0,0.0
0.19278937491416806,-0.27427118372975434,0.1320331526329137,-0.599957154359084,-1.5912128140167094,0.0,0.0,1.0
-1.1555945973149266,-1.6243601628235453,1.6912601800142009,-1.8093178194035642,-0.7299618783681697,0.0,1.0,0.0
-0.6062529789993558,-0.7468023264126119,-0.4672427155421006,0.1296571311636185,1.5719269860015634,0.0,1.0,0.0
-0.20673180204257968,-0.47678453059383064,0.07654464632041239,-0.7598726141996767,0.06865262559683973,0.0,0.0,1.0
0.2926696691533834,0.6032866526811791,-1.0831651356108654,0.6693718081256184,0.39749389193537304,0.0,1.0,0.0
0.8420112874689257,-0.13926228582038291,-0.26748409281709584,-0.07023719363712203,0.09997084143860481,0.0,1.0,0.0
-0.9058938617169451,-1.3543423670048025,0.20971706147041558,-0.4100575457983807,0.6793578345112588,0.0,0.0,1.0
-1.704936215630469,-1.759369060732955,-1.1442024925546168,1.0191868765269143,1.0864946404542049,1.0,0.0,0.0
0.2926696691533834,-0.004253387911011494,-0.4672427155421006,0.039704685003285396,1.0081991008497921,0.0,1.0,0.0
-0.05691136068381348,-0.5442889795485355,1.2307055776204399,-1.439513318522194,0.11562994935948734,0.0,1.0,0.0
-1.205534744434506,-1.1518290201407262,1.1252774156266874,-1.2296242774814168,-1.4815990585705316,0.0,1.0,0.0
-0.5563128318797765,-1.0843245711860596,1.5969297192829488,-1.3895397373220089,-1.606871921937592,0.0,0.0,1.0
-1.1555945973149266,-1.2868379180500975,0.8755791372204315,-1.0896982501208983,1.11781285629597,0.0,1.0,0.0
0.5423704047513649,0.33326885686243624,-1.27737490770462,2.0686320817308017,-0.11925666945375074,0.0,0.0,1.0
0.19278937491416806,-0.27427118372975434,0.41502453482667045,-0.9697616552404539,0.8359489137200842,0.0,0.0,1.0
0.7920711403493464,0.46827775477180766,2.623467086064223,-1.9292544142840085,1.1021537483750874,0.0,0.0,1.0
0.3925499633925703,0.9408088974546268,-1.238532953285869,1.758795878289654,-1.0118258209440554,0.0,1.0,0.0
1.3414127586648887,0.2657644079077313,0.015507289376660929,-0.43004697827845434,-1.090121360548468,0.0,1.0,0.0
-0.30661209628179503,0.5357822037265125,-0.8223691559421091,0.8892555654064326,0.4914485394606683,0.0,1.0,0.0
-0.9558340088365244,-1.6243601628235453,-0.2286421383983449,0.289572591004211,0.9925399929289095,0.0,1.0,0.0
0.3925499633925703,1.1433222443187032,0.2152659121016657,-0.8598197766000468,1.7441771731312714,0.0,1.0,0.0
0.24272952203377574,-0.2067667347750878,-0.8334668572046093,0.329551455964359,-1.5442354902540618,0.0,0.0,1.0
-1.0557143030757397,-1.5568557138688788,-0.12321397640459239,-0.05024776115704769,-0.6046890150011095,0.0,0.0,1.0
1.2914726115453095,0.670791101635884,0.27630326904541713,-0.10022134235723282,0.2252437048056651,0.0,0.0,1.0
0.4924302576317573,0.6032866526811791,-0.36736340417959823,0.4195039021246928,0.13128905728036988,0.0,1.0,0.0
-0.9558340088365244,-0.8818112243219832,0.043251542532911594,-0.11021605859726998,-1.6851674615420047,0.0,0.0,1.0
0.6422506989905519,0.06325106104369341,-1.022127778667114,1.359007228688173,1.3370403671883253,0.0,1.0,0.0
1.4912332000236834,0.7382955505905888,-0.0732743207233412,-0.27013151843786254,1.0708355325333223,0.0,0.0,1.0
-1.505175627152095,-1.4218468159595072,-0.056627768829590794,0.21960957732395228,0.773312482036554,0.0,1.0,0.0
-0.3565522434013743,-0.8818112243219832,-0.6614524876358553,1.0291815927669508,1.5719269860015634,0.0,0.0,1.0
0.5923105518709442,0.6032866526811791,-0.9999323761421133,1.079155173967136,0.16260727312213497,0.0,0.0,1.0
0.09290908067498112,1.0083133464093317,-0.4727915661733507,0.27957787476417384,-0.3071659645043412,1.0,0.0,0.0
-0.5563128318797765,-0.004253387911011494,0.12093545137041345,0.5294457807650995,-0.7769392021308174,0.0,0.0,1.0
-2.354158128185227,-2.9069446929626697,-0.36736340417959823,-0.15019492355741795,1.2744039355047951,0.0,0.0,1.0
-1.3553551857933004,-1.1518290201407262,3.6000647971642468,-2.299058915165378,-1.1840760080737633,0.0,1.0,0.0
0.9418915817081127,0.46827775477180766,0.9865561498454342,-1.3195767236417497,-1.262371547678176,0.0,1.0,0.0
0.09290908067498112,1.1433222443187032,-1.404998472223373,1.5089279722887283,-1.027484928864938,0.0,1.0,0.0
-0.5563128318797765,0.40077330581714116,-0.739136396473357,0.3795250371645441,-1.4972581664914142,0.0,1.0,0.0
-0.6062529789993558,-0.004253387911011494,-0.06217661946084093,-0.3300998158780841,0.6167214028277286,0.0,1.0,0.0
-1.205534744434506,-1.0168201222313547,-0.40620535859834916,-0.030258328676973353,-1.1527577922319983,0.0,0.0,1.0
1.241532464425702,0.1982599589530648,-0.08992087261709159,-0.40006282955834355,-0.5577116912384619,0.0,1.0,0.0
0.5923105518709442,0.5357822037265125,1.0808866105766863,-0.8698144928400837,-0.6829845546055221,0.0,0.0,1.0
0.24272952203377574,-0.07175783686571639,-0.20089788524209423,-0.26013680219782537,1.0551764246124398,0.0,1.0,0.0
0.6921908461101312,0.5357822037265125,1.1141797143641872,-1.0797035338808614,0.03733440975507465,0.0,1.0,0.0
0.09290908067498112,-0.2067667347750878,-1.9765300872421367,2.138595095411061,0.976880885008027,0.0,0.0,1.0
-1.9546369512284505,-2.1643957544610695,0.5870389043954246,-0.8997986415601948,-1.0431440367858205,1.0,0.0,0.0
0.04296893355540185,0.8733044484999603,-0.08992087261709159,-0.5899624381190469,0.42881210777713813,0.0,0.0,1.0
1.6909937885020574,1.8183667338655987,0.20416821083916545,0.9892027278068027,-1.2467124397572935,0.0,0.0,1.0
-1.704936215630469,-1.759369060732955,-0.10101857387959186,-0.14020020731738078,1.0238582087706747,0.0,1.0,0.0
-1.105654450195319,-1.0168201222313547,-0.40620535859834916,0.46947748332487793,-0.3071659645043412,0.0,0.0,1.0
-0.9058938617169451,-1.3543423670048025,-0.22309328776709478,0.4095091858846556,0.9142444533244969,0.0,1.0,0.0
0.2926696691533834,1.0758177953640367,-0.4672427155421006,0.7993031192460994,1.4936314463971507,0.0,1.0,0.0
1.740933935621665,1.6158533870015224,0.3706337297766694,-0.9897510877205279,-0.15057488529551583,0.0,0.0,1.0
-1.605055921391282,-1.69186461177825,-0.12876282703584252,-0.3300998158780841,0.42881210777713813,0.0,0.0,1.0
1.5911134942628704,1.750862284910932,0.34288947662041874,-0.470025843238603,0.6323805107486111,0.0,1.0,0.0
1.241532464425702,0.1982599589530648,-0.5116335205921017,-0.08023190987715847,1.0081991008497921,0.0,0.0,1.0
-0.15679165492300043,-0.5442889795485355,-0.7058432926858563,0.5294457807650995,1.5249496622389158,0.0,0.0,1.0
-0.9558340088365244,-0.6792978774579069,2.4237084633392185,-2.0691804416445265,0.7889715899574365,0.0,0.0,1.0
0.8420112874689257,0.46827775477180766,0.6647228132329265,-1.0097405202006022,-0.5420525833175793,0.0,0.0,1.0
-0.40649239052098196,-0.8818112243219832,-0.5060846699608516,1.1391234714073581,1.0238582087706747,1.0,0.0,0.0
-1.5551157742717028,-1.6243601628235453,-0.5782197281671032,0.49946163204498867,0.1782663810430175,0.0,1.0,0.0
0.34260981627296266,-0.27427118372975434,1.0753377599454363,-1.5194710484424903,-0.3541432882669888,0.0,1.0,0.0
-1.305415038673721,-1.1518290201407262,-0.7058432926858563,0.19962014484387794,0.05299351767595719,0.0,1.0,0.0
1.241532464425702,1.3458355911827795,-1.0110300774046135,0.19962014484387794,1.11781285629597,1.0,0.0,0.0
0.5923105518709442,0.46827775477180766,1.153021668782938,-1.2696031424415646,-1.1370986843111157,1.0,0.0,0.0
1.8907543769804596,1.6833578359562271,0.44276878798292113,-0.909793357800232,0.5384258632233159,0.0,1.0,0.0
0.7920711403493464,0.33326885686243624,1.3694268434016932,-1.2895925749216386,-1.1370986843111157,1.0,0.0,0.0
0.3925499633925703,-0.27427118372975434,-0.2286421383983449,0.5794193619652847,-0.9491893892605253,0.0,1.0,0.0
-0.7061332732385428,-1.0843245711860596,-0.3007771966045966,0.289572591004211,-1.090121360548468,0.0,1.0,0.0
0.3925499633925703,0.5357822037265125,0.05434924379541185,-0.4500364107585287,-0.4480979357922841,0.0,0.0,1.0
-0.006971213564205815,0.13075550999835991,1.2251567269891899,-1.309582007401713,1.3370403671883253,0.0,1.0,0.0
0.3925499633925703,1.1433222443187032,0.6425274107079259,-0.7798620466797502,-1.4972581664914142,0.0,1.0,0.0
1.2914726115453095,0.670791101635884,-0.6392570851108547,-0.20016850475760306,0.569744079065081,0.0,1.0,0.0
-0.45643253764056124,0.1982599589530648,0.44276878798292113,-0.8898039253201576,2.1043366553115694,0.0,1.0,0.0
-1.3553551857933004,-1.2868379180500975,1.064240058682936,-1.2296242774814168,-1.027484928864938,0.0,0.0,1.0
-1.1555945973149266,-0.6792978774579069,-0.5893174294296035,0.1796307123638036,-1.434621734807884,0.0,0.0,1.0
1.041771875947328,0.8057999995452554,-0.4727915661733507,1.9187113381302465,0.7106760503530238,0.0,1.0,0.0
0.34260981627296266,0.6032866526811791,-1.0165789280358637,2.5283890287725046,-0.651666338763757,0.0,1.0,0.0
0.19278937491416806,-0.27427118372975434,-0.5948662800608536,0.46947748332487793,1.3213812592674428,0.0,1.0,0.0
-0.2566719491621874,-0.5442889795485355,0.8367371828016805,-1.0797035338808614,0.006016193913309572,0.0,1.0,0.0
-0.30661209628179503,-0.5442889795485355,0.1653262564204145,0.07968354996343335,-0.5420525833175793,0.0,1.0,0.0
0.4424901105121496,0.2657644079077313,2.6734067417454743,-2.119154022844712,-1.2153942239155284,0.0,1.0,0.0
1.3913529057844964,0.670791101635884,-0.5726708775358531,0.3495408884444333,-0.9491893892605253,1.0,0.0,0.0
0.34260981627296266,0.1982599589530648,0.6813693651266768,-0.5599782893989361,-0.7925983100516999,0.0,1.0,0.0
0.4924302576317573,0.2657644079077313,0.6980159170204272,-0.909793357800232,1.0864946404542049,0.0,0.0,1.0
-1.5551157742717028,-1.5568557138688788,-0.4173030598608494,0.13965184740365566,-1.5912128140167094,0.0,1.0,0.0
-0.506372684760169,0.1982599589530648,0.8311883321704304,-1.0297299526806762,-0.1035975615328682,0.0,0.0,1.0
-1.105654450195319,-0.6117934285032021,-0.6392570851108547,0.5494352132451739,-1.6538492457002396,0.0,0.0,1.0
1.6909937885020574,1.210826693273408,4.043972847664257,-2.4189955100458227,-1.3719853031243538,0.0,1.0,0.0
0.4424901105121496,-0.40928008163916413,1.025398104264185,-1.439513318522194,0.1782663810430175,0.0,0.0,1.0
1.4412930529040757,0.670791101635884,-0.7613317989983577,0.0696888337233969,-0.8708938496561126,0.0,0.0,1.0
0.09290908067498112,0.1982599589530648,-0.33961915102334755,-0.1901737885175659,-0.9805076051022904,0.0,0.0,1.0
-0.8559537145973374,-0.8143067753672784,1.2639986814079407,-1.2696031424415646,0.9455626691662619,0.0,1.0,0.0
-1.2554748915541136,-1.0168201222313547,-0.9111507660421112,1.5589015534889135,0.31919835233096033,0.0,1.0,0.0
0.3925499633925703,0.46827775477180766,-0.9333461685671117,0.46947748332487793,1.5249496622389158,0.0,0.0,1.0
-2.154397539706853,-2.569422448189222,-0.7890760521546083,1.1990917688475804,-0.1035975615328682,0.0,1.0,0.0
-0.10685150780339275,0.40077330581714116,-0.6448059357421049,0.45948276708484076,0.13128905728036988,1.0,0.0,0.0
-0.8060135674777581,-0.2067667347750878,1.8355302964267044,-1.749349521963342,0.976880885008027,0.0,0.0,1.0
-0.8060135674777581,-0.9493156732766498,-0.3451680016545977,0.39951446964461845,0.2565619206474302,0.0,1.0,0.0
-1.305415038673721,-0.47678453059383064,1.2196078763579397,-1.5194710484424903,-0.416779719950519,0.0,1.0,0.0
-1.105654450195319,-0.40928008163916413,-1.737929510098381,1.8687377569300614,0.3348574602518429,0.0,0.0,1.0
1.2914726115453095,0.33326885686243624,-0.4949869686983513,0.3195567397243225,-0.620348122921992,0.0,1.0,0.0
-0.40649239052098196,-1.0843245711860596,0.7091136182829275,-1.0996929663609354,1.4309950147136206,0.0,1.0,0.0
-1.1555945973149266,-0.40928008163916413,-0.4339496117545998,0.36953032092450766,0.5384258632233159,0.0,0.0,1.0
-1.2554748915541136,-1.0168201222313547,0.4039268335641702,-0.9997458039605651,0.8672671295618493,0.0,0.0,1.0
1.2914726115453095,0.2657644079077313,1.1308262662579376,-1.3695503048419349,1.3057221513465602,0.0,1.0,0.0
1.6909937885020574,1.2783311422280745,-1.3384122646483714,2.3884630014119863,-0.7612800942099348,0.0,1.0,0.0
1.2914726115453095,1.0083133464093317,-0.5393777737483523,1.978679635570468,0.9612217770871444,0.0,1.0,0.0
-1.305415038673721,-0.8143067753672784,0.18752165894541503,-0.6099518705991213,0.24090281272654765,0.0,0.0,1.0
-1.0557143030757397,-1.0168201222313547,-0.11211627514209212,-0.5699730056389732,-0.7299618783681697,0.0,1.0,0.0
-0.8559537145973374,-0.6117934285032021,-0.012236963779589735,0.2995673072442482,0.24090281272654765,0.0,1.0,0.0
1.6909937885020574,1.5483489380468558,-0.09546972324834173,0.2096148610839151,-0.7143027704472872,1.0,0.0,0.0
0.4924302576317573,1.4133400401374843,0.6924670663891771,-1.1596612638011576,0.9455626691662619,0.0,0.0,1.0
0.7920711403493464,0.46827775477180766,0.7978952283829296,-1.0297299526806762,0.36617567609360796,0.0,1.0,0.0
-0.5563128318797765,0.33326885686243624,-0.07882317135459133,-0.15019492355741795,-1.262371547678176,0.0,0.0,1.0
1.3913529057844964,1.4133400401374843,-0.5449266243796025,1.2090864850876175,-0.4480979357922841,0.0,1.0,0.0
-0.8559537145973374,0.06325106104369341,-0.8334668572046093,0.959218579086692,-0.5107343674758142,0.0,0.0,1.0
0.24272952203377574,1.0758177953640367,1.058691208051686,-0.9797563714804911,-0.025302021928455508,0.0,1.0,0.0
-0.7061332732385428,-1.1518290201407262,0.9865561498454342,-1.1296771150810465,-1.231053331836411,0.0,0.0,1.0
1.7908740827412726,1.3458355911827795,-1.27737490770462,1.2890442150079136,-0.3384841803461063,0.0,1.0,0.0
0.04296893355540185,0.9408088974546268,-1.0165789280358637,0.5694246457252482,0.6480396186694937,0.0,1.0,0.0
-0.2566719491621874,-0.5442889795485355,0.2818521196766673,-0.4100575457983807,-1.3406670872825888,0.0,0.0,1.0
-0.10685150780339275,0.33326885686243624,-0.23973983966084517,-0.12021077483730715,1.6815407414477412,0.0,1.0,0.0
1.3414127586648887,1.0758177953640367,-0.21199558650459452,-0.12021077483730715,0.9925399929289095,0.0,0.0,1.0
0.4424901105121496,1.3458355911827795,-0.2563863915545956,-0.1302054910773436,1.7128589572895063,0.0,1.0,0.0
-1.1555945973149266,-1.8268735096876216,-0.13986052829834278,-0.14020020731738078,-1.3876444110452364,1.0,0.0,0.0
0.2926696691533834,0.46827775477180766,-0.8390157078358594,0.289572591004211,1.2900630434256777,0.0,0.0,1.0
0.19278937491416806,1.1433222443187032,1.6246739724391994,-1.5794393458827125,1.11781285629597,0.0,0.0,1.0
-0.6561931261189635,-0.3417756326844592,-0.21754443713584465,-0.12021077483730715,0.13128905728036988,0.0,0.0,1.0
1.7908740827412726,1.6833578359562271,0.9477141954266832,-0.8598197766000468,1.1334719642168525,0.0,1.0,0.0
-0.7560734203581504,-0.8143067753672784,0.7257601701766779,-1.0397246689207131,-1.4815990585705316,0.0,1.0,0.0
-0.8559537145973374,-0.004253387911011494,-0.1787024827170937,0.46947748332487793,-0.5420525833175793,0.0,1.0,0.0
1.8408142298608519,1.8858711828203034,0.5260015474516732,-0.6199465868391584,-0.6986436625264046,0.0,0.0,1.0
0.9918317288277203,-0.07175783686571639,0.3706337297766694,-0.5499835731588989,0.7576533741156715,1.0,0.0,0.0
-0.6062529789993558,0.33326885686243624,-0.4173030598608494,0.6393876594055069,1.556267878080681,0.0,1.0,0.0
-1.405295332912908,-1.3543423670048025,0.9199699422704325,-1.399534453562046,1.446654122634503,0.0,1.0,0.0
-0.40649239052098196,-0.7468023264126119,-1.0942628368733656,1.079155173967136,1.3683585830300904,0.0,1.0,0.0
0.19278937491416806,-0.47678453059383064,-0.07882317135459133,-0.04025304491701052,1.4779723384762682,0.0,1.0,0.0
-1.2554748915541136,-0.8143067753672784,-0.6059639813233539,0.9392291466066176,-1.6538492457002396,1.0,0.0,0.0
-0.6561931261189635,-0.5442889795485355,-0.567122026904603,0.5694246457252482,1.3683585830300904,0.0,0.0,1.0
0.5423704047513649,-0.27427118372975434,-0.20644673587334436,0.8892555654064326,0.8202898057992016,0.0,1.0,0.0
0.3925499633925703,0.1982599589530648,-1.4937800823233751,2.098616230450913,-0.8395756338143475,0.0,0.0,1.0
0.34260981627296266,-0.27427118372975434,1.5025992585516965,-1.399534453562046,1.3683585830300904,0.0,1.0,0.0
2.1903952596980205,2.493411223412494,-0.16760478145459345,-0.5000099919587139,1.5249496622389158,0.0,1.0,0.0
-1.105654450195319,-0.5442889795485355,-0.7724295002608579,1.6888328646093946,-1.1527577922319983,0.0,1.0,0.0
-0.506372684760169,-0.004253387911011494,-0.8445645584671096,0.5194510645250631,0.03733440975507465,1.0,0.0,0.0
1.6909937885020574,1.210826693273408,-0.8223691559421091,0.2695831585241374,1.3996767988718555,0.0,0.0,1.0
-0.6062529789993558,-1.0843245711860596,-0.944443869829612,1.2990389312479507,0.47578943153978576,0.0,1.0,0.0
-0.7061332732385428,-0.07175783686571639,-0.12321397640459239,-0.599957154359084,1.6815407414477412,0.0,0.0,1.0
0.8919514345885334,0.670791101635884,-0.8112714546796088,0.9492238628466548,0.9455626691662619,0.0,0.0,1.0
-0.5563128318797765,-1.219333469095431,-1.1719467457108674,0.919239714126544,-1.5129172744122967,0.0,0.0,1.0
-1.9546369512284505,-1.961882407596993,-1.0498720318233645,1.3290230799680616,-1.3406670872825888,0.0,0.0,1.0
1.8408142298608519,1.8858711828203034,0.02105614000791106,-0.17018435603749227,-0.7299618783681697,0.0,1.0,0.0
-1.305415038673721,-1.0843245711860596,-0.28967949534209636,0.6193982269254332,0.6636987265903762,1.0,0.0,0.0
1.141652170186515,1.0083133464093317,-0.1787024827170937,-0.2501420859577882,-0.823916525893465,0.0,1.0,0.0
-1.305415038673721,-1.0168201222313547,0.1486797045266641,-0.8598197766000468,-0.4950752595549317,0.0,0.0,1.0
0.6921908461101312,0.670791101635884,-0.2952283459733465,-0.35008924835815847,-0.26018864074169357,0.0,0.0,1.0
1.8408142298608519,1.5483489380468558,2.1240705292517115,-1.6893812245231197,1.3370403671883253,0.0,1.0,0.0
1.6410536413824781,1.210826693273408,0.24301016525791636,-0.6699201680393435,-0.5577116912384619,0.0,0.0,1.0
1.141652170186515,0.8057999995452554,-0.8501134090983598,1.3490125124481358,-0.7612800942099348,0.0,1.0,0.0
0.2926696691533834,0.40077330581714116,-0.23419098902959504,-0.18017907227752872,-0.3854615041087539,0.0,1.0,0.0
-1.0557143030757397,-0.6792978774579069,-0.8723088116233603,0.3895197534045813,0.13128905728036988,0.0,1.0,0.0
0.04296893355540185,-0.40928008163916413,1.7689440888517027,-1.6394076433229345,-1.2780306555990586,0.0,1.0,0.0
0.34260981627296266,0.1982599589530648,-0.3784611054420985,0.01971525252321177,-0.7612800942099348,0.0,0.0,1.0
-0.8559537145973374,-1.4218468159595072,-0.1787024827170937,0.11966241492358203,0.6480396186694937,0.0,1.0,0.0
0.24272952203377574,-0.004253387911011494,-0.739136396473357,1.0191868765269143,0.1782663810430175,0.0,0.0,1.0
-1.0557143030757397,-0.6117934285032021,-0.5782197281671032,0.46947748332487793,-1.5598945981749444,1.0,0.0,0.0
0.8420112874689257,0.6032866526811791,0.5814900537641744,-0.7498778979596394,1.4623132305553856,0.0,0.0,1.0
0.7920711403493464,0.5357822037265125,2.3404757038704664,-1.819312535643601,0.6323805107486111,0.0,1.0,0.0
-1.005774155956132,-1.4893512649141738,-0.4783404168046009,-0.23015265347771385,0.1782663810430175,0.0,1.0,0.0
-1.005774155956132,-0.7468023264126119,-0.17315363208584358,-0.29012095091793616,-0.24452953282081105,0.0,1.0,0.0
1.2914726115453095,0.670791101635884,-0.944443869829612,1.9986690680505426,-0.2288704248999285,0.0,1.0,0.0
-0.5563128318797765,-0.004253387911011494,3.838665374308002,-2.25908005020523,0.6793578345112588,0.0,1.0,0.0
-0.9058938617169451,-1.1518290201407262,-0.35626570291709797,0.9892027278068027,-0.9491893892605253,0.0,1.0,0.0
-0.5563128318797765,-0.27427118372975434,0.24301016525791636,-0.020263612436936897,1.4779723384762682,0.0,1.0,0.0
2.0905149654588335,2.2908978765484176,1.0864354612079365,-1.1096876826009725,1.3213812592674428,0.0,1.0,0.0
-0.10685150780339275,-0.004253387911011494,-0.9888346748796131,1.3789966611682467,0.9299035612453793,0.0,1.0,0.0
0.5923105518709442,0.46827775477180766,-0.6281593838483545,0.6094035106853961,-0.6360072308428746,0.0,0.0,1.0
1.6410536413824781,1.6833578359562271,0.7479555727016785,-0.7298884654795651,-0.4950752595549317,0.0,0.0,1.0
-0.7560734203581504,-1.3543423670048025,-0.7502340977358574,0.8092978354861367,-1.1840760080737633,0.0,1.0,0.0
0.24272952203377574,0.9408088974546268,-0.40620535859834916,0.1796307123638036,0.06865262559683973,0.0,1.0,0.0
1.1915923173060943,1.210826693273408,-0.8612111103608601,1.089149890207173,-0.13491577737463328,0.0,1.0,0.0
1.141652170186515,0.8057999995452554,-0.18980018397959397,-0.3300998158780841,-0.4637570437131666,0.0,0.0,1.0
0.5423704047513649,0.2657644079077313,-1.2607283558108695,3.3579504766955774,-0.9178711734187602,0.0,1.0,0.0
0.7421309932297389,0.46827775477180766,-1.199690998867118,0.9692132953267292,-0.4480979357922841,0.0,1.0,0.0
-1.8048165098696842,-1.8268735096876216,2.984142377095482,-2.0891698741246008,-0.43243882787140153,0.0,0.0,1.0
0.24272952203377574,0.670791101635884,1.2196078763579397,-1.1696559800411945,-1.4815990585705316,0.0,1.0,0.0
0.4924302576317573,1.5483489380468558,-0.522731221854602,-0.3600839645981956,-0.04096112984933804,0.0,1.0,0.0
1.3913529057844964,1.4808444890921508,-0.32297259912959714,0.01971525252321177,1.9164273602609794,0.0,1.0,0.0
-0.7061332732385428,-0.3417756326844592,0.22636361336416597,-0.6099518705991213,-0.589029907080227,0.0,0.0,1.0
-0.5563128318797765,-0.07175783686571639,-1.27737490770462,1.6188698509291357,0.1782663810430175,0.0,1.0,0.0
0.7421309932297389,0.33326885686243624,-1.2829237583358701,2.0486426492507275,0.4914485394606683,0.0,0.0,1.0
-0.05691136068381348,0.2657644079077313,-0.3840099560733486,0.99919744404684,0.6323805107486111,0.0,1.0,0.0
1.1915923173060943,1.210826693273408,-0.3507168522858478,0.6593770918855812,0.03733440975507465,0.0,1.0,0.0
0.8420112874689257,0.8057999995452554,-0.7002944420546061,0.2595884422841002,-0.4480979357922841,0.0,0.0,1.0
0.24272952203377574,0.33326885686243624,-0.13431167766709265,-0.3400945321181213,-0.8395756338143475,0.0,1.0,0.0
-0.7560734203581504,-0.5442889795485355,-0.5005358193296015,0.6393876594055069,-0.3854615041087539,0.0,0.0,1.0
1.4412930529040757,0.8057999995452554,0.5260015474516732,-0.3101103833980105,-0.5733707991593444,0.0,1.0,0.0
1.5411733471432911,1.6158533870015224,-0.733587545842107,0.11966241492358203,-0.009642914007572967,0.0,1.0,0.0
1.6909937885020574,1.8183667338655987,0.27630326904541713,-0.599957154359084,0.13128905728036988,0.0,1.0,0.0
-0.20673180204257968,0.6032866526811791,0.5038061449266726,-1.0197352364406391,1.5406087701597984,0.0,0.0,1.0
1.041771875947328,1.0083133464093317,-0.8667599609921102,1.359007228688173,0.006016193913309572,0.0,0.0,1.0
-1.2554748915541136,-0.8818112243219832,-0.4727915661733507,0.49946163204498867,-1.3876444110452364,0.0,1.0,0.0
1.8408142298608519,2.020880080729675,0.858932585326681,-1.1996401287613057,-0.996166713023173,0.0,1.0,0.0
-0.45643253764056124,0.40077330581714116,1.4249153497141946,-1.399534453562046,-0.2758477486625761,0.0,1.0,0.0
-1.1555945973149266,-0.6792978774579069,1.857725698951705,-1.5594499134026387,-1.2467124397572935,0.0,1.0,0.0
1.3913529057844964,1.4133400401374843,-0.10656742451084199,-0.01026889619689973,-0.9335302813396428,0.0,1.0,0.0
-0.9558340088365244,-1.3543423670048025,2.1351682305142115,-1.9192596980439713,-1.231053331836411,0.0,0.0,1.0
-1.205534744434506,-0.9493156732766498,-0.4228519104920995,0.6693718081256184,-0.3541432882669888,1.0,0.0,0.0
1.740933935621665,1.4133400401374843,0.7479555727016785,-0.9197880740402689,-1.6851674615420047,0.0,1.0,0.0
0.5423704047513649,1.0758177953640367,-0.2841306447108462,0.33954617220439615,-1.606871921937592,0.0,1.0,0.0
0.7920711403493464,0.5357822037265125,0.04880039316416172,-0.5799677218790097,0.5540849711441984,0.0,0.0,1.0
-0.9558340088365244,-1.1518290201407262,-1.155300193817117,2.2985105552516534,-1.4815990585705316,0.0,1.0,0.0
-1.5551157742717028,-1.4893512649141738,0.026604990639161195,0.02970996876324823,0.6636987265903762,0.0,0.0,1.0
-0.45643253764056124,-0.004253387911011494,-0.9555415710921122,1.6288645671691722,1.4936314463971507,0.0,1.0,0.0
-0.9058938617169451,-1.6243601628235453,-0.944443869829612,1.448959674848506,-0.40112061202963645,0.0,1.0,0.0
2.140455112578441,2.3584023255031226,0.2818521196766673,-1.0197352364406391,-1.4189626268870015,0.0,1.0,0.0
-0.9058938617169451,-0.7468023264126119,-1.1830444469733676,1.438964958608469,-0.5107343674758142,0.0,0.0,1.0
-0.006971213564205815,0.13075550999835991,-0.2952283459733465,-0.3600839645981956,-0.651666338763757,0.0,1.0,0.0
-1.605055921391282,-1.3543423670048025,-0.017785814410839866,0.039704685003285396,1.7128589572895063,0.0,1.0,0.0
-1.005774155956132,-1.5568557138688788,-0.5782197281671032,0.559429929485211,1.1961083959003824,0.0,1.0,0.0
0.9918317288277203,0.2657644079077313,0.30959637283291797,-0.7098990329994915,0.42881210777713813,0.0,0.0,1.0
0.6921908461101312,0.7382955505905888,-0.522731221854602,0.13965184740365566,0.569744079065081,1.0,0.0,0.0
-1.105654450195319,-0.5442889795485355,-1.3550588165421218,2.118605662930987,-1.4972581664914142,0.0,0.0,1.0
0.2926696691533834,0.40077330581714116,-0.7557829483671075,1.0391763090069879,-0.6829845546055221,0.0,0.0,1.0
-1.205534744434506,-1.0168201222313547,0.07099579568916226,0.08967826620347052,-0.2758477486625761,0.0,0.0,1.0
-1.305415038673721,-0.6792978774579069,-1.194142148235868,1.6888328646093946,1.0238582087706747,0.0,1.0,0.0
1.241532464425702,0.9408088974546268,0.5370992487141734,-0.5000099919587139,0.773312482036554,0.0,0.0,1.0
-0.006971213564205815,0.13075550999835991,-0.8112714546796088,1.1191340389272846,1.2900630434256777,0.0,0.0,1.0
-0.45643253764056124,-1.1518290201407262,-0.48943811806710114,0.27957787476417384,-1.3563261952034713,1.0,0.0,0.0
-0.15679165492300043,0.7382955505905888,0.6092343069204251,-0.7298884654795651,1.211767503821265,0.0,0.0,1.0
0.8420112874689257,0.5357822037265125,0.3040475222016678,-0.7598726141996767,1.5092905543180333,0.0,0.0,1.0
-0.5563128318797765,0.1982599589530648,-0.5726708775358531,-0.10022134235723282,-1.1840760080737633,0.0,1.0,0.0
-1.205534744434506,-0.9493156732766498,-0.8334668572046093,0.8992502816464697,-1.1527577922319983,0.0,0.0,1.0
-0.45643253764056124,0.40077330581714116,-1.1497513431858668,0.7993031192460994,0.6323805107486111,1.0,0.0,0.0
-1.4552354800324874,-1.0843245711860596,-0.20644673587334436,-0.27013151843786254,1.149131072137735,0.0,0.0,1.0
0.6422506989905519,0.06325106104369341,-0.38955880670459875,-0.030258328676973353,1.11781285629597,1.0,0.0,0.0
0.24272952203377574,-0.3417756326844592,-0.8889553635171107,1.5589015534889135,-1.6538492457002396,0.0,1.0,0.0
-1.2554748915541136,-0.8818112243219832,0.8755791372204315,-1.1896454125212683,-0.009642914007572967,0.0,0.0,1.0
-1.505175627152095,-1.2868379180500975,0.18752165894541503,-0.510004708198751,-0.2288704248999285,0.0,0.0,1.0
-0.15679165492300043,0.33326885686243624,-0.27303294344834594,0.11966241492358203,0.28788013648919525,0.0,0.0,1.0
0.7421309932297389,0.40077330581714116,0.18752165894541503,-0.26013680219782537,-1.1057804684693506,0.0,0.0,1.0
0.24272952203377574,1.0758177953640367,-0.3507168522858478,-0.09022662611719565,1.4309950147136206,0.0,0.0,1.0
-0.6561931261189635,-0.07175783686571639,0.6203320081829253,-1.0497193851607503,-1.027484928864938,0.0,1.0,0.0
-0.6561931261189635,0.13075550999835991,-0.07882317135459133,0.36953032092450766,-1.1527577922319983,0.0,1.0,0.0
-1.405295332912908,-0.8818112243219832,-0.21199558650459452,-0.15019492355741795,-0.3384841803461063,0.0,1.0,0.0
-1.9546369512284505,-1.961882407596993,-0.3007771966045966,-0.40006282955834355,0.9612217770871444,0.0,0.0,1.0
1.1915923173060943,0.1982599589530648,-0.9111507660421112,1.2490653500477655,0.8359489137200842,0.0,0.0,1.0
0.09290908067498112,1.1433222443187032,-0.7890760521546083,1.0191868765269143,-0.5733707991593444,0.0,0.0,1.0
-1.105654450195319,-1.8268735096876216,0.08764234758291266,-0.4200522620384179,1.2900630434256777,1.0,0.0,0.0
0.34260981627296266,0.670791101635884,0.31514522346416807,-0.3101103833980105,1.0395173166915572,0.0,1.0,0.0
-0.3565522434013743,-0.8143067753672784,0.5370992487141734,-0.4500364107585287,1.1334719642168525,1.0,0.0,0.0
1.740933935621665,1.0083133464093317,-0.02333466504209,-0.6699201680393435,0.19392548896390005,0.0,1.0,0.0
0.7421309932297389,0.2657644079077313,-0.2841306447108462,0.10966769868354485,0.6793578345112588,0.0,1.0,0.0
0.4924302576317573,0.6032866526811791,-0.6170616825858541,0.5294457807650995,-0.9491893892605253,0.0,1.0,0.0
-0.506372684760169,0.13075550999835991,-0.5948662800608536,0.21960957732395228,-0.32282507242522374,0.0,1.0,0.0
-2.104457392587245,-2.3669091013251458,0.15977740578916438,-0.49001527571867665,0.05299351767595719,0.0,1.0,0.0
-0.05691136068381348,0.2657644079077313,-0.23419098902959504,0.6993559568457292,0.6636987265903762,0.0,1.0,0.0
1.241532464425702,0.33326885686243624,2.1018751267267106,-1.839301968123675,0.36617567609360796,0.0,0.0,1.0
0.19278937491416806,0.8057999995452554,-1.0443231811921143,2.198563392851283,-1.403303518966119,0.0,1.0,0.0
-1.4552354800324874,-1.0843245711860596,0.8533837346954309,-1.0497193851607503,-0.11925666945375074,0.0,1.0,0.0
0.8919514345885334,0.6032866526811791,-1.0054812267733635,1.2290759175676913,-0.8082574179725824,0.0,0.0,1.0
0.6921908461101312,0.46827775477180766,0.6536251119704262,-1.1296771150810465,0.006016193913309572,0.0,1.0,0.0
1.7908740827412726,1.210826693273408,0.6647228132329265,-0.5299941406788247,-0.21321131697904597,0.0,0.0,1.0
0.9418915817081127,0.670791101635884,0.5481969499766737,-0.46003112699856585,0.13128905728036988,0.0,0.0,1.0
1.1915923173060943,0.2657644079077313,1.8077860432704538,-1.6094234946028239,0.3348574602518429,0.0,1.0,0.0
2.040574818339254,2.1558889786390463,0.2818521196766673,0.33954617220439615,-0.8708938496561126,1.0,0.0,0.0
1.2914726115453095,1.4808444890921508,-1.033225479929614,1.6488539996492466,0.9455626691662619,0.0,0.0,1.0
-0.05691136068381348,-0.3417756326844592,-0.48943811806710114,-0.060242477397084854,-1.403303518966119,0.0,1.0,0.0
1.241532464425702,1.0083133464093317,-1.0054812267733635,1.26905478252784,0.4914485394606683,0.0,0.0,1.0
-0.506372684760169,0.1982599589530648,0.6813693651266768,-0.639936019319232,-0.6360072308428746,0.0,0.0,1.0
-1.2554748915541136,-1.1518290201407262,0.45941533987667155,-0.280126234677899,-0.07227934569110313,0.0,0.0,1.0
-1.005774155956132,-1.219333469095431,0.3983779829329201,-0.9397775065203428,1.3683585830300904,0.0,1.0,0.0
0.04296893355540185,-0.47678453059383064,0.17087510705166464,-0.3201050996380477,1.2744039355047951,0.0,1.0,0.0
0.34260981627296266,0.5357822037265125,1.2917429345641913,-1.2696031424415646,-0.6046890150011095,0.0,1.0,0.0
1.7908740827412726,1.6158533870015224,-0.43949846238584994,1.3690019449282103,1.6658816335268587,1.0,0.0,0.0
0.04296893355540185,-0.6792978774579069,-1.2496306545483693,1.8187641757298763,0.09997084143860481,0.0,1.0,0.0
0.3925499633925703,0.1982599589530648,1.8244325951642042,-1.5494551971626014,-0.19755220905816342,0.0,0.0,1.0
0.19278937491416806,-0.2067667347750878,-0.0011392625170894694,-0.23015265347771385,0.7576533741156715,0.0,0.0,1.0
-1.505175627152095,-1.2868379180500975,-0.983285824248363,1.2490653500477655,1.6502225256059762,0.0,1.0,0.0
0.6921908461101312,0.2657644079077313,-1.1386536419233666,0.3195567397243225,0.39749389193537304,0.0,1.0,0.0
0.4424901105121496,0.1982599589530648,-1.2107887001296183,0.8792608491663954,0.6636987265903762,0.0,1.0,0.0
-1.005774155956132,-1.6243601628235453,-0.16760478145459345,0.15964127988372998,-1.1684169001528808,0.0,1.0,0.0
0.6921908461101312,0.5357822037265125,0.39282913230166994,-0.5399888569188618,1.24308571966303,0.0,1.0,0.0
1.8907543769804596,1.750862284910932,1.5081481091829465,-1.5094763322024536,1.1804492879795,1.0,0.0,0.0
1.041771875947328,0.8057999995452554,-0.4727915661733507,0.6793665243656548,-1.6851674615420047,0.0,1.0,0.0
-1.205534744434506,-0.9493156732766498,0.6924670663891771,-0.9897510877205279,-0.416779719950519,0.0,1.0,0.0
-1.205534744434506,-1.1518290201407262,0.15422855515791425,-0.5399888569188618,-0.5733707991593444,0.0,0.0,1.0
1.6909937885020574,1.1433222443187032,-0.3507168522858478,0.22960429356398873,1.1334719642168525,0.0,1.0,0.0
-1.8048165098696842,-1.8268735096876216,0.0044095881141606634,-0.26013680219782537,-0.5107343674758142,1.0,0.0,0.0
-1.3553551857933004,-1.1518290201407262,0.2818521196766673,-0.4500364107585287,-0.7612800942099348,0.0,1.0,0.0
0.2926696691533834,-0.40928008163916413,0.8422860334329306,-1.1996401287613057,-1.1214395763902332,1.0,0.0,0.0
-1.3553551857933004,-1.0843245711860596,0.6980159170204272,-1.1096876826009725,-1.4189626268870015,0.0,0.0,1.0
0.2926696691533834,0.2657644079077313,-0.45614501427960036,0.7693189705259886,0.19392548896390005,0.0,1.0,0.0
-0.30661209628179503,-0.47678453059383064,1.1308262662579376,-1.1796506962812316,-1.6851674615420047,1.0,0.0,0.0
1.3414127586648887,0.40077330581714116,-0.21199558650459452,0.8692661329263589,-1.6225310298584745,0.0,1.0,0.0
0.4924302576317573,1.2783311422280745,-0.4727915661733507,0.18962542860384077,-1.1684169001528808,0.0,1.0,0.0
0.3925499633925703,1.210826693273408,-0.6226105332171044,0.329551455964359,1.1334719642168525,0.0,1.0,0.0
0.6422506989905519,0.40077330581714116,-0.22309328776709478,-0.3900681133183064,0.8672671295618493,0.0,0.0,1.0
0.4424901105121496,0.5357822037265125,0.17642395768291477,-0.01026889619689973,-0.8865529575769951,0.0,1.0,0.0
-1.5551157742717028,-1.4893512649141738,0.09874004884541292,-0.1901737885175659,0.42881210777713813,0.0,1.0,0.0
0.6921908461101312,0.46827775477180766,0.2818521196766673,-0.37007868083823275,-1.0118258209440554,0.0,1.0,0.0
-0.506372684760169,0.1982599589530648,-0.35626570291709797,0.2395990098040259,-0.2288704248999285,0.0,1.0,0.0
1.740933935621665,1.6158533870015224,-0.32297259912959714,0.36953032092450766,-1.3719853031243538,0.0,1.0,0.0
-1.305415038673721,-0.9493156732766498,2.0075446659954586,-1.78932838692349,-0.416779719950519,0.0,0.0,1.0
0.5923105518709442,-0.004253387911011494,0.4760618917704219,-0.8398303441199725,1.0238582087706747,0.0,0.0,1.0
0.04296893355540185,-0.2067667347750878,-1.0609697330858647,1.7288117295695424,-0.9335302813396428,0.0,0.0,1.0
0.09290908067498112,-0.2067667347750878,-0.7002944420546061,0.2995673072442482,0.4601303236189032,0.0,0.0,1.0
0.8420112874689257,0.13075550999835991,-1.2662772064421197,1.7388064458095798,-1.058803144706703,0.0,1.0,0.0
-1.7548763627500765,-1.8268735096876216,0.1486797045266641,-0.280126234677899,0.8829262374827318,0.0,1.0,0.0
0.14284922779458878,1.0758177953640367,-1.110909388767116,1.3390177962080987,0.24090281272654765,1.0,0.0,0.0
0.2926696691533834,-0.40928008163916413,0.05434924379541185,0.33954617220439615,1.963404684023627,0.0,1.0,0.0
-1.2554748915541136,-1.0843245711860596,-0.18980018397959397,-0.280126234677899,1.6815407414477412,0.0,0.0,1.0
-0.5563128318797765,0.40077330581714116,-0.11211627514209212,-0.12021077483730715,1.6502225256059762,1.0,0.0,0.0
0.2926696691533834,-0.40928008163916413,0.08764234758291266,-0.21016322099764023,-1.3093488714408237,1.0,0.0,0.0
0.24272952203377574,-0.47678453059383064,-0.41175420922959927,0.599408794445359,-0.29150685658345865,0.0,1.0,0.0
1.6410536413824781,1.0758177953640367,-1.321765712754621,0.5094563482850258,1.7441771731312714,0.0,1.0,0.0
-0.10685150780339275,0.8057999995452554,0.13758200326416384,-0.0002741799568625625,1.0081991008497921,0.0,1.0,0.0
0.8420112874689257,0.40077330581714116,-0.1454093789295929,0.10966769868354485,-0.6829845546055221,0.0,1.0,0.0
-1.205534744434506,-0.9493156732766498,-0.8112714546796088,0.039704685003285396,0.3035392444100778,0.0,1.0,0.0
0.19278937491416806,-0.27427118372975434,-0.8501134090983598,1.6888328646093946,0.976880885008027,0.0,1.0,0.0
0.09290908067498112,-0.13926228582038291,-0.32297259912959714,0.18962542860384077,-0.025302021928455508,0.0,1.0,0.0
0.4424901105121496,1.3458355911827795,-0.7613317989983577,1.0691604577270994,1.211767503821265,0.0,0.0,1.0
-0.5563128318797765,-0.8818112243219832,-0.5615731762733529,1.1691076201274697,-0.6829845546055221,0.0,1.0,0.0
0.4424901105121496,0.13075550999835991,-0.03443236630459026,-0.1901737885175659,0.4601303236189032,0.0,0.0,1.0
1.6909937885020574,1.0083133464093317,-0.6392570851108547,1.079155173967136,0.31919835233096033,0.0,1.0,0.0
-1.5551157742717028,-1.4893512649141738,0.17642395768291477,-0.5000099919587139,-0.08793845361198566,0.0,1.0,0.0
1.2914726115453095,0.33326885686243624,2.362671106395467,-1.9792279954841936,-1.058803144706703,0.0,0.0,1.0
-0.3565522434013743,-0.8143067753672784,0.5981366056579248,-0.7098990329994915,1.0081991008497921,0.0,1.0,0.0
-0.7061332732385428,-0.27427118372975434,-0.6448059357421049,0.2695831585241374,-0.40112061202963645,0.0,1.0,0.0
-0.05691136068381348,0.9408088974546268,-0.3285214497608473,0.48946691580495155,0.006016193913309572,0.0,0.0,1.0
-0.6062529789993558,-0.07175783686571639,-0.2952283459733465,0.02970996876324823,0.28788013648919525,0.0,1.0,0.0
-0.5563128318797765,-0.004253387911011494,0.13758200326416384,-0.6199465868391584,1.1804492879795,0.0,1.0,0.0
-0.45643253764056124,-1.0168201222313547,-0.0011392625170894694,0.6793665243656548,1.2900630434256777,0.0,1.0,0.0
0.8420112874689257,0.06325106104369341,-0.7613317989983577,1.0091921602868772,-1.638190137779357,0.0,1.0,0.0
1.0917120230669073,1.0758177953640367,-0.6836478901608558,1.408980809888358,-0.9335302813396428,0.0,1.0,0.0
-1.3553551857933004,-0.8818112243219832,-0.26748409281709584,0.01971525252321177,0.06865262559683973,0.0,1.0,0.0
-0.6062529789993558,0.13075550999835991,-0.1953490346108441,0.09967298244350768,-0.8865529575769951,0.0,1.0,0.0
-0.7560734203581504,-0.40928008163916413,2.617918235432973,-1.8992702655638973,-0.7612800942099348,1.0,0.0,0.0
-0.506372684760169,-0.9493156732766498,1.0808866105766863,-0.7598726141996767,0.8359489137200842,0.0,1.0,0.0
1.2914726115453095,0.33326885686243624,1.1585705194141882,-1.1796506962812316,-1.6538492457002396,0.0,1.0,0.0
1.4412930529040757,1.4808444890921508,-0.9555415710921122,1.5089279722887283,-0.9022120654978777,0.0,1.0,0.0
1.3414127586648887,1.0758177953640367,6.491015976045565,-3.028673200688081,-1.6538492457002396,0.0,0.0,1.0
0.19278937491416806,-0.5442889795485355,1.1807659219391888,-1.0996929663609354,-0.8708938496561126,0.0,1.0,0.0
-0.9558340088365244,-1.4218468159595072,-1.3106680114921208,1.3889913774082838,-0.8708938496561126,0.0,0.0,1.0
-0.8060135674777581,-1.0168201222313547,-0.27303294344834594,-0.21016322099764023,0.03733440975507465,0.0,1.0,0.0
-1.0557143030757397,-1.6243601628235453,-1.871101925248384,2.698299204853134,0.3348574602518429,0.0,0.0,1.0
1.6410536413824781,0.9408088974546268,-0.16205593082334332,-0.27013151843786254,-1.1214395763902332,0.0,1.0,0.0
-0.30661209628179503,-0.6117934285032021,-0.5948662800608536,0.5394404970051366,0.4601303236189032,0.0,1.0,0.0
0.24272952203377574,1.1433222443187032,3.3392688174954905,-2.2790694826853044,1.384017690950973,0.0,0.0,1.0
-0.7560734203581504,-0.47678453059383064,-0.15095822956084304,-0.1901737885175659,0.976880885008027,0.0,0.0,1.0
1.1915923173060943,0.8057999995452554,-0.18425133334834384,0.07968354996343335,1.5092905543180333,1.0,0.0,0.0
0.14284922779458878,-0.6117934285032021,-0.9499927204608621,0.599408794445359,0.9925399929289095,0.0,1.0,0.0
-1.3553551857933004,-1.2868379180500975,-0.3451680016545977,1.2290759175676913,-1.6538492457002396,1.0,0.0,0.0
1.141652170186515,1.210826693273408,-1.4327427253796237,1.1691076201274697,-0.7299618783681697,0.0,1.0,0.0
1.7908740827412726,1.95337563177497,-0.3285214497608473,0.13965184740365566,0.42881210777713813,0.0,1.0,0.0
1.141652170186515,0.7382955505905888,-0.5782197281671032,0.30956202348428535,0.6480396186694937,0.0,0.0,1.0
2.140455112578441,2.2233934275937512,1.3083894864579417,-1.5094763322024536,-1.0744622526275855,0.0,1.0,0.0
0.24272952203377574,-0.2067667347750878,-0.8001737534171085,2.098616230450913,0.773312482036554,0.0,1.0,0.0
-0.2566719491621874,0.06325106104369341,0.2541078665204166,-0.4800205594786395,-0.9022120654978777,0.0,1.0,0.0
-1.405295332912908,-0.9493156732766498,1.8022371926392036,-1.6394076433229345,-0.07227934569110313,0.0,1.0,0.0
-0.8559537145973374,-0.6792978774579069,-0.11211627514209212,-0.3101103833980105,-1.0431440367858205,0.0,1.0,0.0
-1.3553551857933004,-1.1518290201407262,-0.11211627514209212,-0.23015265347771385,-0.9805076051022904,0.0,1.0,0.0
-1.305415038673721,-1.1518290201407262,1.0198492536329349,-1.1196823988410094,-1.1684169001528808,0.0,1.0,0.0
0.34260981627296266,0.6032866526811791,-0.944443869829612,1.1191340389272846,-0.6986436625264046,0.0,0.0,1.0
0.6422506989905519,0.2657644079077313,3.072923987195484,-2.1291487390847488,1.2900630434256777,0.0,0.0,1.0
-0.5563128318797765,-0.9493156732766498,-0.09546972324834173,0.6393876594055069,-1.6538492457002396,0.0,1.0,0.0
0.6422506989905519,0.2657644079077313,-1.0720674343483652,0.6693718081256184,-0.2758477486625761,0.0,1.0,0.0
-1.3553551857933004,-1.3543423670048025,-0.7557829483671075,0.49946163204498867,-0.47941615163404916,0.0,0.0,1.0
-0.006971213564205815,0.9408088974546268,-0.3507168522858478,-0.10022134235723282,-0.24452953282081105,0.0,1.0,0.0
-0.9558340088365244,-1.6243601628235453,2.279438346926715,-1.9692332792441565,1.4779723384762682,0.0,1.0,0.0
-0.3565522434013743,-0.8818112243219832,-0.3063260472358468,0.04969940124332256,1.6502225256059762,0.0,1.0,0.0
0.7421309932297389,0.33326885686243624,0.5814900537641744,-0.510004708198751,1.2274266117421475,0.0,1.0,0.0
-0.9558340088365244,-1.4218468159595072,0.6980159170204272,-0.7998514791598246,-1.575553706095827,0.0,1.0,0.0
-0.9558340088365244,-1.4893512649141738,1.2307055776204399,-1.1796506962812316,-0.4950752595549317,0.0,1.0,0.0
-0.6062529789993558,0.13075550999835991,0.24301016525791636,-0.43004697827845434,0.13128905728036988,0.0,0.0,1.0
1.6909937885020574,1.5483489380468558,1.2750963826704411,-1.2096348450013428,-1.058803144706703,1.0,0.0,0.0
0.14284922779458878,-0.27427118372975434,-0.3951076573358489,0.46947748332487793,1.11781285629597,0.0,1.0,0.0
-0.40649239052098196,0.46827775477180766,-0.3451680016545977,0.39951446964461845,-1.3876444110452364,0.0,1.0,0.0
-0.45643253764056124,0.40077330581714116,-0.8834065128858606,0.46947748332487793,0.976880885008027,0.0,1.0,0.0
-1.4552354800324874,-1.0843245711860596,-0.2841306447108462,0.24959372604406307,0.601062294906846,0.0,1.0,0.0
-0.7061332732385428,-0.2067667347750878,-1.360607667173372,1.93870077061032,-0.056620237770220586,0.0,1.0,0.0
-1.2554748915541136,-1.1518290201407262,0.31514522346416807,-0.3201050996380477,-0.47941615163404916,0.0,1.0,0.0
-0.5563128318797765,-0.07175783686571639,-0.7502340977358574,0.13965184740365566,-1.3719853031243538,0.0,0.0,1.0
-0.8559537145973374,-0.40928008163916413,-0.16760478145459345,-0.5799677218790097,0.5227667553024333,0.0,0.0,1.0
1.041771875947328,0.40077330581714116,-0.6559036370046051,1.1990917688475804,-0.19755220905816342,0.0,0.0,1.0
0.7920711403493464,0.40077330581714116,0.07654464632041239,-0.11021605859726998,-1.6851674615420047,0.0,0.0,1.0
-0.2566719491621874,0.5357822037265125,-1.4216450241171235,1.2390706338077284,0.06865262559683973,0.0,1.0,0.0
-0.20673180204257968,0.5357822037265125,-0.1787024827170937,0.2395990098040259,0.006016193913309572,0.0,1.0,0.0
1.5411733471432911,0.8057999995452554,-0.5782197281671032,0.009720536283174605,1.7441771731312714,0.0,1.0,0.0
-0.6062529789993558,-0.13926228582038291,0.1320331526329137,-0.6299413030791948,0.5540849711441984,0.0,1.0,0.0
0.7421309932297389,0.5357822037265125,0.2984986715704177,-0.5499835731588989,0.8516080216409667,0.0,1.0,0.0
1.041771875947328,0.33326885686243624,0.10983775010791318,-0.40006282955834355,0.2565619206474302,0.0,1.0,0.0
-0.6062529789993558,-0.13926228582038291,-1.1386536419233666,0.9292344303665805,-1.027484928864938,0.0,1.0,0.0
0.7920711403493464,0.7382955505905888,-0.7280386952108568,0.4394933346047664,-0.025302021928455508,0.0,1.0,0.0
-0.3565522434013743,0.2657644079077313,0.4982572942954225,-0.7398831817196023,1.0864946404542049,0.0,1.0,0.0
-2.204337686826432,-2.6369268971438884,0.7202113195454277,-1.0996929663609354,0.8359489137200842,0.0,0.0,1.0
1.3414127586648887,0.8057999995452554,0.03215384127041133,-0.49001527571867665,0.31919835233096033,0.0,1.0,0.0
0.14284922779458878,1.1433222443187032,-0.9666392723546126,1.3290230799680616,0.08431173351772227,0.0,1.0,0.0
0.24272952203377574,-0.004253387911011494,-0.2452886902920953,0.7393348218058772,1.1961083959003824,1.0,0.0,0.0
-0.6062529789993558,-0.004253387911011494,-0.7557829483671075,0.559429929485211,1.211767503821265,0.0,1.0,0.0
-0.10685150780339275,-0.004253387911011494,-0.7890760521546083,0.8092978354861367,0.8829262374827318,0.0,0.0,1.0
0.6921908461101312,0.5357822037265125,-0.6004151306921038,0.42949861836472925,-1.3563261952034713,0.0,1.0,0.0
1.3913529057844964,1.5483489380468558,-0.9610904217233625,0.9092449978865069,1.7754953889730365,0.0,1.0,0.0
1.9906346712196465,2.08838452968438,-0.37291225481084833,0.5494352132451739,0.9142444533244969,1.0,0.0,0.0
1.8408142298608519,1.4808444890921508,0.44276878798292113,-0.510004708198751,-0.24452953282081105,0.0,1.0,0.0
-2.204337686826432,-2.7044313460985934,0.1653262564204145,0.039704685003285396,1.0395173166915572,0.0,1.0,0.0
1.2914726115453095,0.33326885686243624,0.31514522346416807,-0.7198937492395286,1.3370403671883253,0.0,1.0,0.0
-0.45643253764056124,-0.7468023264126119,-0.400656507967099,0.7193453893258035,1.7285180652103889,0.0,1.0,0.0
2.040574818339254,2.2233934275937512,-0.3285214497608473,-0.1601896397974551,-0.5577116912384619,0.0,0.0,1.0
0.19278937491416806,-0.13926228582038291,-1.0942628368733656,1.2490653500477655,-0.620348122921992,0.0,1.0,0.0
-1.305415038673721,-1.0843245711860596,0.7535044233329286,-1.0497193851607503,-0.7612800942099348,0.0,0.0,1.0
-1.0557143030757397,-1.5568557138688788,-0.12321397640459239,0.4394933346047664,-0.6360072308428746,0.0,1.0,0.0
-1.005774155956132,-0.8143067753672784,-0.2785817940795961,-0.35008924835815847,0.021675301834192112,0.0,1.0,0.0
0.09290908067498112,-0.3417756326844592,-0.21754443713584465,0.5694246457252482,-0.29150685658345865,0.0,0.0,1.0
-1.005774155956132,-1.6243601628235453,-0.4949869686983513,0.8692661329263589,0.47578943153978576,0.0,1.0,0.0
-1.0557143030757397,-1.4893512649141738,-0.4949869686983513,0.3495408884444333,-0.025302021928455508,0.0,0.0,1.0
-0.506372684760169,-0.7468023264126119,0.45941533987667155,-0.8098461953998617,-1.027484928864938,0.0,1.0,0.0
-0.006971213564205815,-0.6792978774579069,0.942165344795433,-0.7898567629197875,-0.4480979357922841,0.0,1.0,0.0
1.2914726115453095,1.4133400401374843,-0.522731221854602,0.19962014484387794,1.149131072137735,0.0,0.0,1.0
0.14284922779458878,0.1982599589530648,-0.3118748978670969,1.1591129038874326,-0.9022120654978777,0.0,1.0,0.0
0.09290908067498112,0.06325106104369341,-0.08992087261709159,0.22960429356398873,-1.2936897635199411,0.0,1.0,0.0
-0.6062529789993558,-0.27427118372975434,0.1986193602079153,-0.5599782893989361,0.6480396186694937,0.0,0.0,1.0
1.0917120230669073,0.9408088974546268,0.38728028167041983,-0.7898567629197875,-1.0431440367858205,0.0,1.0,0.0
0.6921908461101312,0.46827775477180766,-0.017785814410839866,0.4394933346047664,-0.18189310113728088,1.0,0.0,0.0
-1.305415038673721,-0.9493156732766498,0.7812486764891792,-0.7198937492395286,1.446654122634503,0.0,1.0,0.0
-2.104457392587245,-2.299404652370441,0.5814900537641744,-0.4800205594786395,0.11562994935948734,0.0,1.0,0.0
-1.0557143030757397,-0.6792978774579069,-0.4949869686983513,0.6793665243656548,0.16260727312213497,0.0,1.0,0.0
-0.2566719491621874,-0.004253387911011494,-0.32297259912959714,0.30956202348428535,-0.2758477486625761,0.0,1.0,0.0
0.14284922779458878,1.1433222443187032,0.03215384127041133,0.3495408884444333,0.8202898057992016,0.0,1.0,0.0
0.8420112874689257,0.46827775477180766,0.48715959303292217,-0.8698144928400837,-0.4637570437131666,0.0,0.0,1.0
-1.305415038673721,-0.5442889795485355,-0.567122026904603,0.039704685003285396,0.14694816520125242,0.0,1.0,0.0
0.4424901105121496,0.46827775477180766,-0.6614524876358553,0.2995673072442482,0.39749389193537304,0.0,0.0,1.0
1.0917120230669073,1.0758177953640367,-0.8889553635171107,0.289572591004211,-1.4815990585705316,0.0,0.0,1.0
0.34260981627296266,1.1433222443187032,3.0951193897204843,-2.109159306604675,1.9477455761027445,0.0,0.0,1.0
-0.8060135674777581,-0.5442889795485355,0.39282913230166994,-0.7598726141996767,1.3526994751092078,0.0,1.0,0.0
1.141652170186515,1.210826693273408,0.14313085389541397,-0.2201579372376774,-0.7612800942099348,0.0,1.0,0.0
-1.2554748915541136,-0.9493156732766498,0.731309020807928,-1.0597141014007874,0.44447121569802067,0.0,1.0,0.0
0.4924302576317573,0.2657644079077313,-0.15095822956084304,0.48946691580495155,-0.3384841803461063,1.0,0.0,0.0
-0.9558340088365244,-0.8818112243219832,-0.983285824248363,0.959218579086692,0.7889715899574365,0.0,0.0,1.0
-0.20673180204257968,0.6032866526811791,-0.03443236630459026,-0.8198409116398986,-0.26018864074169357,0.0,1.0,0.0
1.8907543769804596,1.8858711828203034,-0.20089788524209423,-0.0002741799568625625,0.7263351582739064,0.0,1.0,0.0
1.3414127586648887,1.4133400401374843,-0.8945042141483608,0.689361240605692,1.0708355325333223,0.0,0.0,1.0
1.9406945241000388,2.1558889786390463,-1.0498720318233645,0.7193453893258035,-1.6538492457002396,0.0,0.0,1.0
-1.0557143030757397,-1.4218468159595072,-0.6281593838483545,0.3595356046844705,-0.29150685658345865,0.0,1.0,0.0
-1.6549960685108898,-1.5568557138688788,0.3206940740954182,-0.7898567629197875,0.09997084143860481,0.0,0.0,1.0
-0.9058938617169451,-1.4893512649141738,0.3317917753579185,-0.8798092090801208,1.0238582087706747,0.0,0.0,1.0
0.6422506989905519,0.40077330581714116,2.3682199570267173,-1.7393548057233048,0.8359489137200842,0.0,1.0,0.0
-0.9558340088365244,-1.219333469095431,-0.3007771966045966,0.0696888337233969,-0.7925983100516999,0.0,1.0,0.0
1.6410536413824781,1.4133400401374843,0.8533837346954309,-0.9997458039605651,-0.43243882787140153,0.0,0.0,1.0
1.1915923173060943,0.7382955505905888,-0.9610904217233625,1.438964958608469,-1.6851674615420047,0.0,0.0,1.0
-2.154397539706853,-2.3669091013251458,1.0975331624704368,-1.3795450210819722,-0.16623399321639837,0.0,1.0,0.0
1.4412930529040757,1.4808444890921508,-0.1454093789295929,-0.2201579372376774,-0.24452953282081105,0.0,1.0,0.0
-0.20673180204257968,-0.5442889795485355,-0.650354786373355,-0.020263612436936897,1.7441771731312714,0.0,1.0,0.0
1.241532464425702,0.670791101635884,0.04880039316416172,-0.1601896397974551,1.2587448275839126,0.0,1.0,0.0
-0.8559537145973374,-1.0843245711860596,-0.3063260472358468,0.33954617220439615,1.0081991008497921,0.0,1.0,0.0
1.141652170186515,0.670791101635884,-0.5171823712233518,-0.24014736971775102,-0.5107343674758142,0.0,1.0,0.0
0.24272952203377574,0.46827775477180766,-0.2841306447108462,-0.060242477397084854,0.8046306978783191,0.0,1.0,0.0
-1.3553551857933004,-1.1518290201407262,-1.27737490770462,2.1485898116510977,-0.8082574179725824,0.0,1.0,0.0
-1.2554748915541136,-0.9493156732766498,0.2541078665204166,-0.24014736971775102,-1.6538492457002396,0.0,1.0,0.0
-0.45643253764056124,0.06325106104369341,-0.9555415710921122,0.559429929485211,-0.996166713023173,0.0,1.0,0.0
1.1915923173060943,0.8057999995452554,-0.4949869686983513,0.7893084030060623,0.7263351582739064,0.0,1.0,0.0
0.8919514345885334,0.46827775477180766,0.7812486764891792,-0.7598726141996767,-0.4950752595549317,0.0,1.0,0.0
-0.05691136068381348,0.8057999995452554,0.22081476273291584,-0.4500364107585287,0.8516080216409667,0.0,0.0,1.0
1.740933935621665,1.0083133464093317,0.4982572942954225,-0.6499307355592692,-0.5420525833175793,1.0,0.0,0.0
-1.305415038673721,-0.9493156732766498,-0.0399812169358404,-0.1302054910773436,0.44447121569802067,0.0,1.0,0.0
0.24272952203377574,1.210826693273408,-0.08437202198584146,-0.11021605859726998,1.6658816335268587,0.0,1.0,0.0
-1.4552354800324874,-1.4218468159595072,-0.9666392723546126,1.398986093648321,1.0395173166915572,1.0,0.0,0.0
-0.8559537145973374,-0.6117934285032021,-0.6559036370046051,0.7393348218058772,-1.1684169001528808,0.0,1.0,0.0
0.3925499633925703,-0.2067667347750878,2.5402343265954714,-1.9292544142840085,-1.606871921937592,0.0,1.0,0.0
-0.5563128318797765,0.06325106104369341,0.2652055677829169,-0.9797563714804911,0.8516080216409667,0.0,1.0,0.0
-0.8060135674777581,-0.8818112243219832,0.24855901588916648,-0.8298356278799357,0.14694816520125242,0.0,0.0,1.0
-0.006971213564205815,-0.5442889795485355,-0.5282800724858521,0.3595356046844705,0.24090281272654765,0.0,1.0,0.0
1.8408142298608519,1.6158533870015224,-0.15095822956084304,-0.08023190987715847,1.1961083959003824,0.0,1.0,0.0
-1.2554748915541136,-0.7468023264126119,1.103082013101687,-1.5994287783627865,1.3683585830300904,0.0,1.0,0.0
1.241532464425702,1.210826693273408,-1.1331047912921166,1.26905478252784,0.42881210777713813,0.0,1.0,0.0
0.9918317288277203,0.2657644079077313,-0.5060846699608516,0.33954617220439615,0.9299035612453793,0.0,1.0,0.0
0.4424901105121496,-0.3417756326844592,-0.38955880670459875,0.33954617220439615,0.28788013648919525,1.0,0.0,0.0
-0.6062529789993558,-0.2067667347750878,1.1141797143641872,-1.1496665475611205,0.6950169424321413,0.0,1.0,0.0
-0.5563128318797765,-0.004253387911011494,-0.483889267435851,0.8892555654064326,1.211767503821265,0.0,1.0,0.0
-1.2554748915541136,-1.0168201222313547,0.6813693651266768,-0.9697616552404539,-1.2780306555990586,0.0,0.0,1.0
0.24272952203377574,1.2783311422280745,1.9298607571579567,-1.8293072518836382,-0.8082574179725824,0.0,1.0,0.0
0.8420112874689257,0.670791101635884,-1.2662772064421197,1.578890985968987,-1.0744622526275855,0.0,0.0,1.0
1.8408142298608519,1.8858711828203034,-0.5060846699608516,0.4494880508448036,-0.823916525893465,0.0,1.0,0.0
-0.506372684760169,-0.004253387911011494,-0.16760478145459345,-0.20016850475760306,0.9455626691662619,0.0,1.0,0.0
1.4412930529040757,0.5357822037265125,0.39282913230166994,-0.7798620466797502,-1.4189626268870015,0.0,1.0,0.0
1.0917120230669073,1.0758177953640367,-0.028883515673340132,-0.280126234677899,-1.0431440367858205,1.0,0.0,0.0
-1.305415038673721,-1.0168201222313547,-0.4284007611233497,0.27957787476417384,-0.620348122921992,0.0,1.0,0.0
-1.0557143030757397,-1.6243601628235453,-1.3384122646483714,1.26905478252784,0.3818347840144905,0.0,1.0,0.0
-0.10685150780339275,-0.40928008163916413,-0.6448059357421049,0.289572591004211,0.2565619206474302,0.0,0.0,1.0
0.9918317288277203,0.7382955505905888,1.2750963826704411,-1.399534453562046,-1.5285763823331793,0.0,0.0,1.0
1.9406945241000388,1.750862284910932,0.5703923525016742,-0.7698673304397138,0.3035392444100778,0.0,1.0,0.0
0.24272952203377574,-0.13926228582038291,-1.194142148235868,3.2779927467752814,0.8046306978783191,1.0,0.0,0.0
1.041771875947328,0.46827775477180766,0.3817314310391697,-0.9697616552404539,-0.416779719950519,0.0,0.0,1.0
2.040574818339254,2.1558889786390463,-0.9610904217233625,0.6593770918855812,-1.1370986843111157,0.0,1.0,0.0
0.14284922779458878,-0.07175783686571639,-0.9000530647796109,1.528917404768802,-1.6225310298584745,0.0,1.0,0.0
-0.8060135674777581,-1.219333469095431,-1.4271938747483734,2.0686320817308017,1.6971998493686238,0.0,1.0,0.0
0.2926696691533834,0.33326885686243624,-0.4727915661733507,1.1191340389272846,-0.7769392021308174,1.0,0.0,0.0
-0.8559537145973374,-0.07175783686571639,-0.4228519104920995,0.3895197534045813,0.13128905728036988,0.0,1.0,0.0
0.04296893355540185,0.33326885686243624,-0.0399812169358404,-0.40006282955834355,0.021675301834192112,0.0,1.0,0.0
-2.25427783394604,-2.7044313460985934,-1.1830444469733676,1.079155173967136,-1.403303518966119,0.0,0.0,1.0
-0.7560734203581504,-0.7468023264126119,1.3416825902454426,-1.2196295612413797,0.08431173351772227,0.0,1.0,0.0
1.1915923173060943,0.2657644079077313,0.7035647676516774,-1.0297299526806762,0.27222102856831276,0.0,1.0,0.0
0.34260981627296266,1.210826693273408,-0.2952283459733465,0.72934010556584,-1.3876444110452364,0.0,1.0,0.0
-0.8559537145973374,-0.004253387911011494,-0.5393777737483523,0.3895197534045813,0.03733440975507465,0.0,1.0,0.0
0.7421309932297389,0.6032866526811791,-1.2274352520233687,1.0591657414870623,-1.5129172744122967,0.0,1.0,0.0
-1.6549960685108898,-1.4893512649141738,-0.4783404168046009,0.599408794445359,-1.1684169001528808,0.0,1.0,0.0
-0.506372684760169,-0.6792978774579069,1.4693061547641957,-1.3195767236417497,-1.4189626268870015,0.0,0.0,1.0
0.19278937491416806,0.5357822037265125,-0.7946249027858584,0.9292344303665805,0.5384258632233159,0.0,1.0,0.0
-0.05691136068381348,0.8733044484999603,-0.02333466504209,-0.1901737885175659,0.8202898057992016,0.0,1.0,0.0
0.19278937491416806,0.8057999995452554,0.7424067220704282,-1.1096876826009725,0.9925399929289095,0.0,1.0,0.0
-1.4552354800324874,-1.3543423670048025,0.8367371828016805,-1.439513318522194,0.8046306978783191,0.0,0.0,1.0
1.9406945241000388,2.020880080729675,2.0075446659954586,-1.749349521963342,0.03733440975507465,0.0,0.0,1.0
-0.9558340088365244,-1.219333469095431,1.0919843118391865,-1.3195767236417497,-1.262371547678176,0.0,0.0,1.0
1.1915923173060943,0.13075550999835991,3.7998234198892513,-2.3990060775657485,0.7263351582739064,0.0,1.0,0.0
-0.15679165492300043,0.5357822037265125,0.27630326904541713,-0.40006282955834355,1.2900630434256777,0.0,1.0,0.0
-0.9558340088365244,-1.6243601628235453,0.015507289376660929,-0.29012095091793616,-0.36980239618787136,1.0,0.0,0.0
1.8907543769804596,1.750862284910932,-0.06772547009209105,0.18962542860384077,0.8046306978783191,0.0,0.0,1.0
-1.205534744434506,-0.27427118372975434,-1.449389277273374,1.0391763090069879,-1.6538492457002396,1.0,0.0,0.0
-0.40649239052098196,-1.0843245711860596,-0.8390157078358594,1.3190283637280251,-0.7612800942099348,1.0,0.0,0.0
0.24272952203377574,0.9408088974546268,-0.5948662800608536,0.7493295380459143,-0.8865529575769951,0.0,1.0,0.0
1.0917120230669073,1.0758177953640367,0.03215384127041133,-0.4100575457983807,0.6950169424321413,0.0,1.0,0.0
0.4924302576317573,1.2783311422280745,1.940958458420457,-1.6494023595629717,1.415335906792738,0.0,1.0,0.0
-1.0557143030757397,-1.5568557138688788,0.03770269190166146,-0.24014736971775102,-0.5577116912384619,0.0,1.0,0.0
-0.6561931261189635,-0.13926228582038291,0.23746131462666623,-0.6599254517993064,0.2095845968847826,1.0,0.0,0.0
-0.506372684760169,-1.0843245711860596,-0.02333466504209,0.7493295380459143,0.8672671295618493,0.0,0.0,1.0
0.2926696691533834,0.06325106104369341,-1.3439611152796216,0.99919744404684,0.3505165681727254,0.0,1.0,0.0
-0.5563128318797765,-0.004253387911011494,1.4138176484516942,-1.279597858681602,0.09997084143860481,0.0,1.0,0.0
1.4412930529040757,1.6158533870015224,0.8811279878516816,-0.6199465868391584,1.4779723384762682,0.0,1.0,0.0
-0.5563128318797765,0.13075550999835991,0.8700302865891814,-0.9797563714804911,1.6658816335268587,0.0,1.0,0.0
-0.6062529789993558,-0.9493156732766498,0.3317917753579185,-0.6999043167594543,-0.1035975615328682,0.0,1.0,0.0
0.2926696691533834,0.7382955505905888,-0.3784611054420985,0.0696888337233969,-1.2780306555990586,0.0,1.0,0.0
0.3925499633925703,0.46827775477180766,-0.3118748978670969,0.07968354996343335,-1.2467124397572935,0.0,0.0,1.0
0.4424901105121496,0.6032866526811791,0.34288947662041874,-0.599957154359084,1.149131072137735,0.0,1.0,0.0
0.6422506989905519,0.40077330581714116,-0.056627768829590794,0.1796307123638036,1.0708355325333223,0.0,1.0,0.0
-0.7061332732385428,-0.2067667347750878,0.7535044233329286,-1.1596612638011576,0.11562994935948734,0.0,0.0,1.0
2.240335406817628,2.493411223412494,0.7257601701766779,-0.7098990329994915,-1.575553706095827,0.0,1.0,0.0
1.8907543769804596,1.8858711828203034,0.5925877550266747,-0.4200522620384179,0.5540849711441984,0.0,1.0,0.0
0.8420112874689257,0.40077330581714116,-1.3106680114921208,1.9686849193304317,-1.027484928864938,0.0,1.0,0.0
0.24272952203377574,1.0083133464093317,-1.238532953285869,0.9692132953267292,-0.823916525893465,0.0,1.0,0.0
1.0917120230669073,-0.004253387911011494,-0.3951076573358489,0.3595356046844705,-1.090121360548468,1.0,0.0,0.0
-0.20673180204257968,-0.7468023264126119,0.8089929296454299,-1.2196295612413797,0.8359489137200842,0.0,0.0,1.0
0.34260981627296266,0.40077330581714116,-0.2841306447108462,-0.08023190987715847,1.2744039355047951,0.0,0.0,1.0
1.0917120230669073,0.8057999995452554,2.1573636330392123,-1.6893812245231197,-1.6538492457002396,0.0,1.0,0.0
0.19278937491416806,0.9408088974546268,0.6813693651266768,-1.0697088176408243,0.3348574602518429,0.0,1.0,0.0
-0.30661209628179503,0.40077330581714116,-0.6725501888983555,1.3090336474879878,-1.5285763823331793,0.0,1.0,0.0
-0.506372684760169,0.13075550999835991,-0.03443236630459026,0.3495408884444333,0.8046306978783191,0.0,1.0,0.0
0.14284922779458878,1.0083133464093317,0.8644814359579313,-1.439513318522194,-1.0118258209440554,0.0,1.0,0.0
-1.4552354800324874,-1.4893512649141738,-0.3451680016545977,-0.3400945321181213,1.0864946404542049,0.0,1.0,0.0
-0.9558340088365244,-1.4218468159595072,-0.6337082344796046,1.8187641757298763,-0.7925983100516999,0.0,1.0,0.0
0.3925499633925703,1.4133400401374843,-0.18980018397959397,0.1296571311636185,1.0238582087706747,0.0,1.0,0.0
-0.45643253764056124,0.2657644079077313,0.6536251119704262,-0.8997986415601948,0.3348574602518429,0.0,1.0,0.0
1.241532464425702,0.13075550999835991,0.25965671715166677,-0.7798620466797502,-0.6829845546055221,0.0,1.0,0.0
-0.006971213564205815,-0.47678453059383064,4.1826941134455105,-2.3690219288456373,0.976880885008027,0.0,0.0,1.0
-1.505175627152095,-1.4893512649141738,-0.7946249027858584,0.99919744404684,-0.18189310113728088,0.0,1.0,0.0
-1.6549960685108898,-1.4893512649141738,-0.9111507660421112,1.1391234714073581,0.006016193913309572,0.0,0.0,1.0
-0.9558340088365244,-1.759369060732955,-1.1331047912921166,1.6188698509291357,1.2900630434256777,0.0,0.0,1.0
-0.6062529789993558,-0.8818112243219832,0.02105614000791106,-0.18017907227752872,-0.996166713023173,0.0,0.0,1.0
0.3925499633925703,0.8057999995452554,0.5260015474516732,-0.8098461953998617,1.1021537483750874,0.0,0.0,1.0
1.2914726115453095,1.0758177953640367,0.5481969499766737,-1.0397246689207131,0.8202898057992016,0.0,1.0,0.0
-1.205534744434506,-0.6792978774579069,1.569185466126698,-1.4595027510022685,1.4779723384762682,0.0,1.0,0.0
1.2914726115453095,1.1433222443187032,1.2972917851954415,-1.2895925749216386,-1.2153942239155284,0.0,1.0,0.0
0.6921908461101312,0.46827775477180766,0.7535044233329286,-0.929782790280306,-0.24452953282081105,0.0,1.0,0.0
-1.2554748915541136,-1.0168201222313547,-0.7668806496296078,1.049171025247025,-1.5912128140167094,0.0,0.0,1.0
0.19278937491416806,0.5357822037265125,-0.26748409281709584,-0.4100575457983807,0.6323805107486111,0.0,0.0,1.0
0.04296893355540185,1.0083133464093317,0.05434924379541185,-0.5299941406788247,1.2744039355047951,0.0,1.0,0.0
-0.6062529789993558,-0.13926228582038291,-0.3451680016545977,0.6693718081256184,-0.7612800942099348,0.0,0.0,1.0
-0.7061332732385428,-0.13926228582038291,0.026604990639161195,-0.9797563714804911,0.08431173351772227,0.0,1.0,0.0
0.14284922779458878,0.13075550999835991,-0.3784611054420985,0.5194510645250631,-0.9335302813396428,0.0,1.0,0.0
0.24272952203377574,-0.3417756326844592,1.4193664990829444,-1.2296242774814168,0.14694816520125242,0.0,1.0,0.0
0.04296893355540185,0.1982599589530648,-1.0776162849796151,1.7088222970894689,-0.5733707991593444,0.0,0.0,1.0
-0.7560734203581504,-0.40928008163916413,0.11538660073916332,-0.21016322099764023,-1.1057804684693506,0.0,1.0,0.0
-0.8060135674777581,-1.2868379180500975,-1.4438404266421239,1.3090336474879878,-1.5442354902540618,0.0,1.0,0.0
0.09290908067498112,-0.13926228582038291,-0.7835272015233582,1.478943823568617,-1.0744622526275855,0.0,1.0,0.0
0.24272952203377574,-0.13926228582038291,-0.5449266243796025,0.8792608491663954,1.446654122634503,0.0,1.0,0.0
-0.15679165492300043,0.670791101635884,-0.18425133334834384,0.2695831585241374,-0.3541432882669888,0.0,0.0,1.0
0.7421309932297389,0.670791101635884,-0.1953490346108441,0.2595884422841002,0.021675301834192112,0.0,0.0,1.0
-0.7061332732385428,-0.27427118372975434,-0.03443236630459026,0.0696888337233969,-0.025302021928455508,0.0,1.0,0.0
0.7920711403493464,0.670791101635884,-0.6004151306921038,0.2595884422841002,0.7889715899574365,0.0,1.0,0.0
1.2914726115453095,0.670791101635884,0.28740097030791745,-0.6099518705991213,0.1782663810430175,0.0,0.0,1.0
-0.6561931261189635,-0.27427118372975434,-1.5825616924233772,1.7088222970894689,0.2565619206474302,0.0,0.0,1.0
1.2914726115453095,1.4133400401374843,-0.5560243256421027,1.2290759175676913,-1.1370986843111157,0.0,1.0,0.0
-1.005774155956132,-1.5568557138688788,0.043251542532911594,-0.3201050996380477,1.2274266117421475,1.0,0.0,0.0
1.241532464425702,0.1982599589530648,-1.1830444469733676,1.8487483244499872,-0.823916525893465,0.0,1.0,0.0
0.34260981627296266,-0.27427118372975434,-0.8279180065733592,0.8492767004462846,-1.575553706095827,1.0,0.0,0.0
-0.40649239052098196,-1.0168201222313547,-0.45614501427960036,0.46947748332487793,1.3683585830300904,0.0,1.0,0.0
1.1915923173060943,1.210826693273408,0.09874004884541292,-0.8498250603600097,-0.9178711734187602,0.0,0.0,1.0
0.09290908067498112,0.9408088974546268,-0.4228519104920995,-0.2501420859577882,0.5854031869859635,0.0,1.0,0.0
0.34260981627296266,1.5483489380468558,1.9908981141017081,-1.5994287783627865,-0.7456209862890523,0.0,1.0,0.0
0.24272952203377574,0.13075550999835991,0.17642395768291477,-0.5399888569188618,1.8851091444192143,0.0,0.0,1.0
0.14284922779458878,1.1433222443187032,1.0198492536329349,-1.1696559800411945,1.3370403671883253,0.0,0.0,1.0
-1.105654450195319,-1.0843245711860596,0.05989809442666199,-0.18017907227752872,1.211767503821265,1.0,0.0,0.0
-0.9058938617169451,-0.5442889795485355,-0.08437202198584146,-0.5399888569188618,0.8359489137200842,0.0,0.0,1.0
0.8420112874689257,0.670791101635884,0.8922256891141819,-1.1296771150810465,-1.3876444110452364,0.0,1.0,0.0
0.8919514345885334,0.670791101635884,0.3706337297766694,-0.6699201680393435,-1.6225310298584745,0.0,1.0,0.0
0.8420112874689257,0.40077330581714116,-0.2619352421858457,0.21960957732395228,-0.3541432882669888,0.0,0.0,1.0
1.7908740827412726,1.8858711828203034,0.9477141954266832,-1.279597858681602,-1.465939950649649,0.0,1.0,0.0
-0.506372684760169,0.06325106104369341,0.8866768384829318,-0.7098990329994915,-0.32282507242522374,0.0,1.0,0.0
1.3913529057844964,1.6158533870015224,-0.08992087261709159,-0.030258328676973353,2.057359331548922,0.0,1.0,0.0
1.7908740827412726,2.020880080729675,0.43167108672042087,-0.909793357800232,0.2252437048056651,0.0,1.0,0.0
-1.0557143030757397,-0.6117934285032021,-0.5393777737483523,1.0291815927669508,-1.3093488714408237,0.0,1.0,0.0
-1.305415038673721,-1.219333469095431,-0.7613317989983577,0.9692132953267292,-1.0431440367858205,0.0,1.0,0.0
0.19278937491416806,1.210826693273408,-0.5893174294296035,0.21960957732395228,-1.465939950649649,0.0,1.0,0.0
1.4912332000236834,0.8057999995452554,0.41502453482667045,-0.43004697827845434,1.556267878080681,0.0,0.0,1.0
0.8420112874689257,0.8057999995452554,-0.31742374849834704,0.3595356046844705,0.7263351582739064,0.0,1.0,0.0
0.04296893355540185,0.9408088974546268,-0.3063260472358468,0.30956202348428535,-1.4815990585705316,0.0,1.0,0.0
1.241532464425702,0.1982599589530648,-0.5171823712233518,0.39951446964461845,0.601062294906846,0.0,1.0,0.0
-1.3553551857933004,-0.6792978774579069,0.09319119821416279,-0.05024776115704769,0.9455626691662619,0.0,0.0,1.0
-0.30661209628179503,0.5357822037265125,-0.9056019154108611,1.3889913774082838,1.6815407414477412,0.0,1.0,0.0
0.9418915817081127,-0.27427118372975434,-0.5560243256421027,0.16963599612376715,1.4623132305553856,0.0,0.0,1.0
0.14284922779458878,0.7382955505905888,0.7590532739641787,-1.1396718313210832,0.7889715899574365,0.0,1.0,0.0
0.9918317288277203,0.33326885686243624,-0.9388950191983618,0.4394933346047664,-0.3541432882669888,0.0,1.0,0.0
0.3925499633925703,1.6158533870015224,1.5081481091829465,-1.4894868997223791,0.44447121569802067,0.0,0.0,1.0
-0.8559537145973374,-0.6117934285032021,-0.7502340977358574,0.6993559568457292,-1.4502808427287666,0.0,0.0,1.0
-1.1555945973149266,-0.8143067753672784,-1.0498720318233645,1.6988275808494318,-0.04096112984933804,0.0,0.0,1.0
-1.4552354800324874,-1.3543423670048025,0.10983775010791318,-0.12021077483730715,1.9007682523400968,1.0,0.0,0.0
-1.605055921391282,-1.2868379180500975,-1.3883519203296226,2.198563392851283,1.4309950147136206,0.0,1.0,0.0
-0.9558340088365244,-1.4218468159595072,0.8811279878516816,-0.6699201680393435,-1.058803144706703,0.0,1.0,0.0
-1.005774155956132,-0.6792978774579069,0.7756998258579291,-0.7598726141996767,-0.2758477486625761,0.0,1.0,0.0
0.2926696691533834,1.1433222443187032,-0.6226105332171044,0.45948276708484076,-0.32282507242522374,1.0,0.0,0.0
-1.2554748915541136,-1.219333469095431,0.5981366056579248,-0.8698144928400837,-1.638190137779357,0.0,1.0,0.0
-0.9058938617169451,-1.2868379180500975,-1.2940214595983703,1.8287588919699127,-1.1370986843111157,0.0,1.0,0.0
-0.20673180204257968,0.7382955505905888,0.6092343069204251,-0.6199465868391584,0.39749389193537304,0.0,0.0,1.0
1.141652170186515,0.7382955505905888,-1.1164582393983662,1.3290230799680616,-0.6986436625264046,0.0,0.0,1.0
1.8907543769804596,2.08838452968438,1.8299814457954542,-1.41952388604212,1.618904309764211,0.0,1.0,0.0
1.9406945241000388,2.2233934275937512,0.15422855515791425,-0.5000099919587139,0.9455626691662619,0.0,0.0,1.0
0.6921908461101312,0.46827775477180766,-1.1663978950796172,1.1990917688475804,0.8202898057992016,1.0,0.0,0.0
-0.6062529789993558,-0.07175783686571639,0.4982572942954225,-0.8098461953998617,-0.9178711734187602,0.0,1.0,0.0
-1.205534744434506,-0.8818112243219832,-0.35626570291709797,0.6593770918855812,-0.8395756338143475,0.0,0.0,1.0
0.6422506989905519,0.40077330581714116,-0.48943811806710114,0.7493295380459143,-1.027484928864938,0.0,1.0,0.0
0.14284922779458878,-0.07175783686571639,-0.8057226040483587,0.6693718081256184,1.6032452018433285,1.0,0.0,0.0
-0.506372684760169,-0.9493156732766498,2.2572429444017144,-1.769338954443416,-0.08793845361198566,0.0,1.0,0.0
-0.5563128318797765,0.06325106104369341,-0.9610904217233625,2.2685264065315422,0.8359489137200842,1.0,0.0,0.0
-1.0557143030757397,-1.4893512649141738,0.6980159170204272,-0.6099518705991213,-0.08793845361198566,0.0,1.0,0.0
-0.6062529789993558,-0.07175783686571639,-0.2452886902920953,-0.4800205594786395,1.6658816335268587,0.0,0.0,1.0
-1.205534744434506,-0.47678453059383064,-0.4173030598608494,0.6193982269254332,1.7285180652103889,0.0,0.0,1.0
0.34260981627296266,0.46827775477180766,-1.0887139862421154,1.1591129038874326,1.618904309764211,0.0,0.0,1.0
0.14284922779458878,1.210826693273408,0.06544694505791213,-0.280126234677899,-1.5442354902540618,0.0,1.0,0.0
0.19278937491416806,-0.27427118372975434,0.7535044233329286,-0.4500364107585287,0.8829262374827318,0.0,0.0,1.0
0.8420112874689257,0.6032866526811791,-0.5782197281671032,0.7993031192460994,-0.651666338763757,0.0,0.0,1.0
0.7920711403493464,0.5357822037265125,0.6924670663891771,-0.7998514791598246,-0.7769392021308174,0.0,0.0,1.0
0.4924302576317573,0.40077330581714116,0.5648435018704241,-0.6599254517993064,-1.4972581664914142,0.0,1.0,0.0
-0.9058938617169451,-0.6792978774579069,-1.0998116875046158,0.3795250371645441,0.9925399929289095,0.0,1.0,0.0
-1.0557143030757397,-0.7468023264126119,-0.8112714546796088,0.05969411748335973,-0.9805076051022904,0.0,1.0,0.0
0.7421309932297389,0.33326885686243624,-0.7058432926858563,0.4095091858846556,1.1961083959003824,0.0,0.0,1.0
-1.9046968041088712,-1.8268735096876216,-0.35626570291709797,-0.30011566715797333,-0.996166713023173,0.0,1.0,0.0
1.5911134942628704,0.9408088974546268,-1.0554208824546147,1.1091393226872475,-1.5442354902540618,0.0,1.0,0.0
-0.7061332732385428,-0.13926228582038291,-0.6059639813233539,0.30956202348428535,-0.43243882787140153,0.0,0.0,1.0
1.241532464425702,1.4133400401374843,-0.4727915661733507,0.7593242542859515,-1.1057804684693506,0.0,0.0,1.0
-1.005774155956132,-1.219333469095431,-0.2785817940795961,0.039704685003285396,-1.5129172744122967,0.0,1.0,0.0
0.24272952203377574,-0.47678453059383064,0.2152659121016657,-0.94977222276038,-1.1527577922319983,0.0,0.0,1.0
-0.20673180204257968,0.06325106104369341,-1.0110300774046135,0.8692661329263589,-0.18189310113728088,0.0,0.0,1.0
0.5423704047513649,0.40077330581714116,-0.733587545842107,0.3895197534045813,0.05299351767595719,1.0,0.0,0.0
-0.9058938617169451,-0.7468023264126119,0.2541078665204166,-0.5699730056389732,-1.1684169001528808,0.0,0.0,1.0
0.9418915817081127,0.40077330581714116,-0.7058432926858563,0.649382375645544,-0.29150685658345865,0.0,0.0,1.0
-0.7560734203581504,-1.0843245711860596,1.0753377599454363,-1.399534453562046,-1.5598945981749444,0.0,1.0,0.0
-0.506372684760169,-0.004253387911011494,-0.2952283459733465,-0.5399888569188618,-0.26018864074169357,0.0,0.0,1.0
0.7421309932297389,0.33326885686243624,0.09319119821416279,-0.09022662611719565,-0.9335302813396428,0.0,1.0,0.0
-0.45643253764056124,-0.9493156732766498,-0.26748409281709584,-0.15019492355741795,0.9142444533244969,0.0,0.0,1.0
0.34260981627296266,1.4133400401374843,-0.27303294344834594,0.30956202348428535,0.8046306978783191,1.0,0.0,0.0
-1.505175627152095,-1.4218468159595072,-0.5726708775358531,0.7693189705259886,1.3057221513465602,0.0,1.0,0.0
-1.2554748915541136,-1.219333469095431,-1.1774955963421176,1.6488539996492466,1.2744039355047951,0.0,1.0,0.0
-0.6561931261189635,-0.6792978774579069,1.6857113293829509,-1.41952388604212,0.3505165681727254,0.0,0.0,1.0
0.9918317288277203,0.33326885686243624,0.5315503980829233,-0.020263612436936897,-0.13491577737463328,0.0,1.0,0.0
1.3414127586648887,1.6158533870015224,-0.5893174294296035,0.4195039021246928,-1.4189626268870015,0.0,1.0,0.0
0.3925499633925703,1.6158533870015224,1.5858320180204484,-1.6194182108428605,0.3035392444100778,0.0,1.0,0.0
0.9418915817081127,0.7382955505905888,-0.8834065128858606,1.1591129038874326,1.1961083959003824,0.0,0.0,1.0
0.19278937491416806,-0.2067667347750878,1.1141797143641872,-0.8898039253201576,0.08431173351772227,0.0,1.0,0.0
-0.8559537145973374,-1.3543423670048025,-0.9888346748796131,1.6888328646093946,-0.416779719950519,0.0,1.0,0.0
0.34260981627296266,0.40077330581714116,0.6369785600766757,-0.5799677218790097,-0.29150685658345865,0.0,1.0,0.0
-0.3565522434013743,-0.6792978774579069,-0.6337082344796046,0.05969411748335973,0.24090281272654765,1.0,0.0,0.0
1.740933935621665,1.5483489380468558,0.2984986715704177,-0.4800205594786395,-1.231053331836411,0.0,0.0,1.0
0.24272952203377574,-0.3417756326844592,0.015507289376660929,-0.15019492355741795,0.006016193913309572,0.0,1.0,0.0
-1.0557143030757397,-1.5568557138688788,-0.9721881229858627,0.6793665243656548,-0.29150685658345865,0.0,0.0,1.0
-1.5551157742717028,-1.4893512649141738,1.6024785699141988,-1.5394604809225643,-0.26018864074169357,0.0,0.0,1.0
-0.10685150780339275,0.8057999995452554,0.9255187929016827,-1.0797035338808614,0.6323805107486111,0.0,0.0,1.0
-1.2554748915541136,-0.5442889795485355,-0.6281593838483545,0.4794721995649144,-1.3093488714408237,0.0,1.0,0.0
-0.8559537145973374,-1.3543423670048025,-1.6491478999983789,2.198563392851283,-0.15057488529551583,0.0,1.0,0.0
0.14284922779458878,1.1433222443187032,1.563636615495448,-1.3695503048419349,1.4779723384762682,0.0,1.0,0.0
-0.8060135674777581,-1.2868379180500975,-0.9555415710921122,1.7787853107697276,-0.24452953282081105,0.0,1.0,0.0
0.09290908067498112,0.670791101635884,-1.5770128417921272,3.178045584374911,0.6480396186694937,0.0,1.0,0.0
1.1915923173060943,0.8057999995452554,-0.7502340977358574,1.1990917688475804,-0.7925983100516999,0.0,1.0,0.0
1.0917120230669073,0.40077330581714116,0.17087510705166464,-0.5399888569188618,0.8672671295618493,0.0,0.0,1.0
0.34260981627296266,0.670791101635884,-0.7002944420546061,0.42949861836472925,-0.5577116912384619,0.0,0.0,1.0
0.3925499633925703,0.7382955505905888,0.24301016525791636,-0.7898567629197875,0.13128905728036988,0.0,0.0,1.0
0.14284922779458878,1.210826693273408,0.3761825804079195,-0.6299413030791948,1.4309950147136206,0.0,0.0,1.0
-0.9058938617169451,-0.8818112243219832,-0.733587545842107,0.5094563482850258,-0.9178711734187602,0.0,1.0,0.0
1.9906346712196465,2.020880080729675,-0.733587545842107,0.2096148610839151,-1.606871921937592,0.0,1.0,0.0
-0.40649239052098196,0.33326885686243624,-1.1663978950796172,0.8892555654064326,-1.2153942239155284,1.0,0.0,0.0
0.7920711403493464,0.46827775477180766,-0.611512831954604,0.3595356046844705,1.0708355325333223,0.0,1.0,0.0
0.24272952203377574,-0.47678453059383064,0.19307050957666516,-0.6499307355592692,-0.1035975615328682,0.0,1.0,0.0
0.3925499633925703,0.8733044484999603,-0.4284007611233497,0.13965184740365566,-0.5107343674758142,0.0,1.0,0.0
1.6410536413824781,1.4808444890921508,-0.45614501427960036,0.0696888337233969,-0.9335302813396428,0.0,1.0,0.0
-1.205534744434506,-1.0168201222313547,0.19307050957666516,-0.29012095091793616,0.2095845968847826,0.0,1.0,0.0
1.1915923173060943,0.7382955505905888,0.14313085389541397,0.27957787476417384,0.8672671295618493,0.0,1.0,0.0
-1.3553551857933004,-0.8143067753672784,-0.38955880670459875,0.4095091858846556,0.6636987265903762,0.0,0.0,1.0
-1.1555945973149266,-0.6117934285032021,0.1320331526329137,-0.07023719363712203,-0.8082574179725824,0.0,1.0,0.0
0.9918317288277203,0.40077330581714116,-0.9888346748796131,0.6693718081256184,1.1647901800586176,0.0,1.0,0.0
-0.7560734203581504,-0.27427118372975434,-0.4284007611233497,0.5094563482850258,0.11562994935948734,0.0,1.0,0.0
0.6422506989905519,0.7382955505905888,-0.7002944420546061,0.19962014484387794,1.7754953889730365,0.0,1.0,0.0
-1.5551157742717028,-1.759369060732955,-0.10101857387959186,-0.21016322099764023,-1.262371547678176,0.0,0.0,1.0
-1.205534744434506,-0.8143067753672784,0.7978952283829296,-0.8398303441199725,-0.4480979357922841,0.0,0.0,1.0
-1.005774155956132,-0.8818112243219832,0.48161074240167207,-0.3300998158780841,1.6032452018433285,0.0,1.0,0.0
-0.7061332732385428,-0.13926228582038291,-0.23973983966084517,-0.23015265347771385,0.4131529998562556,0.0,1.0,0.0
0.6921908461101312,0.8057999995452554,-0.5837685787983534,0.7593242542859515,-0.8708938496561126,0.0,0.0,1.0
1.241532464425702,1.2783311422280745,-0.694745591423356,1.1591129038874326,1.5249496622389158,0.0,0.0,1.0
0.7421309932297389,0.2657644079077313,0.02105614000791106,-0.599957154359084,-0.823916525893465,0.0,1.0,0.0
0.09290908067498112,-0.13926228582038291,-0.6059639813233539,1.4989332560486912,-0.08793845361198566,0.0,1.0,0.0
0.19278937491416806,0.06325106104369341,-0.3063260472358468,-0.20016850475760306,1.415335906792738,1.0,0.0,0.0
-0.30661209628179503,-0.7468023264126119,0.24301016525791636,-0.5899624381190469,1.0708355325333223,0.0,1.0,0.0
0.9418915817081127,0.8733044484999603,-0.9610904217233625,1.5589015534889135,-0.7925983100516999,0.0,1.0,0.0
0.2926696691533834,-0.27427118372975434,0.7923463777516795,-0.929782790280306,-0.4637570437131666,0.0,1.0,0.0
-0.5563128318797765,-0.47678453059383064,0.5149038461891728,-0.7498778979596394,-0.823916525893465,0.0,0.0,1.0
1.1915923173060943,1.3458355911827795,0.03215384127041133,-0.3600839645981956,-1.4972581664914142,0.0,1.0,0.0
-1.205534744434506,-0.7468023264126119,-0.5005358193296015,0.7693189705259886,1.587586093922446,0.0,1.0,0.0
-1.8547566569892635,-1.8943779586423264,-0.6392570851108547,0.19962014484387794,1.384017690950973,1.0,0.0,0.0
-0.30661209628179503,-0.6792978774579069,-0.7502340977358574,0.72934010556584,-0.3384841803461063,0.0,1.0,0.0
1.0917120230669073,1.0083133464093317,0.4261222360891707,-0.599957154359084,-1.3876444110452364,0.0,1.0,0.0
1.6410536413824781,0.8733044484999603,0.1486797045266641,0.6094035106853961,-1.0431440367858205,0.0,0.0,1.0
-1.105654450195319,-0.6792978774579069,-0.7169409939483565,0.8792608491663954,-1.3250079793617062,1.0,0.0,0.0
0.04296893355540185,0.33326885686243624,-0.8057226040483587,0.42949861836472925,0.2095845968847826,0.0,1.0,0.0
-0.20673180204257968,-0.6117934285032021,-0.9610904217233625,1.5189226885287654,-0.19755220905816342,0.0,0.0,1.0
0.14284922779458878,1.1433222443187032,-1.1442024925546168,1.5189226885287654,-1.403303518966119,0.0,1.0,0.0
-0.10685150780339275,-0.40928008163916413,-0.400656507967099,0.6193982269254332,1.7441771731312714,0.0,1.0,0.0
-0.3565522434013743,-0.8143067753672784,0.353987177882919,-0.6099518705991213,1.4936314463971507,0.0,1.0,0.0
1.1915923173060943,1.210826693273408,-0.41175420922959927,0.01971525252321177,0.5540849711441984,0.0,1.0,0.0
-0.5563128318797765,0.06325106104369341,-0.4505961636483502,0.42949861836472925,0.7576533741156715,1.0,0.0,0.0
-1.005774155956132,-0.40928008163916413,-1.4604869785358743,2.5883573262127277,-0.9022120654978777,0.0,0.0,1.0
-1.6549960685108898,-1.6243601628235453,0.043251542532911594,-0.5299941406788247,0.6636987265903762,0.0,0.0,1.0
-1.7548763627500765,-1.759369060732955,-0.08992087261709159,0.0696888337233969,-0.3541432882669888,0.0,1.0,0.0
-1.1555945973149266,-0.8143067753672784,0.4261222360891707,-0.5799677218790097,0.09997084143860481,0.0,1.0,0.0
-0.20673180204257968,-0.7468023264126119,-0.650354786373355,1.3190283637280251,0.19392548896390005,0.0,1.0,0.0
-0.8060135674777581,-0.47678453059383064,0.05434924379541185,0.07968354996343335,0.4914485394606683,0.0,1.0,0.0
0.9418915817081127,0.6032866526811791,0.2818521196766673,-0.5699730056389732,-0.025302021928455508,1.0,0.0,0.0
-0.30661209628179503,-0.8143067753672784,-0.8279180065733592,1.6988275808494318,-0.24452953282081105,0.0,1.0,0.0
-0.8559537145973374,-0.6792978774579069,-0.8889553635171107,0.3195567397243225,-1.6851674615420047,1.0,0.0,0.0
0.5923105518709442,-0.07175783686571639,-0.983285824248363,1.0691604577270994,-1.2936897635199411,1.0,0.0,0.0
-1.2554748915541136,-0.8143067753672784,0.353987177882919,-0.3300998158780841,1.1961083959003824,0.0,1.0,0.0
1.3414127586648887,1.4808444890921508,0.2541078665204166,-0.4500364107585287,0.9299035612453793,0.0,0.0,1.0
-0.2566719491621874,0.5357822037265125,-0.9166996166733613,0.8292872679662102,0.7263351582739064,0.0,1.0,0.0
-0.8559537145973374,-1.0843245711860596,-1.1663978950796172,0.919239714126544,0.9142444533244969,0.0,1.0,0.0
-0.10685150780339275,0.13075550999835991,2.06303317230796,-1.6494023595629717,0.9142444533244969,0.0,1.0,0.0
0.7421309932297389,0.2657644079077313,0.4982572942954225,-0.5899624381190469,0.6793578345112588,0.0,1.0,0.0
0.7920711403493464,0.6032866526811791,-0.2619352421858457,0.5194510645250631,0.7419942661947889,0.0,1.0,0.0
1.2914726115453095,0.1982599589530648,0.5703923525016742,-0.67991488427938,-0.40112061202963645,0.0,1.0,0.0
-0.7560734203581504,-0.3417756326844592,-0.02333466504209,-0.020263612436936897,-0.32282507242522374,0.0,0.0,1.0
0.34260981627296266,0.46827775477180766,-0.4949869686983513,0.33954617220439615,-0.43243882787140153,0.0,1.0,0.0
1.740933935621665,1.6158533870015224,0.19307050957666516,-0.7298884654795651,1.0551764246124398,0.0,1.0,0.0
0.5923105518709442,0.9408088974546268,1.2085101750954395,-1.1996401287613057,-1.5912128140167094,0.0,1.0,0.0
-0.3565522434013743,0.13075550999835991,-0.2452886902920953,0.919239714126544,-1.434621734807884,0.0,1.0,0.0
0.14284922779458878,-0.6117934285032021,0.8866768384829318,-0.9697616552404539,1.1021537483750874,0.0,1.0,0.0
-0.006971213564205815,0.8057999995452554,-0.6725501888983555,0.72934010556584,-0.7456209862890523,0.0,1.0,0.0
-1.405295332912908,-1.2868379180500975,0.08209349695166251,0.1296571311636185,0.6167214028277286,0.0,0.0,1.0
1.041771875947328,0.46827775477180766,-0.41175420922959927,0.0696888337233969,-1.4815990585705316,0.0,1.0,0.0
-0.506372684760169,-0.9493156732766498,-1.1663978950796172,2.0486426492507275,0.19392548896390005,0.0,1.0,0.0
-0.3565522434013743,0.46827775477180766,-0.2452886902920953,-0.08023190987715847,0.569744079065081,0.0,1.0,0.0
1.5411733471432911,0.670791101635884,-0.16205593082334332,0.7593242542859515,-1.434621734807884,0.0,0.0,1.0
1.1915923173060943,0.670791101635884,-0.4173030598608494,0.4195039021246928,-0.025302021928455508,0.0,0.0,1.0
-1.1555945973149266,-1.2868379180500975,-0.38955880670459875,0.8792608491663954,1.1804492879795,0.0,0.0,1.0
-1.505175627152095,-1.4218468159595072,0.1653262564204145,-0.6699201680393435,0.5227667553024333,0.0,0.0,1.0
0.6921908461101312,0.8057999995452554,1.0420446561579355,-1.349560872361861,-1.0118258209440554,0.0,0.0,1.0
-1.3553551857933004,-1.1518290201407262,-1.1442024925546168,1.5189226885287654,-1.5129172744122967,0.0,1.0,0.0
1.2914726115453095,0.2657644079077313,-0.0399812169358404,-0.3900681133183064,-0.47941615163404916,0.0,0.0,1.0
0.2926696691533834,1.3458355911827795,0.7257601701766779,-1.0597141014007874,0.4131529998562556,0.0,1.0,0.0
1.241532464425702,0.9408088974546268,0.7479555727016785,-1.299587291161676,1.8068136048148016,0.0,1.0,0.0
-1.005774155956132,-0.9493156732766498,-0.0732743207233412,0.1796307123638036,0.8202898057992016,1.0,0.0,0.0
0.04296893355540185,-0.6117934285032021,-0.33961915102334755,0.689361240605692,0.13128905728036988,0.0,1.0,0.0
-0.8060135674777581,-0.47678453059383064,0.981007299214184,-1.1596612638011576,-0.651666338763757,0.0,1.0,0.0
0.3925499633925703,-0.40928008163916413,2.2572429444017144,-1.9492438467640825,0.05299351767595719,0.0,1.0,0.0
-0.5563128318797765,-0.6792978774579069,-0.7169409939483565,2.568367893732653,1.3057221513465602,0.0,1.0,0.0
-1.205534744434506,-0.8143067753672784,-0.4783404168046009,-0.030258328676973353,-0.6046890150011095,0.0,0.0,1.0
-0.40649239052098196,-0.7468023264126119,0.9588118966891834,-1.3595555886018982,-0.19755220905816342,1.0,0.0,0.0
1.141652170186515,1.1433222443187032,1.4082687978204442,-1.4694974672423051,1.446654122634503,0.0,1.0,0.0
-1.005774155956132,-1.4893512649141738,0.981007299214184,-1.3395661561218237,-1.5442354902540618,0.0,1.0,0.0
-0.5563128318797765,-0.004253387911011494,-0.13431167766709265,0.289572591004211,0.976880885008027,0.0,1.0,0.0
-1.7548763627500765,-1.8268735096876216,0.22081476273291584,-0.5499835731588989,0.9142444533244969,0.0,1.0,0.0
1.5911134942628704,1.750862284910932,-1.4327427253796237,1.6988275808494318,0.569744079065081,0.0,1.0,0.0
-0.20673180204257968,0.13075550999835991,0.4483176386141713,-0.9997458039605651,-0.589029907080227,0.0,0.0,1.0
0.7421309932297389,0.6032866526811791,6.774007358239323,-3.1985833767687106,-1.4502808427287666,0.0,1.0,0.0
-1.3553551857933004,-0.9493156732766498,-1.4771335304296247,1.978679635570468,1.1647901800586176,0.0,1.0,0.0
-0.20673180204257968,0.46827775477180766,-0.8112714546796088,1.2090864850876175,0.03733440975507465,0.0,1.0,0.0
-0.5563128318797765,-0.9493156732766498,-0.38955880670459875,-0.5799677218790097,-0.2288704248999285,0.0,0.0,1.0
0.24272952203377574,-0.07175783686571639,-0.5338289231171022,0.8292872679662102,0.2252437048056651,0.0,1.0,0.0
0.4424901105121496,0.2657644079077313,-0.4727915661733507,0.30956202348428535,-1.0118258209440554,0.0,1.0,0.0
0.2926696691533834,0.46827775477180766,0.1486797045266641,-0.18017907227752872,1.24308571966303,0.0,0.0,1.0
0.19278937491416806,1.1433222443187032,-0.15650708019209317,-0.6999043167594543,1.446654122634503,0.0,0.0,1.0
0.9918317288277203,0.5357822037265125,3.3503665187579905,-2.269074766445267,1.8694500364983317,0.0,1.0,0.0
1.141652170186515,1.0758177953640367,0.6980159170204272,-0.5699730056389732,0.4914485394606683,0.0,1.0,0.0
0.5923105518709442,0.670791101635884,0.4039268335641702,-0.7098990329994915,0.3348574602518429,0.0,1.0,0.0
0.2926696691533834,-0.2067667347750878,2.1906567368267127,-1.7193653732432308,-1.4502808427287666,0.0,0.0,1.0
1.0917120230669073,0.8057999995452554,0.5038061449266726,-0.40006282955834355,0.9612217770871444,0.0,1.0,0.0
0.5423704047513649,-0.13926228582038291,-0.2563863915545956,-0.11021605859726998,0.6480396186694937,0.0,1.0,0.0
-0.3565522434013743,0.33326885686243624,-0.056627768829590794,0.1296571311636185,-1.4189626268870015,0.0,1.0,0.0
-0.5563128318797765,-0.3417756326844592,0.5870389043954246,-0.8898039253201576,0.9612217770871444,0.0,1.0,0.0
0.09290908067498112,0.9408088974546268,-0.6337082344796046,0.4195039021246928,-0.36980239618787136,0.0,1.0,0.0
-0.6062529789993558,-0.6117934285032021,-0.9499927204608621,1.079155173967136,0.11562994935948734,0.0,1.0,0.0
0.04296893355540185,-0.004253387911011494,-0.15650708019209317,0.16963599612376715,1.2274266117421475,0.0,1.0,0.0
0.6921908461101312,0.7382955505905888,-0.38955880670459875,-0.3101103833980105,0.39749389193537304,0.0,1.0,0.0
1.241532464425702,1.0083133464093317,-0.32297259912959714,0.10966769868354485,1.6815407414477412,0.0,0.0,1.0
1.2914726115453095,0.13075550999835991,6.307903905214311,-2.918731322047674,-0.36980239618787136,0.0,0.0,1.0
1.740933935621665,1.95337563177497,-1.1497513431858668,1.2890442150079136,-0.651666338763757,0.0,1.0,0.0
-1.105654450195319,-1.4893512649141738,0.3206940740954182,-0.18017907227752872,-1.5129172744122967,0.0,1.0,0.0
1.8408142298608519,1.8858711828203034,-0.9721881229858627,0.6293929431654698,-0.996166713023173,0.0,1.0,0.0
1.1915923173060943,0.06325106104369341,0.20971706147041558,-0.4200522620384179,0.44447121569802067,0.0,0.0,1.0
-0.3565522434013743,-0.8143067753672784,-0.5393777737483523,0.8992502816464697,0.8985853454036143,0.0,0.0,1.0
2.0905149654588335,2.2233934275937512,-0.4173030598608494,0.5894140782053218,-0.9335302813396428,0.0,1.0,0.0
-0.15679165492300043,-0.6117934285032021,0.20416821083916545,-0.3600839645981956,0.6480396186694937,0.0,0.0,1.0
-0.40649239052098196,-0.8143067753672784,-0.08992087261709159,-0.11021605859726998,0.06865262559683973,0.0,0.0,1.0
0.5423704047513649,0.06325106104369341,0.7035647676516774,-1.279597858681602,-1.058803144706703,0.0,1.0,0.0
0.24272952203377574,0.5357822037265125,-1.027676629298364,1.1791023363675062,0.773312482036554,0.0,1.0,0.0
-0.15679165492300043,-0.47678453059383064,0.19307050957666516,-0.4200522620384179,-1.5912128140167094,0.0,1.0,0.0
-0.15679165492300043,0.13075550999835991,0.5204526968204229,-0.35008924835815847,-1.3093488714408237,0.0,1.0,0.0
-1.205534744434506,-0.8143067753672784,-1.0110300774046135,0.9692132953267292,-0.056620237770220586,0.0,0.0,1.0
-0.8060135674777581,0.06325106104369341,-0.4672427155421006,0.21960957732395228,-0.21321131697904597,0.0,1.0,0.0
-0.7061332732385428,-1.219333469095431,-0.8279180065733592,1.1391234714073581,0.9455626691662619,0.0,1.0,0.0
1.6909937885020574,1.0083133464093317,-0.3118748978670969,0.2995673072442482,0.14694816520125242,0.0,0.0,1.0
1.2914726115453095,0.2657644079077313,-0.13986052829834278,0.2695831585241374,-0.5107343674758142,0.0,1.0,0.0
-0.8060135674777581,-0.9493156732766498,0.38728028167041983,-0.5000099919587139,-0.07227934569110313,0.0,1.0,0.0
1.241532464425702,1.210826693273408,4.60995561205177,-2.52893738868623,1.415335906792738,1.0,0.0,0.0
-0.8559537145973374,-0.40928008163916413,0.17087510705166464,-0.4400416945184915,0.47578943153978576,0.0,1.0,0.0
-2.25427783394604,-2.7044313460985934,-0.6448059357421049,0.5294457807650995,1.5249496622389158,0.0,0.0,1.0
1.0917120230669073,0.9408088974546268,3.000788928989232,-2.079175157884564,-1.1997351159946459,0.0,1.0,0.0
0.34260981627296266,1.2783311422280745,-0.3507168522858478,0.19962014484387794,1.384017690950973,0.0,1.0,0.0
-0.45643253764056124,-1.1518290201407262,-0.6281593838483545,0.009720536283174605,-0.7456209862890523,0.0,1.0,0.0
-0.3565522434013743,-0.5442889795485355,-1.1386536419233666,0.6293929431654698,-1.1997351159946459,0.0,0.0,1.0
0.9418915817081127,0.40077330581714116,-0.400656507967099,-0.07023719363712203,-1.1840760080737633,0.0,1.0,0.0
-0.7560734203581504,-0.27427118372975434,-0.6670013382671054,0.1496465636436928,-0.04096112984933804,0.0,1.0,0.0
-1.4552354800324874,-1.1518290201407262,-0.7557829483671075,1.408980809888358,1.11781285629597,0.0,1.0,0.0
0.24272952203377574,1.0758177953640367,0.6758205144954267,-0.9997458039605651,0.7889715899574365,0.0,1.0,0.0
-1.5551157742717028,-1.4893512649141738,0.36508487914541926,-0.30011566715797333,-0.36980239618787136,0.0,1.0,0.0
0.6921908461101312,0.40077330581714116,0.5038061449266726,-0.9697616552404539,-1.6538492457002396,0.0,0.0,1.0
1.041771875947328,0.06325106104369341,0.4205733854579206,-1.0097405202006022,1.0708355325333223,1.0,0.0,0.0
0.14284922779458878,-0.07175783686571639,0.4538664892454214,-0.5899624381190469,-1.1214395763902332,0.0,1.0,0.0
0.34260981627296266,-0.3417756326844592,-1.5992082443171276,1.9886743518105052,0.19392548896390005,0.0,1.0,0.0
0.34260981627296266,0.46827775477180766,-1.066518583717115,0.649382375645544,1.1804492879795,0.0,0.0,1.0
1.3414127586648887,1.4133400401374843,0.8256394815391803,-0.7998514791598246,0.7419942661947889,0.0,1.0,0.0
-1.3553551857933004,-1.0168201222313547,-0.13986052829834278,0.4494880508448036,1.0864946404542049,0.0,1.0,0.0
-1.105654450195319,-1.0843245711860596,0.45941533987667155,-0.17018435603749227,0.4131529998562556,0.0,1.0,0.0
1.6909937885020574,1.750862284910932,6.474369424151815,-3.018678484448044,-0.6673254466846396,0.0,0.0,1.0
-1.305415038673721,-0.5442889795485355,0.4483176386141713,-0.67991488427938,-1.2467124397572935,0.0,1.0,0.0
-0.2566719491621874,-0.40928008163916413,-0.8501134090983598,0.4394933346047664,0.7263351582739064,1.0,0.0,0.0
1.8408142298608519,1.8183667338655987,0.4039268335641702,-0.37007868083823275,1.446654122634503,0.0,0.0,1.0
0.4424901105121496,1.4133400401374843,-0.3618145535483481,0.2395990098040259,0.9925399929289095,0.0,1.0,0.0
1.9906346712196465,2.1558889786390463,-0.32297259912959714,0.2595884422841002,1.6502225256059762,0.0,1.0,0.0
1.041771875947328,-0.004253387911011494,-0.04553006756709053,-0.20016850475760306,0.8359489137200842,0.0,0.0,1.0
-0.6561931261189635,-0.07175783686571639,-0.4173030598608494,-0.20016850475760306,-0.5263934753966968,0.0,1.0,0.0
0.24272952203377574,-0.2067667347750878,0.8089929296454299,-1.0597141014007874,0.5071076473815508,0.0,0.0,1.0
-0.2566719491621874,-0.5442889795485355,-0.23419098902959504,0.08967826620347052,0.9612217770871444,0.0,0.0,1.0
-0.2566719491621874,-0.40928008163916413,0.3484383272516689,-0.8498250603600097,1.3370403671883253,0.0,1.0,0.0
-0.15679165492300043,-0.5442889795485355,0.1819728083141649,-0.7198937492395286,0.5384258632233159,1.0,0.0,0.0
1.6909937885020574,1.210826693273408,0.8533837346954309,-1.1696559800411945,1.0551764246124398,1.0,0.0,0.0
0.14284922779458878,-0.07175783686571639,-0.06772547009209105,0.13965184740365566,-1.6538492457002396,0.0,1.0,0.0
0.24272952203377574,1.0083133464093317,0.9366164941641829,-0.8798092090801208,-0.7925983100516999,0.0,1.0,0.0
-0.7560734203581504,-0.47678453059383064,0.4205733854579206,-0.8198409116398986,-1.3250079793617062,0.0,0.0,1.0
-0.506372684760169,-0.7468023264126119,-0.0732743207233412,0.10966769868354485,-1.3719853031243538,0.0,0.0,1.0
-1.5551157742717028,-1.3543423670048025,-0.23419098902959504,0.4794721995649144,-0.7925983100516999,0.0,0.0,1.0
0.9418915817081127,0.6032866526811791,-1.2329841026546189,1.1890970526075433,-1.058803144706703,0.0,0.0,1.0
-0.10685150780339275,-0.6792978774579069,0.15422855515791425,-0.3900681133183064,-0.19755220905816342,0.0,1.0,0.0
-1.8048165098696842,-1.759369060732955,7.179073454320582,-3.438456566529599,1.6502225256059762,0.0,1.0,0.0
0.2926696691533834,1.3458355911827795,-0.739136396473357,1.5089279722887283,0.44447121569802067,0.0,1.0,0.0
-0.506372684760169,-0.40928008163916413,0.8533837346954309,-0.9897510877205279,-0.36980239618787136,0.0,1.0,0.0
0.6422506989905519,0.40077330581714116,-0.9056019154108611,0.7593242542859515,-0.9805076051022904,0.0,1.0,0.0
-1.2554748915541136,-0.6117934285032021,-0.13431167766709265,-0.49001527571867665,1.6502225256059762,0.0,1.0,0.0
0.19278937491416806,1.1433222443187032,-0.43949846238584994,-0.04025304491701052,0.8516080216409667,0.0,1.0,0.0
-1.505175627152095,-1.2868379180500975,-0.1787024827170937,0.30956202348428535,-0.8865529575769951,0.0,0.0,1.0
1.1915923173060943,0.2657644079077313,-0.46169386491085046,0.7593242542859515,0.3035392444100778,0.0,1.0,0.0
-0.45643253764056124,-0.13926228582038291,-0.7835272015233582,1.5389121210088392,1.7128589572895063,0.0,1.0,0.0
-0.5563128318797765,-0.9493156732766498,0.46496419050792165,-0.8997986415601948,1.1334719642168525,1.0,0.0,0.0
-1.4552354800324874,-1.3543423670048025,-1.0609697330858647,1.798774743249802,0.8516080216409667,0.0,1.0,0.0
-1.205534744434506,-1.1518290201407262,-0.7724295002608579,0.42949861836472925,-1.0118258209440554,1.0,0.0,0.0
1.5411733471432911,0.8057999995452554,0.48161074240167207,-0.7698673304397138,-1.3563261952034713,0.0,1.0,0.0
0.3925499633925703,0.8733044484999603,-0.18980018397959397,0.5494352132451739,0.5227667553024333,0.0,1.0,0.0
0.4424901105121496,0.46827775477180766,-0.16760478145459345,-0.2501420859577882,-1.4972581664914142,0.0,1.0,0.0
-1.3553551857933004,-1.0843245711860596,-0.26748409281709584,0.649382375645544,-1.231053331836411,0.0,1.0,0.0
0.6921908461101312,0.7382955505905888,1.2140590257266897,-1.4595027510022685,-0.3071659645043412,0.0,0.0,1.0
-0.5563128318797765,-0.13926228582038291,-0.9777369736171128,1.0591657414870623,0.11562994935948734,0.0,0.0,1.0
1.3913529057844964,1.6833578359562271,0.858932585326681,-1.1596612638011576,-0.651666338763757,0.0,1.0,0.0
0.4424901105121496,0.2657644079077313,0.009958438745410796,-0.09022662611719565,-1.4189626268870015,0.0,1.0,0.0
0.09290908067498112,-0.40928008163916413,-1.1663978950796172,1.359007228688173,1.2274266117421475,0.0,0.0,1.0
-1.305415038673721,-1.0843245711860596,0.23746131462666623,-0.280126234677899,-0.620348122921992,0.0,1.0,0.0
-0.6561931261189635,-0.13926228582038291,-0.9666392723546126,1.049171025247025,0.05299351767595719,0.0,1.0,0.0
0.9918317288277203,-0.07175783686571639,-1.2829237583358701,1.758795878289654,1.3996767988718555,0.0,1.0,0.0
1.3913529057844964,1.5483489380468558,-0.6836478901608558,0.2695831585241374,2.088677547390687,0.0,0.0,1.0
-1.305415038673721,-0.5442889795485355,0.8811279878516816,-1.0597141014007874,0.1782663810430175,0.0,1.0,0.0
0.19278937491416806,-0.2067667347750878,0.24855901588916648,-0.7398831817196023,-0.5733707991593444,0.0,1.0,0.0
1.241532464425702,1.3458355911827795,1.5913808686516986,-1.4694974672423051,1.4936314463971507,0.0,0.0,1.0
-0.8559537145973374,-0.47678453059383064,-0.056627768829590794,0.16963599612376715,-1.606871921937592,1.0,0.0,0.0
1.0917120230669073,0.8733044484999603,-0.8723088116233603,0.6393876594055069,-0.21321131697904597,0.0,1.0,0.0
1.141652170186515,0.8733044484999603,-0.5282800724858521,0.30956202348428535,0.11562994935948734,0.0,0.0,1.0
-1.105654450195319,-1.4893512649141738,-0.8667599609921102,1.6488539996492466,-0.15057488529551583,0.0,1.0,0.0
0.4424901105121496,0.46827775477180766,-0.983285824248363,1.1591129038874326,1.6345634176850936,0.0,0.0,1.0
-1.105654450195319,-1.0843245711860596,0.22081476273291584,-0.3400945321181213,0.6950169424321413,0.0,0.0,1.0
0.6422506989905519,0.7382955505905888,-0.2619352421858457,0.11966241492358203,1.8068136048148016,0.0,0.0,1.0
-0.006971213564205815,-0.6792978774579069,3.5223808883267447,-2.3090536314054155,0.06865262559683973,0.0,1.0,0.0
2.0905149654588335,2.2908978765484176,0.15977740578916438,-0.24014736971775102,-1.2936897635199411,0.0,1.0,0.0
-0.9558340088365244,-1.3543423670048025,-0.9166996166733613,0.8792608491663954,0.7576533741156715,0.0,0.0,1.0
-1.005774155956132,-0.9493156732766498,-0.9056019154108611,1.5688962697289506,1.6658816335268587,0.0,0.0,1.0
0.34260981627296266,1.1433222443187032,-0.22309328776709478,-0.1601896397974551,1.5249496622389158,0.0,1.0,0.0
-0.006971213564205815,-0.27427118372975434,-0.9721881229858627,0.5894140782053218,-1.434621734807884,0.0,1.0,0.0
0.4424901105121496,0.5357822037265125,0.897774539745432,-0.9597669390004171,-0.823916525893465,0.0,1.0,0.0
0.9918317288277203,-0.13926228582038291,-0.0399812169358404,-0.060242477397084854,-1.6538492457002396,0.0,1.0,0.0
-1.305415038673721,-1.0168201222313547,-0.41175420922959927,1.5888857022090244,0.7106760503530238,0.0,0.0,1.0
-0.9058938617169451,-1.1518290201407262,0.15977740578916438,-0.40006282955834355,-0.24452953282081105,0.0,1.0,0.0
0.2926696691533834,-0.3417756326844592,-0.2619352421858457,-0.599957154359084,0.569744079065081,0.0,0.0,1.0
-2.204337686826432,-2.7044313460985934,-0.7946249027858584,1.2390706338077284,-1.6851674615420047,1.0,0.0,0.0
1.5911134942628704,0.9408088974546268,-1.6713433025233793,1.4589543910885432,1.8537909285774492,0.0,1.0,0.0
-0.2566719491621874,-0.6792978774579069,0.897774539745432,-1.1396718313210832,-0.15057488529551583,0.0,0.0,1.0
-0.10685150780339275,-0.47678453059383064,0.30959637283291797,-0.7898567629197875,1.1804492879795,1.0,0.0,0.0
1.2914726115453095,0.2657644079077313,0.41502453482667045,-0.40006282955834355,-0.5263934753966968,1.0,0.0,0.0
-0.506372684760169,0.06325106104369341,2.8509699619454785,-2.029201576684379,0.4601303236189032,1.0,0.0,0.0
0.5423704047513649,0.7382955505905888,-0.3840099560733486,0.05969411748335973,0.8046306978783191,0.0,0.0,1.0
0.4424901105121496,0.46827775477180766,0.38728028167041983,-1.1296771150810465,-1.0744622526275855,1.0,0.0,0.0
0.34260981627296266,-0.3417756326844592,0.009958438745410796,-0.280126234677899,-0.9335302813396428,0.0,1.0,0.0
0.7421309932297389,0.40077330581714116,-0.6392570851108547,0.6993559568457292,-1.2780306555990586,0.0,0.0,1.0
1.1915923173060943,0.670791101635884,-1.1164582393983662,2.758267502293356,1.3526994751092078,0.0,1.0,0.0
1.9906346712196465,2.020880080729675,2.623467086064223,-1.8892755493238602,0.11562994935948734,0.0,1.0,0.0
0.9918317288277203,0.33326885686243624,0.5537458006079238,-0.7098990329994915,-0.21321131697904597,0.0,0.0,1.0
-1.205534744434506,-0.8818112243219832,-0.9666392723546126,1.0591657414870623,0.5540849711441984,0.0,1.0,0.0
-0.10685150780339275,-0.3417756326844592,1.108630863732937,-1.2496137099614908,0.31919835233096033,0.0,1.0,0.0
1.5911134942628704,0.8057999995452554,-0.6226105332171044,0.559429929485211,-1.2936897635199411,0.0,1.0,0.0
0.6422506989905519,-0.004253387911011494,0.6980159170204272,-0.8598197766000468,-1.6851674615420047,0.0,1.0,0.0
1.1915923173060943,1.3458355911827795,-0.3451680016545977,-0.030258328676973353,-1.403303518966119,1.0,0.0,0.0
-0.006971213564205815,-0.27427118372975434,0.43721993735167103,-0.38007339707826926,-0.8552347417352301,0.0,0.0,1.0
-0.6062529789993558,-0.13926228582038291,0.3317917753579185,-0.639936019319232,0.36617567609360796,0.0,1.0,0.0
2.040574818339254,2.2233934275937512,-0.2508375409233454,-0.10022134235723282,-0.9178711734187602,0.0,0.0,1.0
-0.8060135674777581,-0.8818112243219832,-0.6559036370046051,2.0686320817308017,0.1782663810430175,0.0,0.0,1.0
-0.3565522434013743,-0.6117934285032021,0.9088722410079323,-0.8698144928400837,0.19392548896390005,0.0,0.0,1.0
0.24272952203377574,-0.40928008163916413,0.6425274107079259,-0.7898567629197875,-1.1057804684693506,0.0,0.0,1.0
-0.10685150780339275,0.8733044484999603,-0.12321397640459239,0.11966241492358203,-0.04096112984933804,0.0,0.0,1.0
1.0917120230669073,0.8057999995452554,-1.066518583717115,0.9792080115667656,-0.21321131697904597,0.0,0.0,1.0
0.9918317288277203,0.8057999995452554,-0.6725501888983555,0.9492238628466548,-1.4189626268870015,0.0,0.0,1.0
0.6921908461101312,-0.07175783686571639,-0.43949846238584994,0.7193453893258035,-1.3406670872825888,1.0,0.0,0.0
1.1915923173060943,1.2783311422280745,-0.5560243256421027,-0.3400945321181213,1.6345634176850936,0.0,0.0,1.0
-0.506372684760169,0.06325106104369341,-0.3840099560733486,0.02970996876324823,-0.3854615041087539,0.0,1.0,0.0
-0.7560734203581504,-0.3417756326844592,0.12093545137041345,-0.5199994244387881,-1.1370986843111157,0.0,1.0,0.0
0.6921908461101312,0.33326885686243624,-0.2452886902920953,1.2490653500477655,1.4623132305553856,0.0,0.0,1.0
-2.154397539706853,-2.501917999234517,2.08522857483296,-1.759344238203379,-0.4480979357922841,0.0,1.0,0.0
-0.45643253764056124,-1.1518290201407262,-0.6004151306921038,1.2290759175676913,-1.090121360548468,0.0,1.0,0.0
-0.45643253764056124,0.1982599589530648,0.44276878798292113,-0.4800205594786395,2.0730184394698044,0.0,1.0,0.0
-0.40649239052098196,-1.1518290201407262,-0.9721881229858627,1.1791023363675062,-0.056620237770220586,0.0,0.0,1.0
0.24272952203377574,1.0758177953640367,-0.8556622597296099,1.478943823568617,1.0238582087706747,0.0,1.0,0.0
-0.9058938617169451,-1.0843245711860596,-0.8889553635171107,0.30956202348428535,-0.6673254466846396,0.0,1.0,0.0
-1.505175627152095,-1.3543423670048025,-0.7280386952108568,0.7893084030060623,-0.8395756338143475,0.0,0.0,1.0
-0.3565522434013743,-1.0843245711860596,0.015507289376660929,-0.2501420859577882,1.4936314463971507,0.0,0.0,1.0
-0.15679165492300043,-0.6117934285032021,0.9754584485829338,-1.2196295612413797,1.3213812592674428,0.0,1.0,0.0
1.1915923173060943,0.7382955505905888,1.8910188027392056,-1.5494551971626014,0.7576533741156715,0.0,1.0,0.0
1.8907543769804596,1.95337563177497,-0.5393777737483523,0.8292872679662102,-0.8708938496561126,0.0,1.0,0.0
-0.15679165492300043,-0.27427118372975434,-0.6670013382671054,0.5094563482850258,0.976880885008027,0.0,1.0,0.0
-0.45643253764056124,0.2657644079077313,0.05989809442666199,0.3895197534045813,-0.4480979357922841,0.0,1.0,0.0
0.5423704047513649,0.46827775477180766,3.7720791667330005,-2.3290430638854893,-0.4480979357922841,0.0,0.0,1.0
-0.15679165492300043,0.6032866526811791,-0.3451680016545977,0.039704685003285396,-0.3854615041087539,0.0,1.0,0.0
-0.40649239052098196,-0.6792978774579069,0.4205733854579206,-0.6299413030791948,1.3370403671883253,0.0,1.0,0.0
-1.3553551857933004,-1.2868379180500975,0.942165344795433,-0.9397775065203428,1.384017690950973,0.0,0.0,1.0
0.7421309932297389,0.33326885686243624,0.33734062598916864,-0.7198937492395286,1.5249496622389158,0.0,0.0,1.0
0.4424901105121496,-0.004253387911011494,0.731309020807928,-1.3195767236417497,1.4309950147136206,0.0,1.0,0.0
-0.2566719491621874,-0.6117934285032021,-0.3507168522858478,0.7793136867660251,1.8068136048148016,0.0,1.0,0.0
-0.8559537145973374,-1.219333469095431,-0.37291225481084833,0.42949861836472925,-0.5733707991593444,0.0,1.0,0.0
0.5923105518709442,-0.07175783686571639,0.8200906309079301,-1.0297299526806762,-1.2153942239155284,0.0,1.0,0.0
-1.4552354800324874,-1.4893512649141738,0.7867975271204294,-1.2396189937214535,1.149131072137735,0.0,1.0,0.0
-0.45643253764056124,0.33326885686243624,1.108630863732937,-1.259608426201528,-0.5577116912384619,0.0,1.0,0.0
-0.6561931261189635,-1.0168201222313547,-0.3118748978670969,0.24959372604406307,-0.9648484971814079,0.0,1.0,0.0
0.34260981627296266,-0.2067667347750878,0.3262429247266683,-0.6299413030791948,0.6480396186694937,0.0,1.0,0.0
-0.5563128318797765,-0.13926228582038291,5.053863662551781,-2.6088951186065263,-0.29150685658345865,0.0,0.0,1.0
0.04296893355540185,-0.27427118372975434,0.5703923525016742,-0.5499835731588989,-0.8552347417352301,0.0,1.0,0.0
0.2926696691533834,0.40077330581714116,-0.13986052829834278,-0.05024776115704769,-0.32282507242522374,0.0,1.0,0.0
0.7421309932297389,0.40077330581714116,-0.15095822956084304,-0.10022134235723282,0.5540849711441984,1.0,0.0,0.0
-0.9058938617169451,-0.8818112243219832,-0.9888346748796131,0.4195039021246928,-1.6851674615420047,0.0,0.0,1.0
1.141652170186515,1.0758177953640367,-0.2841306447108462,0.1796307123638036,-0.5107343674758142,0.0,1.0,0.0
0.19278937491416806,0.33326885686243624,0.2152659121016657,-0.7198937492395286,-1.2780306555990586,0.0,1.0,0.0
-0.3565522434013743,0.6032866526811791,1.5913808686516986,-1.4894868997223791,-1.6538492457002396,0.0,0.0,1.0
-0.5563128318797765,-0.6117934285032021,-0.944443869829612,0.4394933346047664,1.415335906792738,0.0,1.0,0.0
-0.5563128318797765,-0.6792978774579069,2.1351682305142115,-1.7393548057233048,1.3370403671883253,0.0,0.0,1.0
1.1915923173060943,0.7382955505905888,-0.10656742451084199,0.21960957732395228,0.5540849711441984,0.0,1.0,0.0
-1.0557143030757397,-1.6243601628235453,0.27630326904541713,-0.2201579372376774,0.19392548896390005,0.0,1.0,0.0
1.241532464425702,0.1982599589530648,0.8256394815391803,-0.8398303441199725,-0.651666338763757,0.0,1.0,0.0
1.740933935621665,1.8858711828203034,0.3761825804079195,-0.1601896397974551,-0.24452953282081105,0.0,1.0,0.0
1.5411733471432911,1.5483489380468558,0.46496419050792165,-0.8398303441199725,-0.1035975615328682,0.0,0.0,1.0
-1.2554748915541136,-0.9493156732766498,-0.5504754750108526,0.6094035106853961,-0.36980239618787136,1.0,0.0,0.0
-2.25427783394604,-2.7044313460985934,0.3206940740954182,-0.280126234677899,-1.434621734807884,0.0,1.0,0.0
0.3925499633925703,-0.004253387911011494,-0.3951076573358489,1.26905478252784,1.1021537483750874,0.0,1.0,0.0
1.9406945241000388,2.020880080729675,-0.7280386952108568,0.7493295380459143,-0.4950752595549317,0.0,1.0,0.0
-0.5563128318797765,0.06325106104369341,-0.3063260472358468,0.039704685003285396,-0.7299618783681697,0.0,0.0,1.0
-0.7560734203581504,-1.219333469095431,-1.321765712754621,2.628336191172875,-1.027484928864938,0.0,1.0,0.0
1.0917120230669073,1.0083133464093317,1.030946954895435,-0.599957154359084,0.976880885008027,0.0,1.0,0.0
0.2926696691533834,-0.27427118372975434,1.9354096077892067,-1.9492438467640825,0.39749389193537304,1.0,0.0,0.0
0.4924302576317573,1.0083133464093317,-0.051078918198340664,0.3895197534045813,0.8985853454036143,0.0,0.0,1.0
1.4912332000236834,0.8057999995452554,-0.2508375409233454,-0.30011566715797333,-0.6360072308428746,0.0,1.0,0.0
-0.506372684760169,-0.9493156732766498,-0.8945042141483608,0.7793136867660251,0.8672671295618493,0.0,1.0,0.0
0.9418915817081127,0.2657644079077313,0.9366164941641829,-1.5194710484424903,-1.4189626268870015,0.0,1.0,0.0
1.0917120230669073,1.0083133464093317,-0.5005358193296015,0.4494880508448036,0.08431173351772227,0.0,0.0,1.0
1.8907543769804596,1.8183667338655987,-0.4339496117545998,-0.18017907227752872,1.2587448275839126,0.0,1.0,0.0
-1.1555945973149266,-0.27427118372975434,-0.056627768829590794,-0.4800205594786395,0.7106760503530238,0.0,1.0,0.0
1.0917120230669073,1.0083133464093317,1.7966883420079536,-1.4295186022821573,-0.3541432882669888,0.0,0.0,1.0
-1.205534744434506,-1.0168201222313547,-0.9943835255108632,0.8592714166863218,-0.47941615163404916,0.0,0.0,1.0
0.04296893355540185,-0.6792978774579069,0.4039268335641702,-0.6999043167594543,-1.1527577922319983,0.0,0.0,1.0
0.3925499633925703,0.40077330581714116,0.7202113195454277,-1.1596612638011576,-0.4480979357922841,0.0,0.0,1.0
1.0917120230669073,0.7382955505905888,-0.5116335205921017,1.2090864850876175,1.0395173166915572,0.0,1.0,0.0
1.8907543769804596,1.95337563177497,-0.9555415710921122,0.9892027278068027,1.3213812592674428,0.0,1.0,0.0
-0.7560734203581504,-0.8818112243219832,-0.4949869686983513,0.3895197534045813,-1.2467124397572935,1.0,0.0,0.0
-0.6561931261189635,-0.07175783686571639,0.6369785600766757,-1.0896982501208983,1.3683585830300904,0.0,0.0,1.0
-1.605055921391282,-1.3543423670048025,-0.8223691559421091,1.438964958608469,-1.4189626268870015,0.0,1.0,0.0
0.5423704047513649,0.13075550999835991,-0.4672427155421006,1.528917404768802,-1.5442354902540618,0.0,1.0,0.0
-1.305415038673721,-1.1518290201407262,1.3028406358266917,-1.1096876826009725,0.9142444533244969,0.0,0.0,1.0
-0.7061332732385428,-0.07175783686571639,0.13758200326416384,-0.29012095091793616,-1.2153942239155284,0.0,1.0,0.0
0.9918317288277203,0.670791101635884,0.1320331526329137,-0.38007339707826926,-1.5598945981749444,0.0,1.0,0.0
1.1915923173060943,1.210826693273408,-0.4783404168046009,0.2096148610839151,-0.04096112984933804,0.0,0.0,1.0
-0.6062529789993558,-0.13926228582038291,-0.16760478145459345,-0.38007339707826926,-0.7925983100516999,0.0,1.0,0.0
-1.2554748915541136,-0.8143067753672784,0.2652055677829169,-0.510004708198751,0.9142444533244969,0.0,1.0,0.0
-1.105654450195319,-1.759369060732955,-0.2841306447108462,-0.3900681133183064,-0.7925983100516999,0.0,0.0,1.0
-0.9058938617169451,-0.6792978774579069,-0.5171823712233518,0.5794193619652847,-0.43243882787140153,0.0,0.0,1.0
0.4424901105121496,0.5357822037265125,-0.2563863915545956,0.5794193619652847,-0.7925983100516999,0.0,1.0,0.0
0.34260981627296266,0.40077330581714116,1.0032027017391845,-0.9697616552404539,-0.18189310113728088,0.0,1.0,0.0
0.34260981627296266,0.33326885686243624,-0.5060846699608516,-0.18017907227752872,1.7285180652103889,0.0,1.0,0.0
-0.6062529789993558,-0.004253387911011494,-0.8334668572046093,0.959218579086692,0.6480396186694937,0.0,1.0,0.0
-1.305415038673721,-0.5442889795485355,-0.4450473130171001,-0.21016322099764023,1.3057221513465602,0.0,1.0,0.0
-1.1555945973149266,-0.8818112243219832,-0.3340703003920974,0.5694246457252482,-0.2288704248999285,0.0,1.0,0.0
0.4424901105121496,0.40077330581714116,0.3262429247266683,-0.46003112699856585,1.2274266117421475,0.0,1.0,0.0
-0.9058938617169451,-1.4893512649141738,0.24301016525791636,-0.3400945321181213,1.211767503821265,0.0,0.0,1.0
-0.9058938617169451,-1.219333469095431,-0.5171823712233518,-0.18017907227752872,-0.7299618783681697,0.0,1.0,0.0
2.0905149654588335,2.3584023255031226,-0.567122026904603,0.7193453893258035,-0.08793845361198566,0.0,0.0,1.0
-0.006971213564205815,-0.6117934285032021,1.902116504001706,-1.6194182108428605,-0.36980239618787136,0.0,1.0,0.0
0.6422506989905519,0.40077330581714116,0.20416821083916545,-0.9597669390004171,-0.24452953282081105,0.0,1.0,0.0
1.7908740827412726,1.6158533870015224,-0.5726708775358531,0.559429929485211,-1.5442354902540618,1.0,0.0,0.0
0.09290908067498112,0.06325106104369341,0.44276878798292113,-0.8698144928400837,-1.090121360548468,0.0,0.0,1.0
0.8919514345885334,0.40077330581714116,-1.9265904315608855,2.888198813413838,0.42881210777713813,0.0,1.0,0.0
0.09290908067498112,-0.3417756326844592,-0.5837685787983534,1.1491181876473953,1.2744039355047951,0.0,0.0,1.0
-0.15679165492300043,-0.27427118372975434,-0.5893174294296035,0.959218579086692,0.3348574602518429,1.0,0.0,0.0
-1.704936215630469,-1.759369060732955,0.026604990639161195,0.22960429356398873,0.976880885008027,0.0,0.0,1.0
-0.7560734203581504,-0.40928008163916413,-0.694745591423356,0.6693718081256184,-0.08793845361198566,1.0,0.0,0.0
-1.305415038673721,-0.9493156732766498,-0.7113921433171064,0.6293929431654698,0.47578943153978576,0.0,1.0,0.0
-1.305415038673721,-0.8818112243219832,-0.8723088116233603,0.9892027278068027,0.6793578345112588,0.0,0.0,1.0
-0.6561931261189635,-0.3417756326844592,0.7424067220704282,-0.9197880740402689,0.5227667553024333,0.0,1.0,0.0
2.0905149654588335,2.3584023255031226,-0.5615731762733529,1.0091921602868772,-0.11925666945375074,0.0,1.0,0.0
1.1915923173060943,0.7382955505905888,-0.3063260472358468,0.5894140782053218,0.9612217770871444,0.0,1.0,0.0
2.140455112578441,2.3584023255031226,-0.6836478901608558,0.8092978354861367,0.9299035612453793,0.0,0.0,1.0
-0.5563128318797765,-0.004253387911011494,-0.8945042141483608,0.9292344303665805,-1.403303518966119,0.0,1.0,0.0
0.4924302576317573,-0.2067667347750878,-1.3939007709608728,1.8387536082099498,0.8516080216409667,0.0,0.0,1.0
0.14284922779458878,0.9408088974546268,1.2196078763579397,-1.5194710484424903,-1.1527577922319983,0.0,1.0,0.0
-0.10685150780339275,-0.40928008163916413,-0.7280386952108568,0.559429929485211,0.7576533741156715,0.0,1.0,0.0
0.24272952203377574,0.8057999995452554,-1.4937800823233751,2.7482727860533194,1.5719269860015634,0.0,1.0,0.0
-0.45643253764056124,-0.8143067753672784,1.030946954895435,-1.3395661561218237,1.0081991008497921,0.0,0.0,1.0
-0.5563128318797765,-0.7468023264126119,-0.4783404168046009,0.07968354996343335,-1.5129172744122967,0.0,1.0,0.0
-0.45643253764056124,-0.07175783686571639,-0.5338289231171022,0.02970996876324823,-1.6851674615420047,1.0,0.0,0.0
-0.8060135674777581,-1.0168201222313547,0.20416821083916545,-1.259608426201528,-0.823916525893465,0.0,0.0,1.0
1.041771875947328,0.5357822037265125,0.31514522346416807,-0.29012095091793616,-1.0118258209440554,0.0,1.0,0.0
0.3925499633925703,1.4808444890921508,0.6924670663891771,-1.4295186022821573,0.6636987265903762,0.0,0.0,1.0
-1.1555945973149266,-1.69186461177825,-0.8889553635171107,0.329551455964359,0.05299351767595719,0.0,1.0,0.0
0.4424901105121496,0.670791101635884,-0.5948662800608536,0.8092978354861367,-0.7612800942099348,0.0,1.0,0.0
1.8907543769804596,2.020880080729675,-0.9666392723546126,1.9886743518105052,1.5249496622389158,0.0,1.0,0.0
0.3925499633925703,1.210826693273408,2.1573636330392123,-1.819312535643601,1.587586093922446,0.0,1.0,0.0
1.6909937885020574,1.1433222443187032,-0.13431167766709265,0.4195039021246928,0.9455626691662619,0.0,0.0,1.0
0.9418915817081127,-0.27427118372975434,-0.7169409939483565,0.8992502816464697,1.8068136048148016,0.0,1.0,0.0
-0.6561931261189635,0.13075550999835991,-0.5726708775358531,0.7493295380459143,-1.1840760080737633,0.0,1.0,0.0
1.1915923173060943,0.9408088974546268,-0.028883515673340132,0.009720536283174605,-1.0431440367858205,0.0,0.0,1.0
1.241532464425702,0.6032866526811791,-1.0165789280358637,1.5489068372488763,-0.1035975615328682,1.0,0.0,0.0
-1.305415038673721,-1.1518290201407262,-0.8001737534171085,0.8692661329263589,-1.3563261952034713,0.0,1.0,0.0
1.3414127586648887,0.33326885686243624,0.06544694505791213,-0.4100575457983807,-1.5912128140167094,0.0,1.0,0.0
1.6909937885020574,1.8858711828203034,-0.11766512577334225,-0.1302054910773436,-0.07227934569110313,0.0,0.0,1.0
-0.9558340088365244,-1.4893512649141738,-0.13986052829834278,0.3495408884444333,-0.4637570437131666,0.0,0.0,1.0
-1.6549960685108898,-1.2868379180500975,-0.06217661946084093,0.6293929431654698,1.4936314463971507,1.0,0.0,0.0
-1.005774155956132,-1.2868379180500975,-0.5504754750108526,0.36953032092450766,-1.1057804684693506,1.0,0.0,0.0
1.8907543769804596,1.750862284910932,-0.739136396473357,0.7093506730857664,0.8516080216409667,0.0,0.0,1.0
1.0917120230669073,1.0083133464093317,0.04880039316416172,-0.7598726141996767,-0.416779719950519,0.0,1.0,0.0
-0.10685150780339275,0.8057999995452554,-0.944443869829612,0.6193982269254332,0.601062294906846,0.0,1.0,0.0
-0.8060135674777581,-0.8143067753672784,-1.0387743305608643,1.6688434321293208,-1.3093488714408237,0.0,1.0,0.0
1.9406945241000388,1.8183667338655987,-0.7668806496296078,0.99919744404684,0.3348574602518429,1.0,0.0,0.0
0.34260981627296266,0.13075550999835991,0.5537458006079238,-0.8598197766000468,-0.9335302813396428,0.0,1.0,0.0
-0.2566719491621874,-0.47678453059383064,-0.3451680016545977,0.039704685003285396,0.47578943153978576,0.0,1.0,0.0
1.6410536413824781,1.8183667338655987,0.5703923525016742,-0.639936019319232,-0.056620237770220586,0.0,0.0,1.0
-0.40649239052098196,-1.0843245711860596,-0.35626570291709797,-0.1302054910773436,-1.3406670872825888,0.0,1.0,0.0
-0.5563128318797765,-0.004253387911011494,-0.10656742451084199,-0.4400416945184915,-0.9335302813396428,0.0,0.0,1.0
0.4424901105121496,0.46827775477180766,-0.12321397640459239,0.16963599612376715,1.6032452018433285,0.0,1.0,0.0
0.6921908461101312,0.670791101635884,0.897774539745432,-1.1596612638011576,0.3035392444100778,0.0,1.0,0.0
0.8420112874689257,0.46827775477180766,0.5648435018704241,-0.8098461953998617,1.3213812592674428,0.0,1.0,0.0
-0.9558340088365244,-0.6792978774579069,-0.5615731762733529,0.13965184740365566,-0.7456209862890523,1.0,0.0,0.0
-1.9046968041088712,-1.8943779586423264,-1.0165789280358637,0.3595356046844705,-1.3406670872825888,0.0,1.0,0.0
0.7421309932297389,0.33326885686243624,-0.006688113148339602,0.42949861836472925,-1.0118258209440554,1.0,0.0,0.0
-1.3553551857933004,-1.1518290201407262,-0.18425133334834384,-0.30011566715797333,-0.8395756338143475,1.0,0.0,0.0
-0.10685150780339275,0.13075550999835991,0.18752165894541503,-0.6699201680393435,0.9455626691662619,1.0,0.0,0.0
-1.0557143030757397,-1.4893512649141738,-0.9222484673046115,1.0191868765269143,0.3505165681727254,0.0,1.0,0.0
-0.9558340088365244,-0.8818112243219832,-0.06772547009209105,0.2995673072442482,-0.8082574179725824,0.0,0.0,1.0
-1.605055921391282,-1.69186461177825,-0.3840099560733486,0.5894140782053218,0.3818347840144905,0.0,0.0,1.0
0.34260981627296266,0.670791101635884,-0.4284007611233497,0.18962542860384077,0.28788013648919525,0.0,1.0,0.0
-1.105654450195319,-1.759369060732955,1.1807659219391888,-1.3895397373220089,-0.8708938496561126,0.0,0.0,1.0
-1.205534744434506,-0.6117934285032021,-0.8057226040483587,0.99919744404684,-0.7143027704472872,0.0,1.0,0.0
-1.005774155956132,-1.4893512649141738,-0.2619352421858457,0.01971525252321177,1.3996767988718555,0.0,0.0,1.0
-0.6561931261189635,-0.2067667347750878,0.4982572942954225,-1.2096348450013428,0.44447121569802067,0.0,0.0,1.0
1.3414127586648887,0.46827775477180766,0.3206940740954182,0.18962542860384077,-1.4502808427287666,0.0,1.0,0.0
-0.6561931261189635,-0.27427118372975434,0.6369785600766757,-0.5699730056389732,0.44447121569802067,1.0,0.0,0.0
-0.40649239052098196,-0.8143067753672784,-0.20089788524209423,-0.26013680219782537,0.021675301834192112,0.0,0.0,1.0
-0.20673180204257968,0.6032866526811791,-0.3618145535483481,-0.030258328676973353,-0.6829845546055221,0.0,0.0,1.0
0.3925499633925703,0.1982599589530648,-0.006688113148339602,-0.3900681133183064,1.415335906792738,0.0,1.0,0.0
0.2926696691533834,0.2657644079077313,-0.7668806496296078,0.2595884422841002,0.09997084143860481,0.0,1.0,0.0
-1.205534744434506,-1.0168201222313547,0.770150975226679,-0.5799677218790097,0.09997084143860481,0.0,1.0,0.0
0.09290908067498112,-0.3417756326844592,1.0531423574204357,-1.1596612638011576,0.36617567609360796,0.0,1.0,0.0
-1.3553551857933004,-1.219333469095431,1.191863623201689,-1.3195767236417497,0.27222102856831276,0.0,1.0,0.0
-0.506372684760169,-0.004253387911011494,0.7368578714391781,-0.67991488427938,0.569744079065081,0.0,1.0,0.0
-0.5563128318797765,0.1982599589530648,0.24301016525791636,-0.7398831817196023,1.9164273602609794,0.0,1.0,0.0
-0.8060135674777581,-0.5442889795485355,-1.1331047912921166,1.3490125124481358,0.9455626691662619,0.0,1.0,0.0
-0.5563128318797765,-1.219333469095431,-0.16205593082334332,0.3495408884444333,-0.9648484971814079,0.0,1.0,0.0
1.0917120230669073,1.1433222443187032,0.20416821083916545,-0.599957154359084,-1.2467124397572935,0.0,0.0,1.0
1.241532464425702,0.2657644079077313,-0.650354786373355,0.18962542860384077,0.7576533741156715,1.0,0.0,0.0
2.0905149654588335,2.2908978765484176,0.5537458006079238,-0.7298884654795651,-0.6986436625264046,0.0,1.0,0.0
1.0917120230669073,0.40077330581714116,-1.0609697330858647,0.8392819842062474,0.8359489137200842,0.0,1.0,0.0
-0.9558340088365244,-0.7468023264126119,-1.2551795051796195,1.0591657414870623,0.006016193913309572,0.0,1.0,0.0
0.4424901105121496,0.6032866526811791,-0.3451680016545977,0.1496465636436928,-0.11925666945375074,0.0,1.0,0.0
0.14284922779458878,-0.40928008163916413,-0.3840099560733486,-0.6499307355592692,0.6323805107486111,0.0,1.0,0.0
0.34260981627296266,-0.27427118372975434,-0.7557829483671075,1.129128755167321,1.0395173166915572,1.0,0.0,0.0
-0.6062529789993558,-0.2067667347750878,-1.1275559406608664,1.0291815927669508,-0.996166713023173,0.0,1.0,0.0
0.19278937491416806,-0.07175783686571639,-0.5782197281671032,1.478943823568617,-0.589029907080227,0.0,1.0,0.0
1.2914726115453095,0.1982599589530648,1.0087515523704347,-1.259608426201528,-0.4480979357922841,1.0,0.0,0.0
-0.15679165492300043,0.8057999995452554,-1.0387743305608643,1.2090864850876175,1.0708355325333223,0.0,1.0,0.0
1.8408142298608519,1.95337563177497,-0.15650708019209317,0.09967298244350768,-1.1684169001528808,0.0,0.0,1.0
-1.2554748915541136,-0.9493156732766498,0.858932585326681,-1.2895925749216386,-1.1214395763902332,0.0,1.0,0.0
1.141652170186515,0.06325106104369341,-0.1454093789295929,0.039704685003285396,-1.3406670872825888,0.0,1.0,0.0
0.24272952203377574,0.40077330581714116,2.279438346926715,-1.9692332792441565,1.5719269860015634,0.0,1.0,0.0
-1.3553551857933004,-0.8143067753672784,0.04880039316416172,0.1296571311636185,0.5071076473815508,0.0,0.0,1.0
0.7421309932297389,0.33326885686243624,-0.5782197281671032,0.45948276708484076,0.42881210777713813,0.0,1.0,0.0
2.0905149654588335,2.2908978765484176,1.1141797143641872,-1.1796506962812316,-0.4637570437131666,0.0,1.0,0.0
1.6909937885020574,1.8858711828203034,-0.5005358193296015,0.3895197534045813,-0.21321131697904597,0.0,1.0,0.0
-0.9558340088365244,-1.4893512649141738,-0.8889553635171107,0.9092449978865069,0.42881210777713813,0.0,1.0,0.0
-1.8048165098696842,-1.759369060732955,-0.15095822956084304,-0.3201050996380477,-0.9648484971814079,0.0,1.0,0.0
0.7920711403493464,0.8057999995452554,-0.6891967407921059,0.649382375645544,-0.40112061202963645,0.0,0.0,1.0
-0.30661209628179503,-0.6117934285032021,-1.3051191608608705,1.049171025247025,0.7106760503530238,0.0,1.0,0.0
-0.8559537145973374,-0.6792978774579069,-1.110909388767116,1.8787324731700978,-1.1370986843111157,0.0,1.0,0.0
0.34260981627296266,0.33326885686243624,0.3040475222016678,-0.8997986415601948,1.384017690950973,0.0,0.0,1.0
-1.3553551857933004,-1.4893512649141738,-0.8556622597296099,0.4394933346047664,0.9612217770871444,0.0,1.0,0.0
0.04296893355540185,-0.6117934285032021,1.064240058682936,-0.9597669390004171,-0.24452953282081105,0.0,0.0,1.0
0.4924302576317573,-0.27427118372975434,-0.7890760521546083,0.7993031192460994,0.42881210777713813,0.0,0.0,1.0
0.2926696691533834,0.06325106104369341,-0.3007771966045966,0.9892027278068027,-1.3876444110452364,0.0,1.0,0.0
-1.3553551857933004,-0.8818112243219832,0.29294982093916755,-0.5599782893989361,0.7889715899574365,0.0,1.0,0.0
0.6921908461101312,0.670791101635884,-0.3840099560733486,0.05969411748335973,-0.3384841803461063,0.0,1.0,0.0
-0.05691136068381348,-0.004253387911011494,-0.7613317989983577,0.46947748332487793,1.5092905543180333,0.0,1.0,0.0
-0.9558340088365244,-1.5568557138688788,0.9199699422704325,-1.0896982501208983,0.021675301834192112,0.0,1.0,0.0
-0.6561931261189635,-0.27427118372975434,-0.8723088116233603,0.8092978354861367,1.2274266117421475,0.0,0.0,1.0
1.0917120230669073,1.0758177953640367,0.3040475222016678,-0.3201050996380477,-0.40112061202963645,1.0,0.0,0.0
-0.7061332732385428,-0.07175783686571639,-0.4339496117545998,0.5694246457252482,-0.9178711734187602,0.0,1.0,0.0
-0.45643253764056124,0.40077330581714116,0.3484383272516689,-0.030258328676973353,0.569744079065081,0.0,1.0,0.0
0.9918317288277203,0.2657644079077313,0.28740097030791745,-1.0197352364406391,-0.04096112984933804,0.0,1.0,0.0
-1.5551157742717028,-1.3543423670048025,-1.2274352520233687,1.3490125124481358,-0.3071659645043412,1.0,0.0,0.0
0.3925499633925703,-0.07175783686571639,-0.5282800724858521,0.599408794445359,1.1334719642168525,0.0,0.0,1.0
0.6921908461101312,0.46827775477180766,1.3694268434016932,-1.3895397373220089,0.24090281272654765,0.0,1.0,0.0
0.8919514345885334,0.8733044484999603,0.06544694505791213,-0.4200522620384179,-0.7299618783681697,0.0,1.0,0.0
-1.1555945973149266,-0.3417756326844592,2.706699845532975,-2.0192068604443416,-1.0744622526275855,0.0,0.0,1.0
1.2914726115453095,0.13075550999835991,-1.1885932976046178,2.238542257811431,-0.24452953282081105,0.0,1.0,0.0
-0.3565522434013743,-1.0168201222313547,-0.7224898445796067,0.4794721995649144,-0.26018864074169357,0.0,1.0,0.0
-1.005774155956132,-0.9493156732766498,-0.32297259912959714,0.24959372604406307,-0.8395756338143475,0.0,1.0,0.0
-1.4552354800324874,-1.4218468159595072,-1.0942628368733656,0.9092449978865069,1.11781285629597,0.0,1.0,0.0
0.34260981627296266,-0.27427118372975434,-0.18980018397959397,-0.510004708198751,-1.575553706095827,0.0,1.0,0.0
-0.9558340088365244,-1.6243601628235453,-0.9721881229858627,1.3789966611682467,0.3348574602518429,0.0,1.0,0.0
-0.9058938617169451,-1.0843245711860596,-1.27182605707337,2.098616230450913,1.2744039355047951,0.0,1.0,0.0
-0.30661209628179503,-0.004253387911011494,-0.15095822956084304,0.3195567397243225,-0.9491893892605253,0.0,0.0,1.0
-0.6062529789993558,-0.9493156732766498,-0.2952283459733465,0.18962542860384077,-0.24452953282081105,0.0,0.0,1.0
-1.305415038673721,-1.0168201222313547,3.1117659416142347,-2.3090536314054155,1.0708355325333223,0.0,1.0,0.0
0.19278937491416806,0.13075550999835991,0.40947568419542035,-0.3101103833980105,1.932086468181862,0.0,0.0,1.0
1.1915923173060943,0.9408088974546268,0.13758200326416384,-0.5000099919587139,0.2252437048056651,0.0,1.0,0.0
-1.205534744434506,-0.40928008163916413,-1.1830444469733676,0.9792080115667656,1.4309950147136206,0.0,1.0,0.0
-1.305415038673721,-1.0843245711860596,-0.5837685787983534,-0.01026889619689973,-1.6538492457002396,0.0,1.0,0.0
0.19278937491416806,-0.13926228582038291,-0.8001737534171085,0.8092978354861367,1.4623132305553856,0.0,1.0,0.0
-0.05691136068381348,-0.3417756326844592,1.2917429345641913,-1.6494023595629717,0.9299035612453793,0.0,1.0,0.0
1.4912332000236834,1.8183667338655987,2.6900532936392247,-2.0092121442043047,-0.08793845361198566,0.0,1.0,0.0
0.9918317288277203,0.8057999995452554,1.696809030645451,-1.2696031424415646,-0.9805076051022904,0.0,1.0,0.0
-0.506372684760169,0.13075550999835991,0.4927084436641723,-0.4200522620384179,-0.6829845546055221,0.0,0.0,1.0
0.09290908067498112,-0.3417756326844592,0.13758200326416384,-0.6599254517993064,1.1804492879795,0.0,0.0,1.0
0.34260981627296266,0.1982599589530648,-0.03443236630459026,-0.4400416945184915,1.415335906792738,0.0,1.0,0.0
-0.3565522434013743,-0.9493156732766498,-0.31742374849834704,-0.24014736971775102,0.3818347840144905,0.0,1.0,0.0
1.740933935621665,1.210826693273408,-0.48943811806710114,0.5194510645250631,1.0238582087706747,0.0,1.0,0.0
1.8907543769804596,1.6833578359562271,-0.9499927204608621,1.2590600662878026,0.24090281272654765,0.0,1.0,0.0
0.4424901105121496,0.46827775477180766,-1.0387743305608643,0.6393876594055069,1.6345634176850936,0.0,1.0,0.0
-0.5563128318797765,-0.07175783686571639,-0.9222484673046115,1.2090864850876175,0.006016193913309572,0.0,1.0,0.0
1.241532464425702,0.2657644079077313,-0.6226105332171044,0.6793665243656548,1.11781285629597,0.0,1.0,0.0
1.9906346712196465,1.95337563177497,-0.2452886902920953,0.6593770918855812,-1.6851674615420047,1.0,0.0,0.0
-0.9558340088365244,-0.8143067753672784,3.699944108526749,-2.3690219288456373,1.3683585830300904,0.0,0.0,1.0
2.0905149654588335,2.4259067744578275,-0.15095822956084304,-0.6599254517993064,0.601062294906846,0.0,0.0,1.0
0.24272952203377574,1.1433222443187032,-0.522731221854602,0.4794721995649144,-0.3854615041087539,0.0,1.0,0.0
1.241532464425702,0.7382955505905888,1.7245532838017017,-1.6693917920430457,1.4936314463971507,1.0,0.0,0.0
1.740933935621665,1.3458355911827795,1.2029613244641892,-1.0297299526806762,-1.2467124397572935,0.0,1.0,0.0
2.140455112578441,2.4259067744578275,-0.2785817940795961,0.02970996876324823,1.384017690950973,0.0,0.0,1.0
1.3414127586648887,1.4808444890921508,-0.5560243256421027,0.24959372604406307,0.8829262374827318,0.0,0.0,1.0
1.9406945241000388,2.08838452968438,-1.0887139862421154,2.138595095411061,-1.465939950649649,0.0,0.0,1.0
1.0917120230669073,0.40077330581714116,-1.0720674343483652,0.919239714126544,0.4131529998562556,0.0,0.0,1.0
-0.2566719491621874,-0.5442889795485355,-1.2496306545483693,2.1785739603712084,-0.9805076051022904,0.0,0.0,1.0
0.19278937491416806,1.2783311422280745,-1.1331047912921166,1.8287588919699127,-1.5442354902540618,0.0,0.0,1.0
0.14284922779458878,1.0083133464093317,0.7091136182829275,-1.1196823988410094,-0.8082574179725824,0.0,1.0,0.0
2.1903952596980205,2.493411223412494,0.3761825804079195,-0.6499307355592692,-1.606871921937592,0.0,1.0,0.0
-0.9058938617169451,-1.0843245711860596,0.7035647676516774,-0.5399888569188618,-0.5263934753966968,0.0,1.0,0.0
1.0917120230669073,0.40077330581714116,-1.0720674343483652,0.7493295380459143,0.021675301834192112,0.0,1.0,0.0
0.34260981627296266,0.1982599589530648,-0.4505961636483502,-0.0002741799568625625,1.556267878080681,0.0,1.0,0.0
-1.605055921391282,-1.4218468159595072,1.6857113293829509,-1.4794921834823425,0.13128905728036988,0.0,0.0,1.0
0.04296893355540185,1.0758177953640367,0.7479555727016785,-1.0397246689207131,-0.3541432882669888,1.0,0.0,0.0
-0.7560734203581504,-0.5442889795485355,2.4625504177579693,-1.9792279954841936,0.09997084143860481,0.0,1.0,0.0
-1.205534744434506,-0.27427118372975434,0.7202113195454277,-0.7898567629197875,0.7419942661947889,1.0,0.0,0.0
0.4924302576317573,0.8733044484999603,0.3206940740954182,-0.08023190987715847,-0.651666338763757,1.0,0.0,0.0
-0.6561931261189635,-0.004253387911011494,0.5426480993454236,-0.8198409116398986,-1.027484928864938,0.0,1.0,0.0
-0.9558340088365244,-1.219333469095431,-1.0942628368733656,0.8092978354861367,-0.8395756338143475,0.0,0.0,1.0
0.4424901105121496,0.2657644079077313,-0.9111507660421112,0.46947748332487793,-0.32282507242522374,0.0,0.0,1.0
0.4924302576317573,0.6032866526811791,1.519245810445447,-1.1496665475611205,1.3996767988718555,0.0,1.0,0.0
1.041771875947328,0.7382955505905888,-0.4949869686983513,1.1591129038874326,-0.3384841803461063,0.0,0.0,1.0
0.3925499633925703,-0.3417756326844592,-0.32297259912959714,0.4494880508448036,-0.9178711734187602,0.0,0.0,1.0
-0.9058938617169451,-0.8143067753672784,-0.3840099560733486,0.329551455964359,-0.7299618783681697,1.0,0.0,0.0
-0.5563128318797765,0.06325106104369341,0.22636361336416597,-0.27013151843786254,-0.11925666945375074,0.0,1.0,0.0
-1.2554748915541136,-0.40928008163916413,-0.20089788524209423,0.05969411748335973,0.569744079065081,0.0,1.0,0.0
-0.506372684760169,-0.40928008163916413,-0.6670013382671054,0.8292872679662102,-0.26018864074169357,0.0,1.0,0.0
-0.30661209628179503,0.5357822037265125,0.4927084436641723,0.01971525252321177,0.05299351767595719,0.0,0.0,1.0
-0.9058938617169451,-0.6792978774579069,0.12648430200166358,-0.23015265347771385,-1.1214395763902332,1.0,0.0,0.0
-0.6062529789993558,-0.6117934285032021,-0.8112714546796088,1.2590600662878026,0.9299035612453793,0.0,1.0,0.0
-0.506372684760169,0.06325106104369341,-0.6836478901608558,0.5894140782053218,-0.9491893892605253,0.0,1.0,0.0
0.6921908461101312,0.7382955505905888,-0.2508375409233454,0.18962542860384077,0.5384258632233159,0.0,1.0,0.0
1.6909937885020574,1.3458355911827795,1.1585705194141882,-1.1596612638011576,1.446654122634503,0.0,0.0,1.0
0.34260981627296266,0.40077330581714116,-0.18980018397959397,0.05969411748335973,1.11781285629597,1.0,0.0,0.0
-0.9058938617169451,-1.4218468159595072,0.06544694505791213,-0.40006282955834355,1.2274266117421475,0.0,1.0,0.0
1.6909937885020574,1.2783311422280745,-0.16205593082334332,0.21960957732395228,-1.1214395763902332,0.0,0.0,1.0
-1.704936215630469,-1.6243601628235453,1.4970504079204463,-1.4894868997223791,-0.3384841803461063,0.0,1.0,0.0
-1.0557143030757397,-0.6792978774579069,-0.051078918198340664,0.08967826620347052,-1.027484928864938,0.0,0.0,1.0
1.7908740827412726,1.8183667338655987,0.8866768384829318,-0.8498250603600097,-0.04096112984933804,0.0,0.0,1.0
-0.7061332732385428,-1.1518290201407262,0.27630326904541713,-0.5899624381190469,1.0395173166915572,0.0,0.0,1.0
-1.205534744434506,-1.0843245711860596,0.9088722410079323,-0.8598197766000468,1.5249496622389158,1.0,0.0,0.0
1.3414127586648887,1.6158533870015224,-0.3451680016545977,0.6293929431654698,2.2452686265995125,0.0,1.0,0.0
0.09290908067498112,1.0758177953640367,-0.23973983966084517,0.10966769868354485,-0.7456209862890523,1.0,0.0,0.0
-1.1555945973149266,-1.2868379180500975,3.6056136477954968,-2.4389849425258965,1.2274266117421475,0.0,0.0,1.0
0.8919514345885334,0.5357822037265125,-0.9666392723546126,0.8192925517261738,1.4309950147136206,0.0,0.0,1.0
0.04296893355540185,0.40077330581714116,1.4970504079204463,-1.5694446296426754,-0.16623399321639837,0.0,1.0,0.0
0.34260981627296266,1.2783311422280745,-1.1331047912921166,1.7088222970894689,1.3526994751092078,0.0,1.0,0.0
-1.605055921391282,-1.4893512649141738,0.858932585326681,-0.6999043167594543,0.11562994935948734,0.0,0.0,1.0
0.8919514345885334,0.40077330581714116,0.07099579568916226,-0.4100575457983807,-0.16623399321639837,0.0,0.0,1.0
0.3925499633925703,1.1433222443187032,-0.27303294344834594,0.6393876594055069,1.7128589572895063,0.0,1.0,0.0
0.09290908067498112,1.0758177953640367,-0.9277973179358616,0.919239714126544,1.3683585830300904,0.0,1.0,0.0
-0.6062529789993558,-0.9493156732766498,1.8466279976892046,-1.749349521963342,-0.40112061202963645,0.0,1.0,0.0
-0.10685150780339275,-0.3417756326844592,-0.2452886902920953,-0.04025304491701052,-1.5285763823331793,0.0,1.0,0.0
-0.7560734203581504,-0.8818112243219832,0.38728028167041983,-0.470025843238603,0.14694816520125242,0.0,1.0,0.0
0.4924302576317573,0.5357822037265125,2.4181596127079685,-2.029201576684379,-1.4189626268870015,0.0,1.0,0.0
1.041771875947328,0.33326885686243624,-0.8334668572046093,0.959218579086692,0.9612217770871444,0.0,1.0,0.0
1.141652170186515,0.9408088974546268,-1.0776162849796151,0.7593242542859515,-0.6360072308428746,0.0,0.0,1.0
-0.7560734203581504,-0.27427118372975434,0.1819728083141649,-0.6999043167594543,0.3035392444100778,0.0,0.0,1.0
0.34260981627296266,0.670791101635884,-0.9000530647796109,0.9892027278068027,0.2565619206474302,0.0,1.0,0.0
0.14284922779458878,0.1982599589530648,-1.0776162849796151,0.6293929431654698,-0.9022120654978777,0.0,1.0,0.0
-1.5551157742717028,-1.4893512649141738,-0.3451680016545977,-0.280126234677899,0.8202898057992016,0.0,0.0,1.0
-1.5551157742717028,-1.4893512649141738,0.026604990639161195,-0.24014736971775102,0.021675301834192112,0.0,0.0,1.0
1.1915923173060943,0.1982599589530648,-0.10656742451084199,-0.8398303441199725,0.2095845968847826,0.0,1.0,0.0
0.4424901105121496,1.4808444890921508,1.5081481091829465,-1.6793865082830828,-0.5577116912384619,0.0,1.0,0.0
2.0905149654588335,2.2233934275937512,-0.7169409939483565,1.1591129038874326,-0.9491893892605253,0.0,1.0,0.0
0.9918317288277203,1.0083133464093317,-0.9610904217233625,1.2290759175676913,-0.8395756338143475,0.0,0.0,1.0
-1.005774155956132,-0.6792978774579069,0.12648430200166358,-0.08023190987715847,0.7419942661947889,0.0,0.0,1.0
-1.005774155956132,-1.3543423670048025,-0.10656742451084199,-0.04025304491701052,-0.8865529575769951,1.0,0.0,0.0
-0.506372684760169,-0.9493156732766498,0.6314297094454256,-0.8298356278799357,-0.11925666945375074,0.0,1.0,0.0
0.04296893355540185,0.33326885686243624,-0.2508375409233454,0.4195039021246928,0.14694816520125242,0.0,1.0,0.0
1.8907543769804596,1.8858711828203034,-0.6836478901608558,1.8687377569300614,0.7576533741156715,0.0,1.0,0.0
-1.3553551857933004,-0.8818112243219832,0.05434924379541185,-0.3900681133183064,1.7285180652103889,0.0,1.0,0.0
1.8907543769804596,1.95337563177497,0.17087510705166464,-0.4200522620384179,0.6167214028277286,1.0,0.0,0.0
-0.15679165492300043,-0.5442889795485355,0.3206940740954182,-0.7098990329994915,0.42881210777713813,0.0,0.0,1.0
-0.15679165492300043,-0.6117934285032021,-0.6780990395296056,1.0091921602868772,1.24308571966303,0.0,1.0,0.0
-1.3553551857933004,-0.8818112243219832,-0.40620535859834916,-0.1601896397974551,-1.262371547678176,0.0,0.0,1.0
-1.105654450195319,-0.8143067753672784,0.04880039316416172,-0.3101103833980105,-0.6829845546055221,0.0,1.0,0.0
0.34260981627296266,0.5357822037265125,0.1320331526329137,-0.6199465868391584,-0.056620237770220586,0.0,1.0,0.0
-0.3565522434013743,-0.6117934285032021,0.07099579568916226,0.0696888337233969,0.19392548896390005,1.0,0.0,0.0
-2.3042179810656473,-2.8394402440079647,-0.733587545842107,1.0691604577270994,1.3213812592674428,0.0,1.0,0.0
-1.0557143030757397,-1.6243601628235453,-0.20089788524209423,0.0696888337233969,0.2565619206474302,0.0,1.0,0.0
0.19278937491416806,0.8733044484999603,0.3817314310391697,-0.49001527571867665,0.09997084143860481,0.0,1.0,0.0
-1.005774155956132,-0.5442889795485355,-0.10656742451084199,-0.21016322099764023,-0.29150685658345865,1.0,0.0,0.0
1.7908740827412726,1.750862284910932,-0.2286421383983449,0.01971525252321177,0.7419942661947889,1.0,0.0,0.0
-1.005774155956132,-1.5568557138688788,-0.056627768829590794,-0.5899624381190469,-1.5129172744122967,0.0,1.0,0.0
-1.205534744434506,-0.9493156732766498,-1.5825616924233772,0.5794193619652847,-1.1997351159946459,0.0,0.0,1.0
-0.20673180204257968,-0.5442889795485355,0.9643607473204336,-1.349560872361861,0.9299035612453793,0.0,1.0,0.0
0.2926696691533834,1.210826693273408,-0.3784611054420985,0.13965184740365566,-1.0744622526275855,0.0,1.0,0.0
-0.45643253764056124,0.1982599589530648,-0.5449266243796025,0.3895197534045813,-0.21321131697904597,0.0,0.0,1.0
0.9418915817081127,0.8057999995452554,-0.944443869829612,0.9792080115667656,-0.651666338763757,0.0,1.0,0.0
0.19278937491416806,-0.47678453059383064,-0.7002944420546061,1.0291815927669508,-0.1035975615328682,0.0,1.0,0.0
-0.6561931261189635,-0.5442889795485355,-0.7169409939483565,0.559429929485211,-0.9491893892605253,0.0,0.0,1.0
2.0905149654588335,2.3584023255031226,1.108630863732937,-1.1896454125212683,-0.43243882787140153,0.0,0.0,1.0
0.5923105518709442,-0.07175783686571639,-0.5005358193296015,0.5494352132451739,-1.3250079793617062,0.0,1.0,0.0
-0.9558340088365244,-1.5568557138688788,-0.08992087261709159,-0.23015265347771385,-0.43243882787140153,0.0,1.0,0.0
0.7421309932297389,0.40077330581714116,-0.9166996166733613,0.6693718081256184,-1.1840760080737633,0.0,1.0,0.0
-1.205534744434506,-1.1518290201407262,0.30959637283291797,-0.5699730056389732,-1.0431440367858205,0.0,1.0,0.0
-1.605055921391282,-1.6243601628235453,-0.1454093789295929,-0.0002741799568625625,0.3505165681727254,0.0,1.0,0.0
-1.305415038673721,-1.0168201222313547,-0.7169409939483565,0.3895197534045813,-0.9491893892605253,0.0,1.0,0.0
-0.6561931261189635,0.13075550999835991,-0.7502340977358574,1.0291815927669508,-0.8395756338143475,0.0,1.0,0.0
0.34260981627296266,0.6032866526811791,-0.3951076573358489,0.1796307123638036,0.06865262559683973,0.0,0.0,1.0
-1.405295332912908,-1.1518290201407262,0.20416821083916545,-0.470025843238603,0.08431173351772227,0.0,1.0,0.0
-1.0557143030757397,-0.6792978774579069,-0.0399812169358404,-0.24014736971775102,-0.9491893892605253,0.0,1.0,0.0
-0.6561931261189635,-0.27427118372975434,-0.9721881229858627,0.48946691580495155,-0.025302021928455508,0.0,1.0,0.0
-1.3553551857933004,-1.2868379180500975,0.15977740578916438,-0.5599782893989361,1.3526994751092078,0.0,1.0,0.0
-0.20673180204257968,-0.6117934285032021,0.11538660073916332,-0.29012095091793616,-0.5420525833175793,0.0,0.0,1.0
2.0905149654588335,2.08838452968438,0.3817314310391697,-0.8898039253201576,-1.3719853031243538,0.0,0.0,1.0
0.6422506989905519,0.5357822037265125,-0.04553006756709053,1.3390177962080987,-0.7925983100516999,0.0,1.0,0.0
-1.005774155956132,-0.8143067753672784,1.2085101750954395,-1.0896982501208983,-0.5733707991593444,0.0,1.0,0.0
-0.45643253764056124,0.2657644079077313,-0.944443869829612,1.448959674848506,-0.056620237770220586,1.0,0.0,0.0
0.19278937491416806,0.33326885686243624,0.0044095881141606634,-0.6599254517993064,-1.1840760080737633,0.0,0.0,1.0
-0.9558340088365244,-0.7468023264126119,-0.3340703003920974,0.33954617220439615,-0.04096112984933804,0.0,0.0,1.0
-1.305415038673721,-1.0843245711860596,0.4483176386141713,-0.4200522620384179,1.6815407414477412,0.0,0.0,1.0
-1.005774155956132,-0.6792978774579069,-0.7224898445796067,0.9092449978865069,-0.3541432882669888,0.0,0.0,1.0
-0.9558340088365244,-0.8818112243219832,0.2319124639954161,0.7393348218058772,-0.8865529575769951,0.0,0.0,1.0
0.9918317288277203,0.7382955505905888,-0.7613317989983577,0.7793136867660251,1.1647901800586176,0.0,1.0,0.0
-0.8060135674777581,-0.7468023264126119,0.5481969499766737,-0.7598726141996767,0.021675301834192112,0.0,1.0,0.0
0.4424901105121496,0.7382955505905888,-1.1885932976046178,2.138595095411061,-0.3071659645043412,0.0,0.0,1.0
1.6410536413824781,1.0758177953640367,-1.1220070900296162,1.6788381483693573,1.24308571966303,0.0,1.0,0.0
-0.2566719491621874,-0.47678453059383064,2.0130935166267085,-1.5994287783627865,0.6793578345112588,0.0,0.0,1.0
0.2926696691533834,1.3458355911827795,-0.32297259912959714,0.08967826620347052,0.3818347840144905,0.0,1.0,0.0
-0.8060135674777581,-1.2868379180500975,-0.9111507660421112,1.079155173967136,-0.21321131697904597,0.0,1.0,0.0
1.2914726115453095,0.2657644079077313,0.026604990639161195,-0.49001527571867665,-1.2936897635199411,0.0,0.0,1.0
-0.7560734203581504,-1.219333469095431,0.1320331526329137,0.45948276708484076,0.8672671295618493,1.0,0.0,0.0
-1.4552354800324874,-1.0843245711860596,-0.056627768829590794,0.039704685003285396,0.8985853454036143,0.0,1.0,0.0
0.6921908461101312,0.46827775477180766,0.24855901588916648,-0.7798620466797502,-1.4189626268870015,0.0,1.0,0.0
-0.3565522434013743,0.5357822037265125,-0.08992087261709159,0.08967826620347052,0.5227667553024333,0.0,0.0,1.0
1.6410536413824781,1.4133400401374843,-0.6725501888983555,0.46947748332487793,-0.3854615041087539,0.0,1.0,0.0
0.14284922779458878,1.210826693273408,0.15422855515791425,-0.23015265347771385,1.1334719642168525,0.0,1.0,0.0
1.8408142298608519,1.95337563177497,-0.0399812169358404,0.1296571311636185,-1.1840760080737633,0.0,0.0,1.0
0.24272952203377574,0.33326885686243624,0.8644814359579313,-1.329571439881787,-1.2467124397572935,0.0,1.0,0.0
-1.0557143030757397,-1.6243601628235453,-0.18980018397959397,0.009720536283174605,0.9142444533244969,0.0,0.0,1.0
0.7920711403493464,0.40077330581714116,0.08764234758291266,0.039704685003285396,0.4914485394606683,1.0,0.0,0.0
-1.205534744434506,-0.9493156732766498,-0.31742374849834704,-0.17018435603749227,-1.0744622526275855,0.0,0.0,1.0
1.9406945241000388,2.08838452968438,0.6980159170204272,-1.0397246689207131,-1.6851674615420047,0.0,1.0,0.0
-0.9558340088365244,-0.8143067753672784,1.5081481091829465,-1.4595027510022685,0.6167214028277286,0.0,0.0,1.0
1.141652170186515,1.210826693273408,0.09874004884541292,-0.5899624381190469,1.211767503821265,0.0,0.0,1.0
0.2926696691533834,0.46827775477180766,0.9199699422704325,-0.8798092090801208,1.149131072137735,0.0,0.0,1.0
-1.2554748915541136,-1.0168201222313547,-0.017785814410839866,-0.3101103833980105,0.006016193913309572,0.0,1.0,0.0
-0.7061332732385428,-0.47678453059383064,0.7646021245954289,-0.8798092090801208,1.1334719642168525,0.0,1.0,0.0
1.6410536413824781,1.0083133464093317,-0.9222484673046115,0.72934010556584,-0.7456209862890523,0.0,0.0,1.0
0.34260981627296266,0.670791101635884,2.451452716495469,-2.0092121442043047,-0.13491577737463328,1.0,0.0,0.0
-0.3565522434013743,-0.004253387911011494,-0.9222484673046115,0.4794721995649144,1.7754953889730365,1.0,0.0,0.0
-1.305415038673721,-1.0843245711860596,-0.6559036370046051,0.599408794445359,0.2565619206474302,0.0,1.0,0.0
-0.40649239052098196,-0.8818112243219832,-0.7668806496296078,0.6993559568457292,1.415335906792738,0.0,0.0,1.0
0.19278937491416806,1.3458355911827795,-0.9610904217233625,0.2995673072442482,0.14694816520125242,0.0,1.0,0.0
1.9906346712196465,2.08838452968438,-0.8390157078358594,1.3190283637280251,-0.26018864074169357,1.0,0.0,0.0
-0.9558340088365244,-1.759369060732955,-0.9777369736171128,2.0086637842905795,1.24308571966303,0.0,0.0,1.0
-1.405295332912908,-0.8818112243219832,0.7202113195454277,-0.929782790280306,-0.5577116912384619,0.0,1.0,0.0
-1.505175627152095,-1.4893512649141738,0.38728028167041983,-0.4400416945184915,1.3370403671883253,0.0,1.0,0.0
0.8420112874689257,0.7382955505905888,-0.777978350892108,1.5089279722887283,0.7576533741156715,0.0,1.0,0.0
1.041771875947328,0.06325106104369341,-0.5116335205921017,0.6593770918855812,0.9612217770871444,0.0,1.0,0.0
-0.45643253764056124,0.2657644079077313,-0.483889267435851,-0.030258328676973353,0.6793578345112588,0.0,1.0,0.0
0.7920711403493464,0.5357822037265125,1.0364958055266853,-1.329571439881787,0.6636987265903762,0.0,1.0,0.0
-1.2554748915541136,-0.7468023264126119,-0.6226105332171044,1.0391763090069879,-1.4189626268870015,0.0,1.0,0.0
0.14284922779458878,1.0758177953640367,1.4526596028704453,-1.6394076433229345,-0.16623399321639837,1.0,0.0,0.0
-1.0557143030757397,-1.69186461177825,0.12093545137041345,-0.23015265347771385,-1.434621734807884,0.0,1.0,0.0
0.24272952203377574,1.3458355911827795,-0.9111507660421112,0.3195567397243225,0.006016193913309572,1.0,0.0,0.0
-0.10685150780339275,0.40077330581714116,0.19307050957666516,-0.8198409116398986,0.08431173351772227,0.0,0.0,1.0
-1.205534744434506,-0.6792978774579069,-0.26748409281709584,0.3195567397243225,-1.575553706095827,0.0,1.0,0.0
0.3925499633925703,-0.2067667347750878,0.7812486764891792,-1.1796506962812316,1.2744039355047951,0.0,0.0,1.0
-1.0557143030757397,-0.13926228582038291,-1.1275559406608664,3.158056151894837,-1.1997351159946459,0.0,1.0,0.0
-1.5551157742717028,-1.3543423670048025,0.6591739626016763,0.09967298244350768,-0.5263934753966968,0.0,1.0,0.0
0.09290908067498112,-0.13926228582038291,1.1308262662579376,-1.5894340621227494,-1.403303518966119,0.0,0.0,1.0
1.141652170186515,0.6032866526811791,2.745541799951726,-2.029201576684379,1.2900630434256777,0.0,1.0,0.0
-0.05691136068381348,-0.27427118372975434,-1.5825616924233772,2.1286003791710235,0.2565619206474302,0.0,1.0,0.0
-0.9558340088365244,-1.219333469095431,-0.8279180065733592,0.7493295380459143,-1.1684169001528808,0.0,1.0,0.0
0.3925499633925703,0.40077330581714116,0.7035647676516774,-0.38007339707826926,0.569744079065081,0.0,1.0,0.0
1.3414127586648887,1.210826693273408,-0.4339496117545998,0.6094035106853961,-1.5285763823331793,0.0,1.0,0.0
-1.0557143030757397,-1.0168201222313547,0.7978952283829296,-1.1496665475611205,-0.6986436625264046,0.0,1.0,0.0
-0.5563128318797765,-0.8818112243219832,-0.8334668572046093,0.48946691580495155,-0.6046890150011095,0.0,1.0,0.0
0.8420112874689257,0.40077330581714116,-0.6780990395296056,0.5194510645250631,1.211767503821265,0.0,0.0,1.0
-2.204337686826432,-2.6369268971438884,-0.8334668572046093,0.6193982269254332,0.08431173351772227,0.0,1.0,0.0
1.3414127586648887,1.4133400401374843,1.0475935067891855,-1.5594499134026387,0.601062294906846,0.0,1.0,0.0
0.3925499633925703,1.5483489380468558,-0.5782197281671032,0.4794721995649144,0.4131529998562556,0.0,1.0,0.0
0.09290908067498112,-0.40928008163916413,-0.4450473130171001,0.3895197534045813,-1.0744622526275855,0.0,0.0,1.0
0.9418915817081127,0.6032866526811791,4.249280321020512,-2.3890113613257116,-1.027484928864938,0.0,0.0,1.0
-0.10685150780339275,-0.13926228582038291,-0.6226105332171044,0.5194510645250631,-0.025302021928455508,0.0,0.0,1.0
-0.6561931261189635,-0.9493156732766498,-0.22309328776709478,0.3495408884444333,-0.36980239618787136,1.0,0.0,0.0
-0.20673180204257968,0.5357822037265125,-0.7724295002608579,0.07968354996343335,0.16260727312213497,0.0,1.0,0.0
-1.405295332912908,-1.0168201222313547,0.27075441841416703,0.039704685003285396,1.2900630434256777,0.0,1.0,0.0
-0.9058938617169451,-1.4893512649141738,1.4693061547641957,-1.4894868997223791,0.006016193913309572,0.0,1.0,0.0
0.14284922779458878,-0.27427118372975434,-0.2841306447108462,0.1296571311636185,1.0081991008497921,0.0,0.0,1.0
0.5423704047513649,-0.004253387911011494,-0.5893174294296035,0.8092978354861367,-1.465939950649649,0.0,0.0,1.0
-0.7061332732385428,-0.6117934285032021,-0.28967949534209636,0.3195567397243225,1.5406087701597984,0.0,0.0,1.0
-0.2566719491621874,-0.8143067753672784,1.9243119065267065,-1.9092649818039344,0.14694816520125242,0.0,0.0,1.0
-1.1555945973149266,-1.219333469095431,-0.5171823712233518,0.3895197534045813,1.0081991008497921,0.0,1.0,0.0
0.34260981627296266,0.46827775477180766,-1.2496306545483693,0.2395990098040259,1.415335906792738,0.0,1.0,0.0
-0.6062529789993558,-0.6117934285032021,-0.6725501888983555,0.6293929431654698,0.39749389193537304,0.0,1.0,0.0
-0.6062529789993558,0.13075550999835991,0.30959637283291797,-0.6899096005194172,-1.1527577922319983,0.0,0.0,1.0
-1.205534744434506,-0.8143067753672784,-0.0011392625170894694,0.01971525252321177,-0.5577116912384619,0.0,1.0,0.0
0.5423704047513649,0.670791101635884,2.1018751267267106,-1.8293072518836382,-1.2467124397572935,0.0,1.0,0.0
-1.3553551857933004,-0.8143067753672784,-0.5116335205921017,1.7388064458095798,0.4131529998562556,0.0,0.0,1.0
-0.10685150780339275,0.8733044484999603,1.3638779927704432,-1.4595027510022685,0.4914485394606683,1.0,0.0,0.0
-0.7560734203581504,-0.6792978774579069,-0.4949869686983513,0.04969940124332256,1.4309950147136206,0.0,1.0,0.0
-0.5563128318797765,0.40077330581714116,0.2541078665204166,-0.1901737885175659,-1.575553706095827,0.0,1.0,0.0
0.04296893355540185,-0.2067667347750878,-0.7169409939483565,0.8292872679662102,0.16260727312213497,0.0,1.0,0.0
-1.405295332912908,-1.0168201222313547,-0.08437202198584146,0.13965184740365566,1.3213812592674428,1.0,0.0,0.0
-0.006971213564205815,0.2657644079077313,-1.1442024925546168,0.9092449978865069,0.36617567609360796,0.0,1.0,0.0
1.0917120230669073,0.9408088974546268,0.5703923525016742,-0.7898567629197875,-1.027484928864938,0.0,0.0,1.0
-0.9058938617169451,-1.219333469095431,0.7091136182829275,-0.9397775065203428,-0.7612800942099348,0.0,1.0,0.0
-1.405295332912908,-1.0168201222313547,3.566771693376746,-2.3490324963655635,0.3035392444100778,0.0,1.0,0.0
0.2926696691533834,1.0758177953640367,0.7202113195454277,-1.0797035338808614,1.446654122634503,0.0,0.0,1.0
0.04296893355540185,-0.2067667347750878,-0.3007771966045966,0.5894140782053218,-0.11925666945375074,0.0,1.0,0.0
1.141652170186515,1.1433222443187032,-1.0998116875046158,0.6293929431654698,1.3526994751092078,0.0,0.0,1.0
1.8907543769804596,1.8183667338655987,1.6579670762267003,-1.2196295612413797,1.149131072137735,0.0,1.0,0.0
-1.2554748915541136,-0.47678453059383064,-0.3340703003920974,-0.060242477397084854,-1.3406670872825888,0.0,1.0,0.0
0.6921908461101312,0.2657644079077313,-0.6059639813233539,1.089149890207173,1.1021537483750874,0.0,1.0,0.0
0.19278937491416806,0.13075550999835991,0.731309020807928,-0.94977222276038,1.9790637919445095,0.0,0.0,1.0
0.4924302576317573,0.33326885686243624,-0.8945042141483608,0.4394933346047664,-0.3854615041087539,0.0,1.0,0.0
0.19278937491416806,0.8733044484999603,-1.0498720318233645,1.6488539996492466,-1.1997351159946459,0.0,0.0,1.0
0.9918317288277203,0.1982599589530648,0.603685456289175,-1.0397246689207131,0.773312482036554,0.0,1.0,0.0
1.2914726115453095,0.2657644079077313,-0.6891967407921059,1.2090864850876175,-1.4972581664914142,0.0,1.0,0.0
-0.7061332732385428,-0.07175783686571639,-0.8112714546796088,0.5494352132451739,-1.090121360548468,0.0,1.0,0.0
-1.305415038673721,-0.8818112243219832,-1.0554208824546147,0.8892555654064326,0.19392548896390005,1.0,0.0,0.0
0.4924302576317573,1.3458355911827795,-0.11766512577334225,-0.07023719363712203,1.384017690950973,0.0,1.0,0.0
-0.8060135674777581,-1.219333469095431,2.4847458202829698,-2.0192068604443416,1.415335906792738,1.0,0.0,0.0
-1.2554748915541136,-1.0168201222313547,-0.4450473130171001,-0.030258328676973353,-0.6046890150011095,0.0,1.0,0.0
-1.5551157742717028,-1.69186461177825,-1.027676629298364,0.4394933346047664,-1.434621734807884,0.0,1.0,0.0
-1.305415038673721,-0.8143067753672784,0.4927084436641723,-0.26013680219782537,0.569744079065081,0.0,0.0,1.0
-1.4552354800324874,-1.4218468159595072,-0.2619352421858457,-0.060242477397084854,0.9925399929289095,0.0,1.0,0.0
1.3913529057844964,1.6158533870015224,0.6203320081829253,-1.299587291161676,1.446654122634503,0.0,1.0,0.0
-1.005774155956132,-1.6243601628235453,0.04880039316416172,0.5794193619652847,0.05299351767595719,0.0,1.0,0.0
-0.7061332732385428,-0.3417756326844592,-1.1885932976046178,1.2190812013276549,0.3035392444100778,0.0,1.0,0.0
1.241532464425702,0.13075550999835991,-1.2884726089671201,1.398986093648321,-0.3384841803461063,0.0,1.0,0.0
1.141652170186515,0.9408088974546268,-0.5338289231171022,0.4095091858846556,-0.8865529575769951,1.0,0.0,0.0
1.2914726115453095,0.33326885686243624,-0.15650708019209317,-0.280126234677899,1.3996767988718555,0.0,1.0,0.0
0.6422506989905519,0.8057999995452554,-0.45614501427960036,0.4494880508448036,-1.465939950649649,0.0,1.0,0.0
-1.2554748915541136,-0.7468023264126119,-0.6226105332171044,0.46947748332487793,0.42881210777713813,0.0,1.0,0.0
0.4424901105121496,1.3458355911827795,-0.9111507660421112,1.6088751346890986,1.1647901800586176,0.0,0.0,1.0
1.041771875947328,0.8733044484999603,1.2140590257266897,-1.5594499134026387,1.446654122634503,0.0,1.0,0.0
0.6921908461101312,0.2657644079077313,-0.23973983966084517,-0.4800205594786395,0.7106760503530238,0.0,1.0,0.0
0.24272952203377574,0.33326885686243624,-0.7557829483671075,0.7693189705259886,-1.3093488714408237,1.0,0.0,0.0
0.14284922779458878,-0.5442889795485355,-0.7058432926858563,0.4794721995649144,1.446654122634503,0.0,1.0,0.0
2.040574818339254,2.1558889786390463,-0.3951076573358489,-0.060242477397084854,0.6323805107486111,0.0,1.0,0.0
-0.9058938617169451,-1.1518290201407262,-0.3507168522858478,0.3495408884444333,0.3348574602518429,0.0,0.0,1.0
0.5923105518709442,0.06325106104369341,0.7035647676516774,-0.510004708198751,-1.1057804684693506,0.0,0.0,1.0
-2.004577098348058,-2.231900203415774,-0.6836478901608558,0.4195039021246928,-0.9648484971814079,0.0,1.0,0.0
-0.506372684760169,-1.2868379180500975,-1.6491478999983789,2.0886215142108755,0.14694816520125242,0.0,1.0,0.0
0.7421309932297389,0.6032866526811791,1.952056159682957,-1.6793865082830828,0.2252437048056651,0.0,1.0,0.0
0.2926696691533834,-0.47678453059383064,-0.16205593082334332,0.599408794445359,-0.32282507242522374,0.0,0.0,1.0
-1.2554748915541136,-0.8818112243219832,-0.5338289231171022,0.6193982269254332,0.03733440975507465,0.0,1.0,0.0
0.14284922779458878,1.0758177953640367,0.30959637283291797,-0.12021077483730715,0.7263351582739064,0.0,1.0,0.0
-0.40649239052098196,-1.0168201222313547,-1.1053605381358658,0.99919744404684,0.569744079065081,0.0,1.0,0.0
0.3925499633925703,0.1982599589530648,1.3194871877204422,-0.9897510877205279,-1.090121360548468,1.0,0.0,0.0
-1.3553551857933004,-1.0168201222313547,0.4760618917704219,-0.7198937492395286,-0.24452953282081105,0.0,0.0,1.0
-0.6561931261189635,-1.0168201222313547,0.6702716638641766,-1.299587291161676,-0.9022120654978777,0.0,0.0,1.0
-0.8559537145973374,-1.0168201222313547,0.3706337297766694,-0.639936019319232,-0.6360072308428746,0.0,1.0,0.0
-1.3553551857933004,-1.0843245711860596,-0.9388950191983618,1.049171025247025,-0.5733707991593444,0.0,0.0,1.0
-0.006971213564205815,-0.6117934285032021,-0.2785817940795961,0.02970996876324823,-1.575553706095827,0.0,1.0,0.0
0.09290908067498112,0.13075550999835991,0.33734062598916864,-0.8498250603600097,-1.3250079793617062,0.0,1.0,0.0
0.04296893355540185,0.9408088974546268,0.43167108672042087,-0.07023719363712203,-0.9491893892605253,0.0,0.0,1.0
-1.105654450195319,-1.6243601628235453,-0.5171823712233518,1.1391234714073581,-0.04096112984933804,0.0,1.0,0.0
-2.154397539706853,-2.501917999234517,0.8089929296454299,-0.510004708198751,-0.36980239618787136,0.0,0.0,1.0
-0.506372684760169,-0.9493156732766498,-0.5837685787983534,0.5894140782053218,0.006016193913309572,0.0,1.0,0.0
-1.105654450195319,-0.6792978774579069,0.20416821083916545,0.49946163204498867,-1.4189626268870015,0.0,0.0,1.0
0.8420112874689257,-0.07175783686571639,-1.2329841026546189,0.8992502816464697,1.24308571966303,0.0,1.0,0.0
-0.30661209628179503,-0.8143067753672784,0.48715959303292217,-0.7398831817196023,0.2565619206474302,0.0,1.0,0.0
-1.205534744434506,-1.1518290201407262,-0.08992087261709159,-0.05024776115704769,0.4601303236189032,0.0,1.0,0.0
0.9918317288277203,-0.13926228582038291,-0.3285214497608473,-0.0002741799568625625,1.4309950147136206,0.0,1.0,0.0
0.24272952203377574,-0.13926228582038291,-0.6559036370046051,0.959218579086692,1.618904309764211,0.0,1.0,0.0
0.09290908067498112,1.0758177953640367,-0.41175420922959927,0.13965184740365566,-0.4637570437131666,0.0,0.0,1.0
0.6921908461101312,0.40077330581714116,-0.4173030598608494,-0.26013680219782537,-0.5263934753966968,0.0,0.0,1.0
1.8408142298608519,1.8858711828203034,-0.08992087261709159,0.0696888337233969,-0.7612800942099348,0.0,1.0,0.0
-1.1555945973149266,-0.8143067753672784,3.0507285846704835,-2.0891698741246008,0.05299351767595719,0.0,0.0,1.0
1.041771875947328,0.8733044484999603,-0.6891967407921059,0.4095091858846556,-1.0118258209440554,0.0,1.0,0.0
-1.8547566569892635,-1.961882407596993,0.11538660073916332,-0.67991488427938,1.2274266117421475,0.0,1.0,0.0
-0.5563128318797765,0.06325106104369341,-0.5449266243796025,0.11966241492358203,1.2744039355047951,0.0,0.0,1.0
-0.9058938617169451,-0.6117934285032021,-0.45614501427960036,0.8992502816464697,-0.47941615163404916,0.0,0.0,1.0
-0.6561931261189635,-0.07175783686571639,-0.7113921433171064,0.5094563482850258,-0.8865529575769951,0.0,0.0,1.0
-1.2554748915541136,-0.9493156732766498,-1.8378088214608834,2.228547541571394,-1.2467124397572935,0.0,1.0,0.0
1.5411733471432911,1.750862284910932,0.15422855515791425,-0.7098990329994915,0.3818347840144905,0.0,0.0,1.0
-0.6561931261189635,0.1982599589530648,-0.32297259912959714,0.1496465636436928,-0.3854615041087539,0.0,0.0,1.0
-1.305415038673721,-0.9493156732766498,-0.5837685787983534,0.4394933346047664,1.3370403671883253,0.0,0.0,1.0
1.4912332000236834,0.8057999995452554,1.1974124738329393,-0.9597669390004171,1.5249496622389158,0.0,1.0,0.0
-0.3565522434013743,0.40077330581714116,-0.45614501427960036,0.2096148610839151,-0.056620237770220586,0.0,0.0,1.0
0.9918317288277203,-0.13926228582038291,0.897774539745432,-1.279597858681602,-1.6225310298584745,0.0,1.0,0.0
0.19278937491416806,-0.13926228582038291,-0.5782197281671032,0.3595356046844705,1.4936314463971507,0.0,0.0,1.0
0.4424901105121496,0.33326885686243624,0.14313085389541397,-0.4100575457983807,-0.416779719950519,0.0,1.0,0.0
0.4424901105121496,0.2657644079077313,0.12093545137041345,-0.7298884654795651,-0.6360072308428746,0.0,1.0,0.0
1.041771875947328,0.7382955505905888,0.36508487914541926,-0.24014736971775102,0.9925399929289095,0.0,0.0,1.0
0.09290908067498112,1.0758177953640367,-0.400656507967099,0.0696888337233969,-1.3250079793617062,0.0,0.0,1.0
0.14284922779458878,0.8733044484999603,-0.07882317135459133,0.0696888337233969,-0.04096112984933804,0.0,1.0,0.0
0.4924302576317573,0.33326885686243624,-0.8889553635171107,1.7288117295695424,1.5092905543180333,0.0,1.0,0.0
0.5923105518709442,0.6032866526811791,-0.43949846238584994,0.6693718081256184,0.9142444533244969,0.0,0.0,1.0
-0.9558340088365244,-1.5568557138688788,-0.012236963779589735,0.07968354996343335,0.9612217770871444,0.0,1.0,0.0
1.5411733471432911,0.8733044484999603,1.7079067319079513,-1.5294657646825274,1.6345634176850936,0.0,0.0,1.0
-1.5551157742717028,-1.2868379180500975,-1.0110300774046135,0.1796307123638036,0.3035392444100778,0.0,0.0,1.0
-1.305415038673721,-0.8818112243219832,-0.32297259912959714,0.7993031192460994,0.14694816520125242,0.0,0.0,1.0
-1.2554748915541136,-0.40928008163916413,-0.12321397640459239,-0.3300998158780841,1.963404684023627,0.0,1.0,0.0
1.6410536413824781,0.9408088974546268,0.5038061449266726,-0.7498778979596394,-1.6538492457002396,0.0,1.0,0.0
1.241532464425702,1.2783311422280745,-0.567122026904603,0.6693718081256184,-0.6673254466846396,0.0,1.0,0.0
0.04296893355540185,-0.5442889795485355,-0.5615731762733529,1.0991446064472101,1.618904309764211,0.0,0.0,1.0
0.7421309932297389,0.2657644079077313,-1.1663978950796172,0.6593770918855812,-1.3093488714408237,0.0,1.0,0.0
-1.2554748915541136,-1.219333469095431,0.1320331526329137,-0.18017907227752872,-1.4502808427287666,0.0,1.0,0.0
-0.9558340088365244,-1.6243601628235453,-0.2841306447108462,-0.060242477397084854,0.773312482036554,0.0,1.0,0.0
0.7920711403493464,0.5357822037265125,-1.3828030696983724,2.5283890287725046,-0.6986436625264046,0.0,0.0,1.0
1.241532464425702,1.0758177953640367,0.30959637283291797,-1.0497193851607503,-1.1370986843111157,0.0,1.0,0.0
-0.10685150780339275,-0.40928008163916413,1.1752170713079386,-1.299587291161676,1.0238582087706747,0.0,0.0,1.0
0.4924302576317573,1.4808444890921508,-0.2785817940795961,0.02970996876324823,0.14694816520125242,1.0,0.0,0.0
-0.7061332732385428,-0.27427118372975434,0.2984986715704177,-0.6699201680393435,-0.19755220905816342,1.0,0.0,0.0
-0.8559537145973374,-1.0168201222313547,-0.0011392625170894694,-0.3900681133183064,0.9455626691662619,0.0,1.0,0.0
0.3925499633925703,0.6032866526811791,0.09874004884541292,-0.8398303441199725,-0.8708938496561126,0.0,0.0,1.0
-1.0557143030757397,-1.6243601628235453,-0.1953490346108441,0.2395990098040259,1.1334719642168525,0.0,1.0,0.0
1.6909937885020574,1.8858711828203034,0.2818521196766673,-0.37007868083823275,0.08431173351772227,0.0,0.0,1.0
0.5923105518709442,0.5357822037265125,-0.4339496117545998,0.05969411748335973,-0.9491893892605253,0.0,1.0,0.0
0.04296893355540185,-0.40928008163916413,-0.5837685787983534,0.72934010556584,0.3035392444100778,0.0,1.0,0.0
-1.6549960685108898,-1.4893512649141738,-0.3951076573358489,-0.08023190987715847,-1.1370986843111157,0.0,1.0,0.0
1.1915923173060943,0.1982599589530648,-0.9166996166733613,1.1191340389272846,0.8672671295618493,0.0,1.0,0.0
-0.9058938617169451,-0.8818112243219832,1.3361337396141926,-1.2096348450013428,-1.1370986843111157,0.0,1.0,0.0
-1.4552354800324874,-1.2868379180500975,0.5204526968204229,-0.6699201680393435,1.3213812592674428,0.0,1.0,0.0
1.2914726115453095,0.670791101635884,-0.012236963779589735,-0.4500364107585287,-0.26018864074169357,0.0,1.0,0.0
0.6422506989905519,0.46827775477180766,-0.8223691559421091,1.2490653500477655,-0.7299618783681697,0.0,0.0,1.0
0.04296893355540185,-0.47678453059383064,-0.5338289231171022,1.0291815927669508,1.384017690950973,0.0,0.0,1.0
-1.2554748915541136,-0.40928008163916413,-0.23419098902959504,-0.4200522620384179,-0.996166713023173,0.0,1.0,0.0
-0.8559537145973374,-0.6792978774579069,0.6536251119704262,-0.7798620466797502,1.11781285629597,0.0,1.0,0.0
-0.30661209628179503,-0.6792978774579069,-0.8223691559421091,1.8187641757298763,0.42881210777713813,0.0,1.0,0.0
-0.05691136068381348,-0.40928008163916413,-1.0609697330858647,1.2790494987678764,-1.1997351159946459,0.0,1.0,0.0
-0.8559537145973374,-1.219333469095431,-0.028883515673340132,-0.67991488427938,-0.5107343674758142,1.0,0.0,0.0
-0.7061332732385428,-1.0843245711860596,-0.8223691559421091,0.2395990098040259,0.9612217770871444,0.0,0.0,1.0
-1.205534744434506,-1.8943779586423264,-0.3840099560733486,0.2595884422841002,-0.996166713023173,0.0,0.0,1.0
-0.05691136068381348,0.8733044484999603,-0.522731221854602,0.11966241492358203,0.9612217770871444,0.0,0.0,1.0
0.7920711403493464,0.13075550999835991,-0.8612111103608601,1.7088222970894689,-0.620348122921992,0.0,1.0,0.0
-0.10685150780339275,0.5357822037265125,-0.051078918198340664,-0.4800205594786395,0.8672671295618493,0.0,0.0,1.0
-1.305415038673721,-1.0168201222313547,0.5759412031329243,-0.6199465868391584,0.3818347840144905,0.0,1.0,0.0
-1.305415038673721,-0.8143067753672784,0.4483176386141713,-0.6599254517993064,1.2274266117421475,0.0,1.0,0.0
0.3925499633925703,0.8057999995452554,-0.9666392723546126,1.1691076201274697,0.05299351767595719,0.0,0.0,1.0
0.09290908067498112,1.0758177953640367,-0.15650708019209317,-0.43004697827845434,0.8202898057992016,0.0,1.0,0.0
1.4912332000236834,0.8057999995452554,-0.8667599609921102,0.45948276708484076,1.415335906792738,0.0,1.0,0.0
-1.2554748915541136,-0.40928008163916413,-1.0110300774046135,1.0091921602868772,0.4601303236189032,0.0,1.0,0.0
-0.20673180204257968,-0.6792978774579069,-0.9277973179358616,2.0386479330106906,0.6480396186694937,0.0,1.0,0.0
0.24272952203377574,0.33326885686243624,0.5925877550266747,-0.5499835731588989,-0.6986436625264046,0.0,1.0,0.0
0.8420112874689257,0.6032866526811791,0.09874004884541292,-0.060242477397084854,-1.6538492457002396,0.0,1.0,0.0
-1.3553551857933004,-1.0843245711860596,-0.6780990395296056,0.7793136867660251,-1.1997351159946459,0.0,1.0,0.0
0.19278937491416806,-0.40928008163916413,-0.28967949534209636,-0.11021605859726998,1.211767503821265,1.0,0.0,0.0
-0.8060135674777581,-0.3417756326844592,-0.7890760521546083,1.0291815927669508,0.03733440975507465,0.0,1.0,0.0
-0.8060135674777581,-1.4218468159595072,2.451452716495469,-1.6793865082830828,-1.434621734807884,0.0,1.0,0.0
1.4412930529040757,0.8057999995452554,-0.400656507967099,-0.23015265347771385,-0.5420525833175793,0.0,0.0,1.0
-0.05691136068381348,-0.40928008163916413,-1.2052398494983683,1.3889913774082838,-1.1684169001528808,0.0,1.0,0.0
2.0905149654588335,2.1558889786390463,-0.7946249027858584,1.049171025247025,-1.5129172744122967,0.0,0.0,1.0
-0.8060135674777581,-0.9493156732766498,-1.3051191608608705,0.49946163204498867,0.7889715899574365,0.0,1.0,0.0
-0.30661209628179503,0.33326885686243624,-0.9277973179358616,0.6293929431654698,1.0238582087706747,0.0,1.0,0.0
1.2914726115453095,0.33326885686243624,-0.6614524876358553,1.6388592834092095,-0.7925983100516999,0.0,0.0,1.0
-0.45643253764056124,0.13075550999835991,0.1653262564204145,-0.18017907227752872,0.7419942661947889,0.0,1.0,0.0
0.09290908067498112,-0.3417756326844592,0.5038061449266726,-1.1696559800411945,-0.8865529575769951,0.0,0.0,1.0
0.9918317288277203,0.6032866526811791,-0.46169386491085046,0.7193453893258035,-0.8395756338143475,0.0,0.0,1.0
1.0917120230669073,1.1433222443187032,0.24855901588916648,-0.38007339707826926,-0.6986436625264046,0.0,0.0,1.0
1.3913529057844964,1.4808444890921508,-0.5893174294296035,0.99919744404684,1.6971998493686238,0.0,1.0,0.0
-0.8559537145973374,-0.40928008163916413,0.7146624689141776,-1.2895925749216386,0.44447121569802067,0.0,1.0,0.0
-0.5563128318797765,-0.004253387911011494,1.397171096557944,-1.2396189937214535,0.9142444533244969,0.0,1.0,0.0
0.4924302576317573,0.6032866526811791,0.15977740578916438,-0.18017907227752872,1.0081991008497921,0.0,1.0,0.0
-1.305415038673721,-0.5442889795485355,0.24855901588916648,0.27957787476417384,1.2274266117421475,0.0,1.0,0.0
0.2926696691533834,-0.3417756326844592,-0.2452886902920953,-0.35008924835815847,-0.4480979357922841,1.0,0.0,0.0
-0.6561931261189635,-1.0168201222313547,0.1819728083141649,-0.4400416945184915,1.4779723384762682,1.0,0.0,0.0
-1.305415038673721,-0.9493156732766498,-0.38955880670459875,0.2595884422841002,-0.43243882787140153,0.0,0.0,1.0
1.0917120230669073,0.9408088974546268,-0.22309328776709478,-0.23015265347771385,-0.823916525893465,0.0,1.0,0.0
1.0917120230669073,0.6032866526811791,-0.483889267435851,0.22960429356398873,-0.8082574179725824,0.0,1.0,0.0
0.2926696691533834,0.33326885686243624,-0.11211627514209212,-0.30011566715797333,-0.26018864074169357,1.0,0.0,0.0
-1.3553551857933004,-1.2868379180500975,0.1486797045266641,-0.43004697827845434,0.7576533741156715,0.0,1.0,0.0
-0.006971213564205815,-0.40928008163916413,-0.22309328776709478,-0.43004697827845434,-0.9648484971814079,0.0,1.0,0.0
-0.8060135674777581,-1.219333469095431,0.43721993735167103,-0.6999043167594543,-0.7299618783681697,0.0,1.0,0.0
-1.305415038673721,-1.3543423670048025,-1.0165789280358637,1.1890970526075433,1.1961083959003824,0.0,1.0,0.0
0.6422506989905519,-0.07175783686571639,-0.21199558650459452,-0.05024776115704769,-1.262371547678176,0.0,0.0,1.0
-0.10685150780339275,-0.47678453059383064,-1.3328634140171214,2.5083995962924304,1.6345634176850936,0.0,1.0,0.0
0.8919514345885334,0.7382955505905888,-0.7002944420546061,0.21960957732395228,-1.5442354902540618,0.0,0.0,1.0
-0.45643253764056124,-0.6792978774579069,-0.7446852471046073,1.3789966611682467,-1.403303518966119,0.0,1.0,0.0
0.4924302576317573,-0.07175783686571639,-0.1787024827170937,0.1796307123638036,-1.3876444110452364,0.0,1.0,0.0
0.34260981627296266,1.1433222443187032,-0.08437202198584146,0.3495408884444333,1.791154496893919,0.0,1.0,0.0
-0.3565522434013743,0.2657644079077313,1.030946954895435,-1.3195767236417497,0.9299035612453793,0.0,1.0,0.0
-0.40649239052098196,0.40077330581714116,-0.9388950191983618,2.1885686766112458,-1.027484928864938,0.0,1.0,0.0
1.0917120230669073,0.2657644079077313,1.1308262662579376,-1.1896454125212683,0.976880885008027,0.0,1.0,0.0
-0.9058938617169451,-1.1518290201407262,3.75543261483925,-2.3190483476454524,0.4914485394606683,0.0,1.0,0.0
-0.3565522434013743,-0.7468023264126119,-1.5603662898983768,2.9381723946140235,0.1782663810430175,0.0,1.0,0.0
0.2926696691533834,0.2657644079077313,-0.16205593082334332,0.27957787476417384,0.2565619206474302,1.0,0.0,0.0
-1.305415038673721,-1.0168201222313547,-0.3784611054420985,0.3895197534045813,-0.9805076051022904,0.0,1.0,0.0
1.041771875947328,0.8057999995452554,-0.11211627514209212,-0.07023719363712203,0.7419942661947889,0.0,1.0,0.0
-0.9558340088365244,-0.004253387911011494,-0.028883515673340132,-0.6299413030791948,-0.9491893892605253,0.0,1.0,0.0
-0.9058938617169451,-1.1518290201407262,0.11538660073916332,-0.6999043167594543,1.149131072137735,0.0,0.0,1.0
1.0917120230669073,0.8733044484999603,-0.8334668572046093,0.689361240605692,-0.025302021928455508,0.0,1.0,0.0
1.5411733471432911,1.750862284910932,1.9742515622079577,-1.6494023595629717,0.3348574602518429,0.0,0.0,1.0
0.8420112874689257,0.1982599589530648,1.3749756940329434,-1.329571439881787,-1.1684169001528808,0.0,0.0,1.0
1.3913529057844964,1.6158533870015224,-0.9499927204608621,0.9492238628466548,-1.5285763823331793,0.0,1.0,0.0
-1.3553551857933004,-0.8143067753672784,0.08209349695166251,-0.3900681133183064,-0.589029907080227,0.0,1.0,0.0
-0.7061332732385428,-1.219333469095431,0.08764234758291266,-0.3201050996380477,-1.1214395763902332,1.0,0.0,0.0
0.34260981627296266,0.7382955505905888,0.3817314310391697,-0.470025843238603,0.9299035612453793,0.0,0.0,1.0
1.8907543769804596,1.6833578359562271,-0.9277973179358616,0.5694246457252482,1.1334719642168525,0.0,1.0,0.0
-0.9058938617169451,-0.7468023264126119,-0.5282800724858521,1.3090336474879878,-0.3854615041087539,0.0,1.0,0.0
0.9418915817081127,0.6032866526811791,-1.27737490770462,0.7993031192460994,0.2565619206474302,0.0,1.0,0.0
-1.305415038673721,-1.0843245711860596,-0.04553006756709053,0.1496465636436928,1.6502225256059762,0.0,1.0,0.0
-1.704936215630469,-1.6243601628235453,0.015507289376660929,-0.26013680219782537,-0.3071659645043412,0.0,1.0,0.0
-0.9558340088365244,-1.1518290201407262,-1.321765712754621,1.5988804184490615,-0.6986436625264046,0.0,1.0,0.0
0.2926696691533834,1.4133400401374843,-1.366156517804622,1.2290759175676913,-0.9178711734187602,0.0,0.0,1.0
-1.305415038673721,-0.47678453059383064,-1.1497513431858668,1.3190283637280251,0.11562994935948734,0.0,1.0,0.0
-0.10685150780339275,0.40077330581714116,0.9310676435329328,-0.7498778979596394,0.2565619206474302,0.0,1.0,0.0
-0.10685150780339275,-0.40928008163916413,-0.7058432926858563,0.7793136867660251,0.3505165681727254,0.0,0.0,1.0
1.141652170186515,0.7382955505905888,0.5038061449266726,-0.4400416945184915,1.1804492879795,0.0,1.0,0.0
1.4412930529040757,1.4808444890921508,1.1419239675204378,-1.4495080347622311,-0.15057488529551583,0.0,0.0,1.0
1.141652170186515,0.7382955505905888,-1.3550588165421218,1.7088222970894689,0.601062294906846,0.0,0.0,1.0
1.3913529057844964,1.6158533870015224,0.2818521196766673,-0.5599782893989361,-0.6829845546055221,0.0,1.0,0.0
0.4424901105121496,0.46827775477180766,-0.08992087261709159,-0.4200522620384179,1.5249496622389158,0.0,1.0,0.0
-0.7061332732385428,-0.40928008163916413,-0.5116335205921017,0.01971525252321177,1.0238582087706747,0.0,1.0,0.0
-0.9058938617169451,-0.8818112243219832,-1.4993289329546253,2.0886215142108755,0.8672671295618493,0.0,0.0,1.0
-0.9058938617169451,-1.4893512649141738,-1.022127778667114,1.129128755167321,-0.589029907080227,0.0,1.0,0.0
2.0905149654588335,2.3584023255031226,0.8034440790141798,-1.0197352364406391,0.7576533741156715,1.0,0.0,0.0
0.24272952203377574,1.0758177953640367,-0.23419098902959504,0.04969940124332256,1.1334719642168525,0.0,1.0,0.0
0.14284922779458878,-0.004253387911011494,0.11538660073916332,0.07968354996343335,1.1647901800586176,0.0,1.0,0.0
0.14284922779458878,-0.5442889795485355,-0.27303294344834594,0.7893084030060623,0.8672671295618493,0.0,0.0,1.0
-1.3553551857933004,-1.1518290201407262,2.196205587457963,-2.0691804416445265,-1.3093488714408237,1.0,0.0,0.0
-0.9558340088365244,-0.27427118372975434,0.05434924379541185,-0.1302054910773436,-1.0118258209440554,0.0,0.0,1.0
-0.7560734203581504,-0.27427118372975434,1.025398104264185,-1.3595555886018982,-0.11925666945375074,0.0,1.0,0.0
-1.3553551857933004,-0.8818112243219832,-0.6059639813233539,0.27957787476417384,0.7106760503530238,1.0,0.0,0.0
0.3925499633925703,1.6833578359562271,-0.5837685787983534,1.0691604577270994,0.2095845968847826,0.0,1.0,0.0
-1.5551157742717028,-1.4218468159595072,2.440355015232969,-1.9592385630041196,-0.620348122921992,0.0,0.0,1.0
-0.8559537145973374,-1.3543423670048025,-0.48943811806710114,0.7093506730857664,1.384017690950973,0.0,1.0,0.0
-0.2566719491621874,-0.004253387911011494,-0.20644673587334436,-0.15019492355741795,-0.8708938496561126,0.0,1.0,0.0
-0.45643253764056124,0.2657644079077313,-0.6170616825858541,0.689361240605692,-0.32282507242522374,0.0,1.0,0.0
-0.15679165492300043,0.670791101635884,1.5969297192829488,-1.4595027510022685,1.3526994751092078,0.0,1.0,0.0
-0.5563128318797765,-1.0168201222313547,-0.4450473130171001,0.30956202348428535,0.6167214028277286,0.0,1.0,0.0
-1.305415038673721,-1.1518290201407262,-0.27303294344834594,0.2595884422841002,0.8829262374827318,0.0,1.0,0.0
-1.105654450195319,-0.8143067753672784,0.22081476273291584,-0.7098990329994915,-0.589029907080227,0.0,1.0,0.0
1.4912332000236834,1.4808444890921508,-1.5659151405296268,3.1280720031747262,0.2252437048056651,0.0,0.0,1.0
-0.8559537145973374,-1.0168201222313547,-0.983285824248363,1.3789966611682467,0.8829262374827318,0.0,1.0,0.0
-1.305415038673721,-0.6792978774579069,0.8089929296454299,-0.929782790280306,1.0864946404542049,0.0,0.0,1.0
1.141652170186515,0.8733044484999603,0.4538664892454214,-0.8398303441199725,0.42881210777713813,0.0,1.0,0.0
-0.8559537145973374,-0.9493156732766498,-0.5116335205921017,-0.1901737885175659,0.601062294906846,0.0,1.0,0.0
-0.7560734203581504,-0.3417756326844592,-0.8556622597296099,0.6293929431654698,1.4936314463971507,0.0,1.0,0.0
1.141652170186515,1.0083133464093317,0.7479555727016785,-0.9997458039605651,-1.4972581664914142,0.0,0.0,1.0
0.7421309932297389,0.33326885686243624,1.3028406358266917,-1.4495080347622311,0.2095845968847826,0.0,0.0,1.0
0.7421309932297389,0.46827775477180766,-0.6281593838483545,0.6094035106853961,-0.416779719950519,0.0,1.0,0.0
1.3414127586648887,1.1433222443187032,1.358329142139193,-1.4894868997223791,1.0864946404542049,0.0,0.0,1.0
-0.30661209628179503,-0.8818112243219832,-0.28967949534209636,1.2590600662878026,1.5249496622389158,0.0,0.0,1.0
-0.9558340088365244,-0.6792978774579069,0.6758205144954267,-0.18017907227752872,-0.40112061202963645,0.0,0.0,1.0
-1.205534744434506,-0.6117934285032021,-0.20089788524209423,-0.11021605859726998,0.773312482036554,0.0,1.0,0.0
0.9918317288277203,0.2657644079077313,0.15977740578916438,-0.08023190987715847,0.06865262559683973,0.0,1.0,0.0
-0.506372684760169,-0.8143067753672784,-1.27182605707337,1.0691604577270994,0.06865262559683973,0.0,1.0,0.0
0.4424901105121496,0.2657644079077313,0.4205733854579206,-0.909793357800232,1.446654122634503,0.0,1.0,0.0
0.6422506989905519,0.670791101635884,0.23746131462666623,-0.4400416945184915,1.4779723384762682,0.0,1.0,0.0
0.7421309932297389,0.40077330581714116,-0.7557829483671075,0.7393348218058772,-1.1527577922319983,0.0,0.0,1.0
-0.006971213564205815,0.8733044484999603,-0.3063260472358468,1.3190283637280251,0.7889715899574365,0.0,1.0,0.0
0.09290908067498112,1.0758177953640367,-0.056627768829590794,-0.4500364107585287,-1.3563261952034713,0.0,1.0,0.0
-1.6549960685108898,-1.4893512649141738,-0.7724295002608579,0.7493295380459143,-1.638190137779357,0.0,1.0,0.0
1.241532464425702,0.1982599589530648,0.05434924379541185,0.08967826620347052,0.976880885008027,0.0,1.0,0.0
-1.2554748915541136,-0.9493156732766498,0.07099579568916226,0.48946691580495155,-0.47941615163404916,0.0,1.0,0.0
-0.006971213564205815,-0.47678453059383064,2.401513060814218,-1.799323103163527,1.0551764246124398,0.0,1.0,0.0
0.9418915817081127,0.2657644079077313,-0.9388950191983618,1.1691076201274697,0.7106760503530238,0.0,1.0,0.0
0.24272952203377574,1.210826693273408,0.5370992487141734,-0.5599782893989361,-1.6538492457002396,0.0,0.0,1.0
-1.4552354800324874,-1.0843245711860596,1.0364958055266853,-1.1596612638011576,1.4779723384762682,0.0,1.0,0.0
1.241532464425702,0.13075550999835991,-0.4727915661733507,0.2995673072442482,0.006016193913309572,0.0,1.0,0.0
0.9918317288277203,0.33326885686243624,-0.6337082344796046,0.46947748332487793,-0.4950752595549317,0.0,0.0,1.0
-1.205534744434506,-1.1518290201407262,-0.33961915102334755,0.22960429356398873,1.3370403671883253,0.0,1.0,0.0
1.2914726115453095,0.40077330581714116,0.05434924379541185,-0.2501420859577882,1.4309950147136206,0.0,1.0,0.0
1.141652170186515,0.9408088974546268,1.7522975369579523,-1.6094234946028239,-1.0118258209440554,0.0,0.0,1.0
0.4424901105121496,0.8733044484999603,1.4526596028704453,-1.5394604809225643,-0.11925666945375074,0.0,0.0,1.0
-1.8547566569892635,-1.8268735096876216,-0.9277973179358616,1.7687905945296911,-1.1684169001528808,0.0,1.0,0.0
1.3913529057844964,1.6158533870015224,-0.9056019154108611,1.7088222970894689,-1.5598945981749444,0.0,1.0,0.0
-1.704936215630469,-1.759369060732955,-0.41175420922959927,0.7793136867660251,1.24308571966303,0.0,1.0,0.0
-0.8060135674777581,-0.004253387911011494,0.08209349695166251,-0.27013151843786254,-0.07227934569110313,0.0,1.0,0.0
-1.205534744434506,-0.6792978774579069,-0.06217661946084093,-0.6199465868391584,-1.3406670872825888,0.0,1.0,0.0
1.0917120230669073,0.7382955505905888,0.07654464632041239,-0.5899624381190469,-0.29150685658345865,1.0,0.0,0.0
0.6422506989905519,0.8057999995452554,0.7146624689141776,-0.9897510877205279,-1.403303518966119,0.0,1.0,0.0
0.04296893355540185,-0.40928008163916413,-0.4173030598608494,0.16963599612376715,-1.2153942239155284,0.0,1.0,0.0
1.241532464425702,0.2657644079077313,2.3737688076579673,-1.9692332792441565,-0.9022120654978777,0.0,1.0,0.0
-1.305415038673721,-0.9493156732766498,-0.5560243256421027,0.6393876594055069,0.09997084143860481,0.0,1.0,0.0
-0.30661209628179503,0.33326885686243624,1.1641193700454384,-1.1896454125212683,1.11781285629597,0.0,1.0,0.0
-0.5563128318797765,-0.6117934285032021,-0.483889267435851,0.5494352132451739,1.384017690950973,0.0,1.0,0.0
-0.8559537145973374,-0.7468023264126119,0.9366164941641829,-1.2696031424415646,0.976880885008027,0.0,1.0,0.0
0.8420112874689257,0.670791101635884,-0.18980018397959397,-0.29012095091793616,1.2900630434256777,0.0,0.0,1.0
1.740933935621665,1.0758177953640367,0.12648430200166358,-0.5799677218790097,-0.009642914007572967,0.0,0.0,1.0
-0.506372684760169,-0.07175783686571639,0.04880039316416172,-0.5499835731588989,1.6658816335268587,0.0,1.0,0.0
-0.6062529789993558,-0.7468023264126119,-0.7613317989983577,-0.21016322099764023,-1.6538492457002396,0.0,1.0,0.0
1.6909937885020574,1.1433222443187032,-0.739136396473357,0.7093506730857664,1.6502225256059762,0.0,1.0,0.0
1.141652170186515,0.5357822037265125,0.3983779829329201,-0.8198409116398986,0.9612217770871444,0.0,0.0,1.0
1.4912332000236834,1.5483489380468558,2.1795590355642127,-1.8093178194035642,0.3818347840144905,0.0,1.0,0.0
-1.3553551857933004,-1.1518290201407262,-0.2508375409233454,-0.18017907227752872,-1.465939950649649,0.0,1.0,0.0
0.09290908067498112,-0.40928008163916413,-0.21199558650459452,-0.0002741799568625625,-0.9335302813396428,0.0,0.0,1.0
-1.205534744434506,-1.1518290201407262,-0.5615731762733529,0.7793136867660251,-0.36980239618787136,0.0,1.0,0.0
0.8420112874689257,0.5357822037265125,-0.8556622597296099,1.0691604577270994,0.39749389193537304,0.0,1.0,0.0
1.2914726115453095,0.9408088974546268,1.2085101750954395,-1.0497193851607503,0.6793578345112588,0.0,0.0,1.0
-1.605055921391282,-1.6243601628235453,-0.7835272015233582,0.6693718081256184,0.569744079065081,0.0,1.0,0.0
-0.40649239052098196,-0.7468023264126119,0.27075441841416703,0.1496465636436928,0.6636987265903762,0.0,1.0,0.0
1.0917120230669073,0.40077330581714116,0.5149038461891728,-0.94977222276038,0.2252437048056651,0.0,1.0,0.0
-0.2566719491621874,-0.47678453059383064,-0.650354786373355,0.919239714126544,1.11781285629597,0.0,1.0,0.0
0.6422506989905519,0.40077330581714116,-0.6836478901608558,0.5194510645250631,-0.3071659645043412,0.0,1.0,0.0
-1.005774155956132,-0.5442889795485355,-0.4505961636483502,-0.020263612436936897,-0.32282507242522374,0.0,1.0,0.0
-0.506372684760169,-1.1518290201407262,-0.9000530647796109,0.7193453893258035,-1.1370986843111157,0.0,0.0,1.0
-0.9558340088365244,-1.0168201222313547,-0.2286421383983449,0.9392291466066176,-1.606871921937592,0.0,1.0,0.0
-0.8559537145973374,-0.27427118372975434,-0.38955880670459875,1.478943823568617,1.3057221513465602,0.0,0.0,1.0
-1.205534744434506,-0.5442889795485355,-0.5393777737483523,0.8092978354861367,-1.6851674615420047,0.0,0.0,1.0
0.9418915817081127,-0.13926228582038291,-0.1787024827170937,0.46947748332487793,0.36617567609360796,0.0,1.0,0.0
1.041771875947328,0.46827775477180766,-0.9721881229858627,0.7793136867660251,1.6502225256059762,0.0,0.0,1.0
0.4424901105121496,0.8057999995452554,-0.11766512577334225,-0.5000099919587139,-0.2758477486625761,1.0,0.0,0.0
-0.7061332732385428,-0.6792978774579069,-0.46169386491085046,0.7693189705259886,-1.6851674615420047,0.0,1.0,0.0
1.8408142298608519,1.6158533870015224,0.0044095881141606634,-0.26013680219782537,0.601062294906846,0.0,0.0,1.0
1.740933935621665,1.4808444890921508,1.5469900636016976,-1.6394076433229345,0.021675301834192112,0.0,0.0,1.0
-2.204337686826432,-2.569422448189222,-1.5326220367421262,2.1785739603712084,-1.262371547678176,0.0,1.0,0.0
-0.6062529789993558,0.1982599589530648,0.18752165894541503,0.1796307123638036,-0.26018864074169357,0.0,0.0,1.0
-0.8060135674777581,-0.40928008163916413,-0.611512831954604,0.1796307123638036,1.4936314463971507,0.0,0.0,1.0
-1.0557143030757397,-1.4893512649141738,-0.4450473130171001,0.689361240605692,-0.3541432882669888,0.0,1.0,0.0
-0.506372684760169,-0.6792978774579069,-1.0443231811921143,1.2190812013276549,-0.996166713023173,0.0,0.0,1.0
-0.9558340088365244,-0.07175783686571639,0.1320331526329137,-0.7198937492395286,-0.8865529575769951,0.0,1.0,0.0
0.6422506989905519,0.7382955505905888,-0.4727915661733507,0.02970996876324823,1.3057221513465602,0.0,1.0,0.0
-1.2554748915541136,-1.0843245711860596,-0.27303294344834594,-0.030258328676973353,-1.1527577922319983,1.0,0.0,0.0
-1.505175627152095,-1.4218468159595072,-0.7058432926858563,0.7393348218058772,0.06865262559683973,0.0,0.0,1.0
0.6921908461101312,0.40077330581714116,0.7479555727016785,-0.639936019319232,-0.9178711734187602,1.0,0.0,0.0
1.8907543769804596,2.020880080729675,-0.6226105332171044,0.2995673072442482,-1.6851674615420047,0.0,1.0,0.0
0.4424901105121496,1.6158533870015224,-0.9277973179358616,1.0991446064472101,0.5384258632233159,0.0,1.0,0.0
-1.205534744434506,-0.8818112243219832,-0.7280386952108568,1.1491181876473953,-1.6225310298584745,0.0,0.0,1.0
-1.205534744434506,-0.9493156732766498,-0.694745591423356,0.5394404970051366,0.47578943153978576,0.0,0.0,1.0
1.4412930529040757,0.7382955505905888,0.08764234758291266,-0.6099518705991213,-0.18189310113728088,0.0,1.0,0.0
-0.9058938617169451,-0.7468023264126119,-0.7280386952108568,-0.12021077483730715,-1.3719853031243538,0.0,0.0,1.0
1.0917120230669073,0.7382955505905888,-0.3507168522858478,-0.04025304491701052,-0.18189310113728088,1.0,0.0,0.0
-0.6062529789993558,-0.13926228582038291,0.686918215757927,-1.1796506962812316,-0.6360072308428746,0.0,1.0,0.0
0.2926696691533834,0.8733044484999603,-0.04553006756709053,-0.15019492355741795,-1.6851674615420047,0.0,1.0,0.0
-2.204337686826432,-2.6369268971438884,-0.4284007611233497,0.919239714126544,0.7889715899574365,0.0,0.0,1.0
-0.7560734203581504,-1.3543423670048025,-0.4339496117545998,1.1890970526075433,0.773312482036554,0.0,0.0,1.0
1.7908740827412726,1.8858711828203034,6.213573444483059,-2.858763024607452,-1.2780306555990586,0.0,0.0,1.0
-0.45643253764056124,-0.7468023264126119,-0.3507168522858478,0.2695831585241374,1.8381318206565667,0.0,0.0,1.0
0.6422506989905519,0.6032866526811791,3.4724412326454934,-2.25908005020523,0.5540849711441984,0.0,1.0,0.0
-0.006971213564205815,0.13075550999835991,0.7535044233329286,-1.0297299526806762,-0.6829845546055221,0.0,1.0,0.0
-1.605055921391282,-1.4218468159595072,-0.6725501888983555,0.7893084030060623,0.3035392444100778,0.0,0.0,1.0
-0.10685150780339275,-0.6117934285032021,-0.46169386491085046,-0.060242477397084854,1.587586093922446,0.0,0.0,1.0
-0.9058938617169451,-1.4218468159595072,-0.7557829483671075,0.5094563482850258,1.3370403671883253,0.0,0.0,1.0
-0.6062529789993558,-1.0168201222313547,-0.06772547009209105,-0.38007339707826926,-1.638190137779357,0.0,1.0,0.0
1.141652170186515,1.210826693273408,-0.944443869829612,1.6188698509291357,1.5719269860015634,0.0,1.0,0.0
-0.5563128318797765,-0.004253387911011494,-0.650354786373355,0.3595356046844705,-0.4637570437131666,0.0,1.0,0.0
0.4924302576317573,0.6032866526811791,0.7756998258579291,-1.0197352364406391,-0.6829845546055221,0.0,1.0,0.0
-1.305415038673721,-0.6117934285032021,-0.8834065128858606,0.10966769868354485,0.6950169424321413,0.0,1.0,0.0
-0.7061332732385428,-0.3417756326844592,0.15977740578916438,-0.3300998158780841,1.1647901800586176,0.0,0.0,1.0
-0.6561931261189635,0.1982599589530648,-0.2452886902920953,-0.1302054910773436,-0.3071659645043412,0.0,0.0,1.0
-1.0557143030757397,-1.5568557138688788,-0.4173030598608494,0.3195567397243225,-0.16623399321639837,1.0,0.0,0.0
-0.8060135674777581,-1.3543423670048025,-0.0732743207233412,0.10966769868354485,0.8516080216409667,0.0,1.0,0.0
-0.5563128318797765,-0.27427118372975434,-0.9666392723546126,1.089149890207173,1.1804492879795,0.0,1.0,0.0
0.7421309932297389,0.670791101635884,0.20971706147041558,-0.030258328676973353,0.16260727312213497,0.0,0.0,1.0
0.19278937491416806,-0.40928008163916413,-0.051078918198340664,0.039704685003285396,0.06865262559683973,1.0,0.0,0.0
1.141652170186515,0.46827775477180766,0.4039268335641702,-0.6599254517993064,0.4914485394606683,0.0,1.0,0.0
-0.9058938617169451,-1.2868379180500975,-0.8723088116233603,0.3495408884444333,-1.1057804684693506,0.0,1.0,0.0
0.8420112874689257,-0.07175783686571639,-0.5837685787983534,0.7893084030060623,1.2744039355047951,0.0,0.0,1.0
0.8420112874689257,0.6032866526811791,0.5370992487141734,-0.8698144928400837,-1.027484928864938,0.0,1.0,0.0
-1.1555945973149266,-0.6117934285032021,-0.3451680016545977,-0.17018435603749227,-0.7456209862890523,0.0,1.0,0.0
-0.10685150780339275,-0.6117934285032021,0.03770269190166146,-0.4400416945184915,-0.2288704248999285,0.0,1.0,0.0
-0.45643253764056124,-1.0843245711860596,-0.6281593838483545,0.7893084030060623,-0.6360072308428746,0.0,1.0,0.0
-0.40649239052098196,-1.0168201222313547,-0.9166996166733613,1.359007228688173,0.5540849711441984,0.0,1.0,0.0
1.2914726115453095,1.0083133464093317,1.9187630558954565,-1.2496137099614908,0.6167214028277286,0.0,1.0,0.0
-0.8060135674777581,-0.5442889795485355,-0.6337082344796046,0.5494352132451739,-1.5129172744122967,0.0,1.0,0.0
0.4924302576317573,0.670791101635884,-0.17315363208584358,0.689361240605692,0.08431173351772227,0.0,0.0,1.0
-0.2566719491621874,0.46827775477180766,-0.6448059357421049,1.6488539996492466,-1.575553706095827,0.0,0.0,1.0
0.04296893355540185,0.9408088974546268,2.07413087357046,-1.8093178194035642,-1.4502808427287666,0.0,0.0,1.0
0.9418915817081127,0.6032866526811791,0.19307050957666516,-0.8598197766000468,-1.262371547678176,0.0,1.0,0.0
0.14284922779458878,0.46827775477180766,-0.0011392625170894694,-0.7698673304397138,0.24090281272654765,0.0,1.0,0.0
1.740933935621665,1.6158533870015224,-1.1053605381358658,0.4494880508448036,-0.4950752595549317,0.0,1.0,0.0
0.9418915817081127,0.1982599589530648,-0.3007771966045966,0.6293929431654698,-1.3093488714408237,0.0,1.0,0.0
0.6921908461101312,0.7382955505905888,-0.37291225481084833,0.4494880508448036,0.8046306978783191,0.0,1.0,0.0
0.4424901105121496,0.5357822037265125,-0.483889267435851,0.3595356046844705,1.211767503821265,0.0,0.0,1.0
0.6422506989905519,0.7382955505905888,0.11538660073916332,-0.470025843238603,-0.823916525893465,0.0,1.0,0.0
0.2926696691533834,0.40077330581714116,-0.4727915661733507,-0.030258328676973353,-0.6360072308428746,0.0,1.0,0.0
-0.6062529789993558,-0.2067667347750878,-0.4450473130171001,0.72934010556584,0.5227667553024333,0.0,0.0,1.0
0.24272952203377574,-0.40928008163916413,-0.9943835255108632,0.6193982269254332,-0.2288704248999285,1.0,0.0,0.0
0.24272952203377574,-0.40928008163916413,1.8743722508454552,-1.6194182108428605,-1.1997351159946459,0.0,0.0,1.0
-0.506372684760169,0.06325106104369341,0.43721993735167103,-1.0797035338808614,-0.7143027704472872,0.0,1.0,0.0
0.09290908067498112,1.210826693273408,-0.5726708775358531,0.8192925517261738,1.0551764246124398,0.0,1.0,0.0
0.04296893355540185,0.06325106104369341,-0.5338289231171022,0.9292344303665805,-0.7299618783681697,0.0,0.0,1.0
-1.7548763627500765,-1.8268735096876216,-0.21199558650459452,0.2096148610839151,0.8516080216409667,0.0,1.0,0.0
-0.8559537145973374,-1.1518290201407262,-0.5948662800608536,0.689361240605692,-0.6673254466846396,0.0,1.0,0.0
-1.305415038673721,-1.0168201222313547,-0.38955880670459875,0.5094563482850258,-0.6986436625264046,1.0,0.0,0.0
1.8408142298608519,1.8183667338655987,-0.9999323761421133,1.6788381483693573,1.3526994751092078,0.0,1.0,0.0
-0.8559537145973374,-1.0843245711860596,-0.0011392625170894694,0.33954617220439615,-0.6046890150011095,0.0,0.0,1.0
-0.006971213564205815,-0.6117934285032021,0.4705130411391718,-0.9197880740402689,0.7419942661947889,0.0,0.0,1.0
0.2926696691533834,-0.3417756326844592,2.6956021442704747,-1.8592914006037493,-0.6829845546055221,0.0,1.0,0.0
-0.5563128318797765,-0.8818112243219832,-0.7613317989983577,0.9792080115667656,0.9299035612453793,0.0,0.0,1.0
-0.8559537145973374,-0.7468023264126119,0.9255187929016827,-0.8198409116398986,-1.5598945981749444,1.0,0.0,0.0
0.5923105518709442,1.0083133464093317,-0.2286421383983449,0.9492238628466548,-1.638190137779357,0.0,0.0,1.0
1.2914726115453095,1.4133400401374843,0.3983779829329201,-0.01026889619689973,1.6032452018433285,0.0,0.0,1.0
0.7920711403493464,0.46827775477180766,1.397171096557944,-1.6194182108428605,-0.416779719950519,0.0,0.0,1.0
-2.054517245467666,-2.299404652370441,0.09874004884541292,0.10966769868354485,0.08431173351772227,0.0,1.0,0.0
1.8907543769804596,1.95337563177497,-0.13986052829834278,-0.5699730056389732,1.1334719642168525,0.0,1.0,0.0
-0.7061332732385428,-0.2067667347750878,0.5315503980829233,-0.7798620466797502,0.03733440975507465,0.0,0.0,1.0
-0.6062529789993558,0.1982599589530648,-0.9610904217233625,1.8987219056501723,-0.21321131697904597,0.0,0.0,1.0
1.6909937885020574,1.210826693273408,0.13758200326416384,-0.4100575457983807,0.9925399929289095,0.0,1.0,0.0
0.9918317288277203,0.5357822037265125,-0.522731221854602,0.6293929431654698,-1.4189626268870015,0.0,0.0,1.0
-1.405295332912908,-1.0843245711860596,1.7966883420079536,-1.399534453562046,0.03733440975507465,0.0,0.0,1.0
0.4924302576317573,0.06325106104369341,1.2029613244641892,-0.929782790280306,-1.6538492457002396,1.0,0.0,0.0
-1.005774155956132,-1.3543423670048025,-0.5893174294296035,-0.08023190987715847,-0.32282507242522374,0.0,1.0,0.0
-0.006971213564205815,-0.47678453059383064,-0.733587545842107,0.3895197534045813,0.47578943153978576,0.0,0.0,1.0
1.3913529057844964,0.5357822037265125,-0.12876282703584252,-0.05024776115704769,-1.3250079793617062,0.0,1.0,0.0
-0.45643253764056124,-1.1518290201407262,0.10983775010791318,-0.6299413030791948,-1.2153942239155284,0.0,1.0,0.0
-0.506372684760169,-0.004253387911011494,-1.1220070900296162,1.7388064458095798,0.601062294906846,0.0,0.0,1.0
0.24272952203377574,0.9408088974546268,-0.8279180065733592,1.1890970526075433,-0.620348122921992,0.0,0.0,1.0
1.141652170186515,0.06325106104369341,0.1320331526329137,-0.2201579372376774,-1.1997351159946459,0.0,0.0,1.0
0.9418915817081127,0.6032866526811791,-0.6559036370046051,0.6193982269254332,-1.2780306555990586,0.0,0.0,1.0
-0.9558340088365244,-0.6792978774579069,-0.23419098902959504,0.04969940124332256,-0.7769392021308174,0.0,1.0,0.0
1.2914726115453095,0.2657644079077313,0.5481969499766737,-0.38007339707826926,-0.36980239618787136,0.0,1.0,0.0
1.041771875947328,0.670791101635884,-0.9721881229858627,0.99919744404684,1.5249496622389158,0.0,1.0,0.0
0.4924302576317573,0.8057999995452554,-0.7058432926858563,0.2096148610839151,-0.6829845546055221,0.0,1.0,0.0
-1.5551157742717028,-1.69186461177825,0.09319119821416279,-0.8798092090801208,0.13128905728036988,0.0,0.0,1.0
-0.45643253764056124,-0.7468023264126119,0.7812486764891792,-1.279597858681602,0.03733440975507465,0.0,1.0,0.0
-1.4552354800324874,-1.1518290201407262,-0.2619352421858457,0.1496465636436928,0.5227667553024333,1.0,0.0,0.0
1.0917120230669073,0.2657644079077313,-0.46169386491085046,0.7493295380459143,0.9299035612453793,0.0,0.0,1.0
0.04296893355540185,-0.6117934285032021,0.06544694505791213,-0.6299413030791948,1.6658816335268587,0.0,1.0,0.0
-0.5563128318797765,0.06325106104369341,2.2461452431392144,-1.6593970758030088,1.3213812592674428,0.0,1.0,0.0
0.24272952203377574,1.0758177953640367,0.1986193602079153,-0.7498778979596394,0.9455626691662619,0.0,1.0,0.0
0.9418915817081127,0.46827775477180766,-0.15650708019209317,-0.24014736971775102,-0.589029907080227,0.0,0.0,1.0
-0.9558340088365244,-1.2868379180500975,-0.8279180065733592,0.9792080115667656,-0.3541432882669888,0.0,0.0,1.0
1.8907543769804596,1.6833578359562271,1.1585705194141882,-1.4894868997223791,1.0551764246124398,1.0,0.0,0.0
1.9406945241000388,2.08838452968438,0.7146624689141776,-0.5599782893989361,0.4601303236189032,0.0,0.0,1.0
0.4424901105121496,0.5357822037265125,-0.3507168522858478,-0.10022134235723282,-1.5285763823331793,0.0,1.0,0.0
1.9906346712196465,2.08838452968438,-0.7280386952108568,-0.020263612436936897,0.3818347840144905,1.0,0.0,0.0
0.7421309932297389,0.7382955505905888,2.978593526464232,-2.1291487390847488,-0.07227934569110313,0.0,1.0,0.0
0.2926696691533834,1.0758177953640367,-0.36736340417959823,-0.8498250603600097,-0.6046890150011095,0.0,0.0,1.0
0.24272952203377574,-0.004253387911011494,-0.7002944420546061,0.4494880508448036,0.6950169424321413,0.0,1.0,0.0
1.8907543769804596,1.8183667338655987,-0.9721881229858627,0.9292344303665805,0.9299035612453793,0.0,0.0,1.0
-1.2554748915541136,-0.8818112243219832,-0.4783404168046009,-0.24014736971775102,0.06865262559683973,0.0,1.0,0.0
1.6909937885020574,1.5483489380468558,0.0044095881141606634,-0.1302054910773436,-0.18189310113728088,0.0,1.0,0.0
0.24272952203377574,-0.13926228582038291,-0.522731221854602,0.3895197534045813,0.8829262374827318,0.0,1.0,0.0
-1.4552354800324874,-1.0168201222313547,0.08764234758291266,-0.38007339707826926,-1.6851674615420047,0.0,1.0,0.0
-1.205534744434506,-0.3417756326844592,0.46496419050792165,-0.6899096005194172,1.8224727127356841,1.0,0.0,0.0
0.2926696691533834,-0.13926228582038291,0.6647228132329265,-1.1096876826009725,0.3035392444100778,0.0,0.0,1.0
-1.704936215630469,-1.5568557138688788,0.6369785600766757,-0.8997986415601948,-0.26018864074169357,1.0,0.0,0.0
0.3925499633925703,0.6032866526811791,-0.09546972324834173,0.6193982269254332,-0.8082574179725824,0.0,0.0,1.0
-0.2566719491621874,-0.8818112243219832,-1.2107887001296183,1.1890970526075433,0.09997084143860481,0.0,0.0,1.0
1.5911134942628704,0.9408088974546268,0.39282913230166994,-0.4500364107585287,-0.6986436625264046,0.0,1.0,0.0
-0.9558340088365244,-0.7468023264126119,-1.033225479929614,0.6193982269254332,1.0238582087706747,0.0,0.0,1.0
-1.0557143030757397,-1.6243601628235453,0.05989809442666199,-0.10022134235723282,-1.1370986843111157,0.0,1.0,0.0
0.6921908461101312,0.8057999995452554,0.009958438745410796,-0.37007868083823275,-1.2467124397572935,0.0,0.0,1.0
1.2914726115453095,1.1433222443187032,0.015507289376660929,-0.5899624381190469,0.4601303236189032,0.0,1.0,0.0
1.2914726115453095,0.670791101635884,2.562429729120472,-1.9292544142840085,0.4601303236189032,0.0,1.0,0.0
0.4424901105121496,0.670791101635884,0.09319119821416279,-0.12021077483730715,0.3035392444100778,0.0,0.0,1.0
1.8408142298608519,1.750862284910932,-0.611512831954604,0.329551455964359,1.2744039355047951,0.0,0.0,1.0
-1.405295332912908,-1.4218468159595072,1.153021668782938,-1.0996929663609354,1.2587448275839126,0.0,0.0,1.0
1.3414127586648887,0.33326885686243624,-1.5326220367421262,2.77825693477343,1.3996767988718555,0.0,1.0,0.0
-0.10685150780339275,-0.2067667347750878,-0.6004151306921038,0.02970996876324823,-0.1035975615328682,0.0,1.0,0.0
1.8408142298608519,1.95337563177497,-0.43949846238584994,0.9792080115667656,-1.6538492457002396,1.0,0.0,0.0
-1.2554748915541136,-0.7468023264126119,-0.5338289231171022,0.3495408884444333,-1.6851674615420047,0.0,1.0,0.0
0.14284922779458878,1.210826693273408,-0.17315363208584358,0.30956202348428535,-0.7925983100516999,0.0,1.0,0.0
-0.3565522434013743,-0.8143067753672784,-1.0998116875046158,0.7693189705259886,1.4309950147136206,0.0,1.0,0.0
-1.2554748915541136,-1.1518290201407262,0.026604990639161195,0.07968354996343335,-1.1057804684693506,0.0,1.0,0.0
-1.3553551857933004,-1.0843245711860596,-0.4450473130171001,-0.060242477397084854,-0.7612800942099348,0.0,1.0,0.0
-0.45643253764056124,-0.004253387911011494,-0.8057226040483587,0.6593770918855812,-1.262371547678176,0.0,1.0,0.0
0.5923105518709442,0.5357822037265125,0.9532630460579333,-1.1096876826009725,-1.090121360548468,0.0,1.0,0.0
-1.005774155956132,-0.40928008163916413,-0.27303294344834594,0.04969940124332256,-0.8552347417352301,1.0,0.0,0.0
0.5923105518709442,0.8057999995452554,0.10428889947666305,-0.5899624381190469,1.5092905543180333,0.0,1.0,0.0
-1.605055921391282,-1.4218468159595072,-0.6614524876358553,0.5394404970051366,-0.589029907080227,0.0,1.0,0.0
-0.45643253764056124,-0.8143067753672784,-0.611512831954604,1.0091921602868772,-0.36980239618787136,0.0,1.0,0.0
0.24272952203377574,1.0758177953640367,-0.5116335205921017,0.5394404970051366,1.5092905543180333,0.0,1.0,0.0
1.0917120230669073,0.6032866526811791,-1.316216862123371,1.3390177962080987,-0.7769392021308174,0.0,0.0,1.0
0.8919514345885334,0.6032866526811791,-0.5005358193296015,-0.35008924835815847,-1.1684169001528808,0.0,1.0,0.0
2.0905149654588335,2.2908978765484176,-0.45614501427960036,0.9392291466066176,-0.18189310113728088,0.0,1.0,0.0
-0.15679165492300043,0.33326885686243624,0.3040475222016678,-0.46003112699856585,0.4131529998562556,0.0,0.0,1.0
-0.15679165492300043,-0.40928008163916413,0.6147831575516752,-1.0197352364406391,-0.2288704248999285,0.0,1.0,0.0
-0.7560734203581504,-0.40928008163916413,-0.09546972324834173,0.7393348218058772,-1.3719853031243538,0.0,0.0,1.0
1.241532464425702,0.33326885686243624,-0.1787024827170937,-0.05024776115704769,0.6167214028277286,0.0,1.0,0.0
-0.15679165492300043,-0.27427118372975434,0.0044095881141606634,-0.5599782893989361,-0.26018864074169357,0.0,0.0,1.0
-0.7061332732385428,-0.2067667347750878,-0.4228519104920995,-0.09022662611719565,-0.651666338763757,1.0,0.0,0.0
-0.10685150780339275,-0.2067667347750878,0.4705130411391718,-0.5799677218790097,-0.18189310113728088,0.0,1.0,0.0
0.6422506989905519,0.33326885686243624,-0.8279180065733592,0.5794193619652847,-0.6986436625264046,0.0,1.0,0.0
1.9406945241000388,2.2233934275937512,-0.1787024827170937,-0.5699730056389732,0.8359489137200842,0.0,0.0,1.0
-1.3553551857933004,-0.9493156732766498,-1.0054812267733635,0.7593242542859515,0.03733440975507465,0.0,1.0,0.0
0.09290908067498112,1.0758177953640367,1.2639986814079407,-1.3595555886018982,-1.3719853031243538,0.0,1.0,0.0
-1.1555945973149266,-0.8143067753672784,1.979800412839208,-1.5494551971626014,1.2274266117421475,0.0,1.0,0.0
1.740933935621665,1.750862284910932,0.3484383272516689,-0.5799677218790097,0.006016193913309572,0.0,1.0,0.0
-0.6561931261189635,-0.004253387911011494,0.08764234758291266,-0.7398831817196023,1.3996767988718555,0.0,1.0,0.0
-0.6062529789993558,0.06325106104369341,-0.32297259912959714,0.7393348218058772,1.24308571966303,0.0,1.0,0.0
1.141652170186515,1.0083133464093317,1.4138176484516942,-1.3895397373220089,-1.575553706095827,0.0,1.0,0.0
-0.6062529789993558,-0.8818112243219832,-0.2286421383983449,-0.05024776115704769,-0.29150685658345865,0.0,0.0,1.0
-0.40649239052098196,0.1982599589530648,-0.5504754750108526,0.6993559568457292,-1.3563261952034713,0.0,1.0,0.0
0.7421309932297389,0.7382955505905888,-0.7946249027858584,0.3495408884444333,0.06865262559683973,0.0,0.0,1.0
-0.6062529789993558,-0.40928008163916413,-0.8445645584671096,1.408980809888358,0.9925399929289095,0.0,1.0,0.0
-0.5563128318797765,0.1982599589530648,0.06544694505791213,-0.4800205594786395,-0.9022120654978777,0.0,0.0,1.0
1.1915923173060943,1.210826693273408,0.603685456289175,-0.9997458039605651,0.2252437048056651,0.0,1.0,0.0
1.6410536413824781,1.1433222443187032,-0.0011392625170894694,-0.15019492355741795,1.7754953889730365,0.0,1.0,0.0
-0.20673180204257968,0.06325106104369341,2.8731653644704793,-1.9592385630041196,-0.7456209862890523,0.0,1.0,0.0
-0.2566719491621874,-0.40928008163916413,-0.8279180065733592,1.8787324731700978,1.3683585830300904,0.0,1.0,0.0
-0.7061332732385428,-0.27427118372975434,0.1320331526329137,-0.5000099919587139,-1.3563261952034713,0.0,1.0,0.0
-0.9558340088365244,-1.69186461177825,-0.2563863915545956,0.36953032092450766,0.7106760503530238,0.0,1.0,0.0
-0.5563128318797765,-0.9493156732766498,-0.12321397640459239,-0.020263612436936897,0.09997084143860481,0.0,0.0,1.0
-1.3553551857933004,-1.4218468159595072,1.4304642003454446,-1.5294657646825274,-0.5107343674758142,0.0,1.0,0.0
-1.0557143030757397,-0.2067667347750878,3.633357900951747,-2.3190483476454524,-1.262371547678176,0.0,1.0,0.0
0.2926696691533834,-0.2067667347750878,0.43167108672042087,-0.67991488427938,1.211767503821265,0.0,1.0,0.0
0.4924302576317573,1.0758177953640367,0.38728028167041983,-0.4200522620384179,0.7576533741156715,0.0,0.0,1.0
0.19278937491416806,0.2657644079077313,0.026604990639161195,-0.37007868083823275,-1.3563261952034713,0.0,0.0,1.0
-0.7560734203581504,-0.8818112243219832,0.6813693651266768,-1.1696559800411945,-1.4502808427287666,0.0,0.0,1.0
0.19278937491416806,-0.2067667347750878,0.8478348840641808,-1.259608426201528,0.11562994935948734,0.0,1.0,0.0
1.2914726115453095,1.2783311422280745,0.5204526968204229,-0.909793357800232,-0.29150685658345865,0.0,1.0,0.0
-0.9558340088365244,-1.4893512649141738,-0.5948662800608536,0.9792080115667656,1.415335906792738,0.0,1.0,0.0
0.3925499633925703,1.2783311422280745,0.4538664892454214,-1.1696559800411945,1.618904309764211,0.0,0.0,1.0
0.6921908461101312,0.40077330581714116,-0.522731221854602,0.3895197534045813,1.6032452018433285,0.0,1.0,0.0
-1.4552354800324874,-0.9493156732766498,-0.5393777737483523,-0.29012095091793616,-0.7612800942099348,0.0,1.0,0.0
-0.506372684760169,0.1982599589530648,1.8244325951642042,-1.5994287783627865,1.7754953889730365,0.0,1.0,0.0
1.9406945241000388,2.08838452968438,-0.6337082344796046,0.9292344303665805,1.4309950147136206,0.0,1.0,0.0
1.4412930529040757,1.750862284910932,-1.1719467457108674,1.9886743518105052,-1.3093488714408237,0.0,1.0,0.0
0.5423704047513649,0.9408088974546268,-0.04553006756709053,-0.1302054910773436,-0.823916525893465,0.0,1.0,0.0
-1.2554748915541136,-0.9493156732766498,-0.23419098902959504,0.3895197534045813,-0.26018864074169357,0.0,1.0,0.0
1.1915923173060943,1.4133400401374843,-0.4672427155421006,0.039704685003285396,-1.2467124397572935,0.0,1.0,0.0
0.09290908067498112,0.1982599589530648,-0.5060846699608516,0.009720536283174605,1.587586093922446,0.0,0.0,1.0
-0.20673180204257968,0.13075550999835991,1.1308262662579376,-1.5194710484424903,-0.13491577737463328,0.0,1.0,0.0
2.0905149654588335,2.560915672367199,-0.7668806496296078,1.3889913774082838,0.5384258632233159,0.0,1.0,0.0
-1.2554748915541136,-1.0843245711860596,0.8089929296454299,-1.1896454125212683,-1.4502808427287666,0.0,0.0,1.0
1.7908740827412726,1.210826693273408,-1.7601249126233816,2.67830977237306,0.6323805107486111,0.0,1.0,0.0
-0.5563128318797765,-0.004253387911011494,0.8533837346954309,-1.1196823988410094,-0.8082574179725824,0.0,1.0,0.0
0.09290908067498112,0.06325106104369341,-0.5504754750108526,1.1091393226872475,-1.0431440367858205,0.0,1.0,0.0
-0.7560734203581504,-0.8818112243219832,0.1986193602079153,-0.6099518705991213,0.31919835233096033,0.0,1.0,0.0
0.6422506989905519,0.1982599589530648,-0.43949846238584994,0.1496465636436928,1.3996767988718555,0.0,1.0,0.0
-1.2554748915541136,-0.8143067753672784,-1.27737490770462,1.7288117295695424,-1.6851674615420047,0.0,1.0,0.0
0.4924302576317573,1.0758177953640367,-1.0387743305608643,2.3484841364518383,0.5540849711441984,0.0,1.0,0.0
1.0917120230669073,0.6032866526811791,-0.2841306447108462,0.4195039021246928,-0.7925983100516999,0.0,0.0,1.0
1.041771875947328,0.6032866526811791,0.6591739626016763,-0.9697616552404539,1.2274266117421475,0.0,1.0,0.0
-0.6062529789993558,-0.004253387911011494,-0.012236963779589735,-0.01026889619689973,1.2900630434256777,0.0,1.0,0.0
0.04296893355540185,1.0083133464093317,-1.1386536419233666,1.398986093648321,-1.2780306555990586,0.0,1.0,0.0
0.04296893355540185,-0.27427118372975434,-0.21199558650459452,-0.20016850475760306,0.773312482036554,0.0,0.0,1.0
0.24272952203377574,-0.40928008163916413,0.5703923525016742,-0.38007339707826926,-0.07227934569110313,1.0,0.0,0.0
1.041771875947328,0.46827775477180766,-0.9999323761421133,0.9292344303665805,-1.0431440367858205,0.0,1.0,0.0
1.241532464425702,1.0083133464093317,0.353987177882919,-0.7598726141996767,1.3526994751092078,0.0,1.0,0.0
1.2914726115453095,1.0083133464093317,-0.6226105332171044,-0.11021605859726998,1.6502225256059762,0.0,1.0,0.0
1.141652170186515,0.06325106104369341,-1.2107887001296183,1.26905478252784,0.4131529998562556,0.0,1.0,0.0
-1.2554748915541136,-0.40928008163916413,1.6191251218079492,-1.3395661561218237,-0.04096112984933804,0.0,0.0,1.0
1.2914726115453095,1.4133400401374843,-1.3939007709608728,2.8482199484536896,-1.6851674615420047,0.0,1.0,0.0
1.0917120230669073,1.0758177953640367,-0.8501134090983598,1.049171025247025,-0.6046890150011095,0.0,0.0,1.0
0.2926696691533834,1.1433222443187032,-0.06217661946084093,0.3895197534045813,1.211767503821265,0.0,1.0,0.0
-0.30661209628179503,0.6032866526811791,-0.36736340417959823,0.009720536283174605,-1.575553706095827,0.0,0.0,1.0
-2.154397539706853,-2.6369268971438884,-0.7280386952108568,0.7893084030060623,0.14694816520125242,0.0,1.0,0.0
-2.054517245467666,-2.299404652370441,-0.0399812169358404,-0.14020020731738078,-0.056620237770220586,0.0,0.0,1.0
-1.405295332912908,-1.2868379180500975,0.9588118966891834,-0.909793357800232,1.5092905543180333,0.0,1.0,0.0
-0.30661209628179503,0.33326885686243624,-0.13986052829834278,-0.3900681133183064,0.9612217770871444,0.0,1.0,0.0
0.5423704047513649,0.8057999995452554,1.3028406358266917,-1.0397246689207131,1.2274266117421475,0.0,1.0,0.0
-0.9058938617169451,-0.7468023264126119,-1.449389277273374,1.398986093648321,-1.403303518966119,0.0,1.0,0.0
0.7421309932297389,0.5357822037265125,-0.8723088116233603,1.2390706338077284,0.8985853454036143,0.0,1.0,0.0
-0.40649239052098196,0.40077330581714116,-0.5338289231171022,1.089149890207173,-0.3541432882669888,0.0,0.0,1.0
-1.5551157742717028,-1.2868379180500975,0.08764234758291266,-0.6299413030791948,1.9007682523400968,0.0,1.0,0.0
1.5911134942628704,0.8733044484999603,-0.8112714546796088,1.2890442150079136,-1.4972581664914142,0.0,1.0,0.0
0.6422506989905519,0.33326885686243624,-0.9666392723546126,0.7693189705259886,-0.589029907080227,0.0,1.0,0.0
-1.605055921391282,-1.3543423670048025,0.7535044233329286,-1.0297299526806762,-0.9648484971814079,0.0,1.0,0.0
-1.305415038673721,-1.0843245711860596,-0.944443869829612,1.0591657414870623,1.759836281052154,0.0,1.0,0.0
1.2914726115453095,1.4133400401374843,0.7146624689141776,-1.1296771150810465,1.1334719642168525,0.0,1.0,0.0
1.1915923173060943,0.13075550999835991,-1.155300193817117,0.5494352132451739,-0.8552347417352301,0.0,1.0,0.0
-1.3553551857933004,-0.8818112243219832,0.2652055677829169,-0.4200522620384179,0.6323805107486111,0.0,1.0,0.0
1.8907543769804596,2.08838452968438,-0.4505961636483502,0.21960957732395228,-1.2936897635199411,0.0,1.0,0.0
0.7421309932297389,0.40077330581714116,4.953984351189279,-2.578910969886415,0.28788013648919525,0.0,0.0,1.0
1.1915923173060943,1.210826693273408,-0.6836478901608558,0.6094035106853961,1.4779723384762682,0.0,1.0,0.0
0.19278937491416806,1.210826693273408,0.07654464632041239,-0.6899096005194172,1.587586093922446,0.0,0.0,1.0
1.8408142298608519,1.3458355911827795,-0.7613317989983577,0.8592714166863218,-0.4950752595549317,0.0,0.0,1.0
-1.105654450195319,-1.4893512649141738,0.1320331526329137,-0.5699730056389732,-0.8552347417352301,0.0,1.0,0.0
0.04296893355540185,-0.27427118372975434,0.6092343069204251,-0.639936019319232,0.9455626691662619,0.0,1.0,0.0
0.9418915817081127,0.6032866526811791,-0.3118748978670969,-0.30011566715797333,-1.1370986843111157,0.0,0.0,1.0
0.34260981627296266,-0.27427118372975434,-0.017785814410839866,-0.280126234677899,-1.3876444110452364,0.0,0.0,1.0
-0.30661209628179503,-0.8818112243219832,-0.1953490346108441,-0.2201579372376774,0.06865262559683973,0.0,1.0,0.0
2.1903952596980205,2.4259067744578275,-0.16205593082334332,-0.11021605859726998,1.4309950147136206,0.0,0.0,1.0
-0.7061332732385428,-0.07175783686571639,0.7146624689141776,-0.7698673304397138,-1.5912128140167094,0.0,0.0,1.0
-1.2554748915541136,-0.9493156732766498,-0.8834065128858606,1.3490125124481358,1.3213812592674428,0.0,1.0,0.0
-0.506372684760169,0.13075550999835991,-0.9000530647796109,2.248536974051468,-0.24452953282081105,0.0,1.0,0.0
-1.605055921391282,-1.3543423670048025,-0.23419098902959504,0.16963599612376715,1.932086468181862,0.0,1.0,0.0
1.4912332000236834,0.8057999995452554,-0.46169386491085046,0.39951446964461845,0.5384258632233159,0.0,1.0,0.0
0.2926696691533834,0.40077330581714116,2.1740101849329623,-1.799323103163527,-1.3093488714408237,0.0,1.0,0.0
-0.7560734203581504,-0.7468023264126119,1.030946954895435,-0.8098461953998617,1.5249496622389158,0.0,1.0,0.0
0.3925499633925703,1.6158533870015224,-0.41175420922959927,0.36953032092450766,0.4914485394606683,0.0,0.0,1.0
0.34260981627296266,0.46827775477180766,0.009958438745410796,0.1296571311636185,-0.40112061202963645,0.0,1.0,0.0
-0.30661209628179503,-0.6792978774579069,-0.6891967407921059,1.1691076201274697,-0.7143027704472872,1.0,0.0,0.0
0.34260981627296266,0.8733044484999603,0.12648430200166358,-0.29012095091793616,-0.7769392021308174,0.0,0.0,1.0
-0.506372684760169,0.1982599589530648,-0.5116335205921017,-0.01026889619689973,-0.4637570437131666,0.0,0.0,1.0
0.7920711403493464,0.6032866526811791,-0.8556622597296099,1.1191340389272846,0.3818347840144905,0.0,1.0,0.0
-0.8060135674777581,-1.1518290201407262,-0.483889267435851,0.8492767004462846,-0.5420525833175793,0.0,1.0,0.0
-1.105654450195319,-1.0843245711860596,0.9699095979516837,-0.67991488427938,1.0864946404542049,0.0,1.0,0.0
0.8919514345885334,-0.004253387911011494,1.3416825902454426,-1.6094234946028239,1.415335906792738,0.0,0.0,1.0
-1.405295332912908,-1.0168201222313547,-0.5116335205921017,0.7893084030060623,1.2587448275839126,0.0,1.0,0.0
0.6422506989905519,0.2657644079077313,-0.21199558650459452,-0.020263612436936897,1.24308571966303,0.0,0.0,1.0
-0.7061332732385428,0.06325106104369341,-0.03443236630459026,-0.6099518705991213,-1.3093488714408237,0.0,1.0,0.0
0.2926696691533834,-0.004253387911011494,0.5315503980829233,-0.8997986415601948,-0.009642914007572967,0.0,1.0,0.0
0.2926696691533834,-0.13926228582038291,0.009958438745410796,-0.38007339707826926,0.9142444533244969,1.0,0.0,0.0
-0.9058938617169451,-0.9493156732766498,-0.5893174294296035,-0.05024776115704769,-1.575553706095827,0.0,1.0,0.0
-1.3553551857933004,-0.8818112243219832,-0.48943811806710114,0.3795250371645441,-1.3093488714408237,0.0,0.0,1.0
-0.7061332732385428,-0.47678453059383064,-0.16205593082334332,0.07968354996343335,1.0864946404542049,0.0,0.0,1.0
0.34260981627296266,0.13075550999835991,-0.2563863915545956,-0.4100575457983807,-1.5285763823331793,0.0,1.0,0.0
1.8408142298608519,1.6833578359562271,0.5648435018704241,-0.40006282955834355,0.27222102856831276,0.0,1.0,0.0
1.041771875947328,0.40077330581714116,-0.8556622597296099,1.359007228688173,-1.606871921937592,0.0,1.0,0.0
0.4424901105121496,0.9408088974546268,-0.5837685787983534,0.5394404970051366,0.16260727312213497,0.0,0.0,1.0
1.3414127586648887,1.4133400401374843,0.02105614000791106,-0.2501420859577882,-1.1684169001528808,0.0,1.0,0.0
0.7421309932297389,0.40077330581714116,-0.07882317135459133,0.18962542860384077,1.5092905543180333,0.0,1.0,0.0
0.19278937491416806,0.13075550999835991,-0.8834065128858606,0.72934010556584,-1.606871921937592,0.0,0.0,1.0
0.3925499633925703,0.5357822037265125,1.1197285649954374,-1.2895925749216386,-1.0744622526275855,0.0,1.0,0.0
0.8919514345885334,0.5357822037265125,-0.17315363208584358,-0.12021077483730715,-0.18189310113728088,0.0,0.0,1.0
1.9406945241000388,2.08838452968438,-0.5504754750108526,0.10966769868354485,-1.4972581664914142,0.0,1.0,0.0
1.9906346712196465,2.020880080729675,-0.4727915661733507,0.6793665243656548,-1.2153942239155284,0.0,0.0,1.0
0.34260981627296266,0.670791101635884,-0.7557829483671075,0.8292872679662102,-0.589029907080227,0.0,1.0,0.0
0.14284922779458878,1.2783311422280745,0.8478348840641808,-0.8498250603600097,1.24308571966303,0.0,1.0,0.0
0.7421309932297389,0.46827775477180766,0.31514522346416807,-0.46003112699856585,0.6636987265903762,0.0,1.0,0.0
1.141652170186515,0.5357822037265125,1.23625442825169,-1.2196295612413797,0.3035392444100778,0.0,0.0,1.0
0.14284922779458878,0.7382955505905888,0.3706337297766694,-0.909793357800232,0.7576533741156715,0.0,1.0,0.0
0.5923105518709442,0.2657644079077313,-0.12876282703584252,0.4394933346047664,-0.8552347417352301,0.0,1.0,0.0
0.04296893355540185,0.9408088974546268,0.4982572942954225,-0.8698144928400837,-1.0431440367858205,0.0,1.0,0.0
0.24272952203377574,-0.27427118372975434,-0.9610904217233625,1.0191868765269143,1.7441771731312714,0.0,1.0,0.0
-1.505175627152095,-1.5568557138688788,-1.244081803917119,2.0086637842905795,0.31919835233096033,0.0,1.0,0.0
1.740933935621665,1.3458355911827795,-0.5726708775358531,0.5094563482850258,-1.1840760080737633,0.0,1.0,0.0
0.2926696691533834,-0.004253387911011494,-0.18980018397959397,-0.4100575457983807,-0.19755220905816342,0.0,1.0,0.0
-1.2554748915541136,-0.47678453059383064,1.0697889093141861,-1.0097405202006022,-1.1840760080737633,0.0,1.0,0.0
-1.105654450195319,-1.69186461177825,0.5093549955579227,-1.0097405202006022,0.569744079065081,0.0,1.0,0.0
-1.205534744434506,-0.27427118372975434,-1.1608490444483672,1.3090336474879878,-1.575553706095827,0.0,0.0,1.0
0.34260981627296266,0.8057999995452554,-0.777978350892108,0.7893084030060623,-0.43243882787140153,0.0,1.0,0.0
0.14284922779458878,1.210826693273408,-0.9943835255108632,0.7993031192460994,0.1782663810430175,0.0,1.0,0.0
1.041771875947328,0.9408088974546268,-0.400656507967099,0.33954617220439615,-1.1684169001528808,0.0,0.0,1.0
-0.7560734203581504,-0.004253387911011494,-0.5782197281671032,0.24959372604406307,-1.2936897635199411,0.0,1.0,0.0
0.4924302576317573,0.40077330581714116,-0.2563863915545956,-0.2201579372376774,1.5406087701597984,0.0,1.0,0.0
-1.3553551857933004,-0.9493156732766498,-0.3784611054420985,1.0691604577270994,0.773312482036554,0.0,0.0,1.0
0.14284922779458878,-0.47678453059383064,-0.8223691559421091,1.788780027009765,1.5092905543180333,0.0,0.0,1.0
-0.45643253764056124,-0.004253387911011494,0.22636361336416597,-0.40006282955834355,1.3683585830300904,0.0,0.0,1.0
-0.506372684760169,0.13075550999835991,0.1986193602079153,-0.2201579372376774,-1.027484928864938,0.0,1.0,0.0
1.3414127586648887,0.7382955505905888,-0.6725501888983555,0.33954617220439615,0.3505165681727254,1.0,0.0,0.0
1.5411733471432911,0.8733044484999603,-0.3618145535483481,-0.5199994244387881,1.6815407414477412,0.0,1.0,0.0
0.34260981627296266,0.670791101635884,-0.8945042141483608,1.1591129038874326,0.3505165681727254,0.0,0.0,1.0
2.040574818339254,2.2908978765484176,-0.9166996166733613,1.6588487158892837,0.11562994935948734,0.0,1.0,0.0
-0.6062529789993558,-0.6792978774579069,0.6758205144954267,-1.0497193851607503,0.8516080216409667,0.0,0.0,1.0
0.8420112874689257,0.13075550999835991,-1.155300193817117,2.118605662930987,-0.9491893892605253,0.0,1.0,0.0
-1.205534744434506,-0.7468023264126119,-0.5893174294296035,0.3195567397243225,1.5406087701597984,0.0,0.0,1.0
-0.506372684760169,-0.6792978774579069,-0.6670013382671054,0.5194510645250631,-1.262371547678176,0.0,0.0,1.0
0.19278937491416806,1.0758177953640367,-0.7668806496296078,0.9892027278068027,-0.4480979357922841,0.0,0.0,1.0
-0.9058938617169451,-0.40928008163916413,-0.7280386952108568,0.649382375645544,-0.4950752595549317,0.0,0.0,1.0
-0.05691136068381348,-0.27427118372975434,-0.9721881229858627,0.4394933346047664,-1.3719853031243538,0.0,0.0,1.0
-0.15679165492300043,-0.6792978774579069,0.36508487914541926,-0.6999043167594543,0.6793578345112588,0.0,1.0,0.0
-0.05691136068381348,0.8057999995452554,-0.9721881229858627,0.959218579086692,-0.9022120654978777,1.0,0.0,0.0
1.5411733471432911,0.7382955505905888,1.7467486863267023,-1.7393548057233048,-1.3876444110452364,0.0,1.0,0.0
-0.5563128318797765,-0.8818112243219832,1.2917429345641913,-1.1596612638011576,1.0864946404542049,0.0,0.0,1.0
0.5923105518709442,1.1433222443187032,-0.5893174294296035,0.9292344303665805,1.5406087701597984,0.0,1.0,0.0
1.041771875947328,0.5357822037265125,1.3694268434016932,-1.4295186022821573,-0.9491893892605253,0.0,1.0,0.0
-0.15679165492300043,-0.6117934285032021,1.730102134432952,-1.5294657646825274,1.2744039355047951,0.0,0.0,1.0
-0.5563128318797765,-1.1518290201407262,0.6702716638641766,-0.5599782893989361,-1.5442354902540618,0.0,1.0,0.0
-0.5563128318797765,-0.07175783686571639,-0.9056019154108611,1.0991446064472101,-1.1840760080737633,1.0,0.0,0.0
-0.7560734203581504,-0.8143067753672784,0.27630326904541713,-0.9397775065203428,-1.5129172744122967,0.0,1.0,0.0
1.6909937885020574,1.1433222443187032,2.5069412228079706,-2.0991645903646377,-0.8552347417352301,1.0,0.0,0.0
-0.9058938617169451,-0.8143067753672784,0.4261222360891707,-0.6299413030791948,-1.434621734807884,0.0,1.0,0.0
0.5423704047513649,0.33326885686243624,-0.0399812169358404,-0.2501420859577882,0.1782663810430175,0.0,1.0,0.0
1.0917120230669073,1.1433222443187032,-1.1608490444483672,1.4589543910885432,0.7263351582739064,0.0,1.0,0.0
-0.8559537145973374,-0.8818112243219832,0.7091136182829275,-1.1396718313210832,-1.403303518966119,0.0,0.0,1.0
1.6909937885020574,1.5483489380468558,-0.3340703003920974,0.27957787476417384,-0.24452953282081105,0.0,1.0,0.0
-0.506372684760169,-0.40928008163916413,1.2140590257266897,-1.4295186022821573,-0.620348122921992,0.0,1.0,0.0
0.24272952203377574,0.7382955505905888,-1.3495099659108716,2.1286003791710235,1.4779723384762682,0.0,0.0,1.0
-0.7560734203581504,-0.6117934285032021,-0.3618145535483481,0.1296571311636185,1.2744039355047951,0.0,1.0,0.0
0.3925499633925703,0.9408088974546268,-0.4783404168046009,0.45948276708484076,-1.090121360548468,1.0,0.0,0.0
0.34260981627296266,-0.3417756326844592,0.29294982093916755,-1.0996929663609354,-1.4189626268870015,0.0,1.0,0.0
0.34260981627296266,-0.27427118372975434,-0.21754443713584465,0.4095091858846556,0.2252437048056651,0.0,1.0,0.0
0.14284922779458878,0.8057999995452554,-0.8778576622546104,2.518394312532468,0.44447121569802067,0.0,0.0,1.0
-0.8060135674777581,-0.5442889795485355,0.6203320081829253,-1.1496665475611205,0.5227667553024333,0.0,1.0,0.0
0.2926696691533834,0.7382955505905888,-0.483889267435851,0.01971525252321177,-1.2467124397572935,1.0,0.0,0.0
2.140455112578441,2.4259067744578275,-0.7224898445796067,1.5988804184490615,-1.3876444110452364,0.0,1.0,0.0
0.09290908067498112,-0.2067667347750878,0.6480762613391761,-0.5699730056389732,0.19392548896390005,0.0,1.0,0.0
-0.05691136068381348,-0.07175783686571639,0.5537458006079238,0.2096148610839151,0.8046306978783191,0.0,0.0,1.0
0.6422506989905519,0.1982599589530648,0.48161074240167207,-0.8698144928400837,1.1334719642168525,0.0,1.0,0.0
1.740933935621665,1.6158533870015224,-0.8279180065733592,0.72934010556584,0.8829262374827318,0.0,1.0,0.0
-0.6062529789993558,-0.9493156732766498,0.2984986715704177,-0.4500364107585287,1.0551764246124398,0.0,1.0,0.0
-0.7061332732385428,0.13075550999835991,0.7146624689141776,-0.8498250603600097,-1.575553706095827,0.0,0.0,1.0
-0.6561931261189635,-0.2067667347750878,1.8244325951642042,-1.6194182108428605,0.16260727312213497,0.0,0.0,1.0
0.04296893355540185,1.0083133464093317,-0.650354786373355,0.6193982269254332,0.4131529998562556,1.0,0.0,0.0
-0.7061332732385428,-0.27427118372975434,-0.26748409281709584,-0.3101103833980105,1.3213812592674428,0.0,1.0,0.0
0.19278937491416806,-0.40928008163916413,1.863274549582955,-1.6094234946028239,0.7419942661947889,0.0,0.0,1.0
-2.104457392587245,-2.3669091013251458,-0.13986052829834278,-0.23015265347771385,-0.7456209862890523,0.0,0.0,1.0
1.8408142298608519,1.8858711828203034,-0.2841306447108462,0.27957787476417384,-0.8395756338143475,1.0,0.0,0.0
-0.506372684760169,-0.8818112243219832,-0.5005358193296015,-0.11021605859726998,-1.403303518966119,0.0,1.0,0.0
0.9418915817081127,0.6032866526811791,-0.46169386491085046,0.3595356046844705,-0.9805076051022904,0.0,0.0,1.0
-0.6062529789993558,-0.2067667347750878,-0.3451680016545977,0.8492767004462846,0.47578943153978576,0.0,0.0,1.0
0.6422506989905519,0.670791101635884,-1.0609697330858647,0.4494880508448036,-0.4637570437131666,0.0,1.0,0.0
0.8919514345885334,0.40077330581714116,-0.9277973179358616,1.4689491073285805,-0.19755220905816342,0.0,1.0,0.0
1.0917120230669073,0.9408088974546268,-0.7890760521546083,1.2990389312479507,-1.4189626268870015,0.0,1.0,0.0
-0.506372684760169,0.06325106104369341,-0.04553006756709053,-0.40006282955834355,-0.7925983100516999,0.0,1.0,0.0
-0.2566719491621874,-0.6117934285032021,-0.20644673587334436,0.45948276708484076,-1.4815990585705316,0.0,1.0,0.0
1.8408142298608519,1.95337563177497,-0.4339496117545998,1.0091921602868772,-1.1997351159946459,0.0,1.0,0.0
0.19278937491416806,-0.2067667347750878,-0.400656507967099,-0.3101103833980105,0.36617567609360796,0.0,1.0,0.0
-0.3565522434013743,-0.6117934285032021,0.06544694505791213,-0.09022662611719565,0.6167214028277286,0.0,1.0,0.0
-0.45643253764056124,0.06325106104369341,1.9687027115767075,-1.5794393458827125,-1.3406670872825888,0.0,1.0,0.0
0.14284922779458878,-0.27427118372975434,-0.7835272015233582,1.3690019449282103,-0.40112061202963645,0.0,0.0,1.0
-0.9058938617169451,-1.0843245711860596,-0.483889267435851,0.3495408884444333,0.7889715899574365,0.0,1.0,0.0
1.4912332000236834,1.6833578359562271,-0.08437202198584146,0.2096148610839151,-0.4950752595549317,0.0,0.0,1.0
-1.205534744434506,-0.8818112243219832,-0.6670013382671054,0.16963599612376715,-0.416779719950519,0.0,0.0,1.0
-1.305415038673721,-0.8818112243219832,-0.5893174294296035,0.33954617220439615,0.13128905728036988,0.0,1.0,0.0
-0.8559537145973374,-1.3543423670048025,-0.9777369736171128,1.0091921602868772,-0.18189310113728088,0.0,1.0,0.0
0.8420112874689257,-0.13926228582038291,-0.7835272015233582,0.599408794445359,0.021675301834192112,0.0,1.0,0.0
0.24272952203377574,-0.47678453059383064,1.8965676533704559,-1.4495080347622311,-0.15057488529551583,0.0,0.0,1.0
0.3925499633925703,1.2783311422280745,-0.2952283459733465,0.5094563482850258,-1.2153942239155284,0.0,1.0,0.0
1.141652170186515,1.0758177953640367,-1.27737490770462,1.758795878289654,-0.47941615163404916,0.0,1.0,0.0
1.740933935621665,1.6158533870015224,0.3706337297766694,-0.8298356278799357,-1.3406670872825888,0.0,0.0,1.0
0.34260981627296266,0.13075550999835991,1.485952706657946,-1.5794393458827125,-0.47941615163404916,0.0,1.0,0.0
1.3414127586648887,0.33326885686243624,1.030946954895435,-1.0996929663609354,1.587586093922446,0.0,1.0,0.0
0.09290908067498112,1.0758177953640367,0.043251542532911594,-0.23015265347771385,1.7128589572895063,1.0,0.0,0.0
1.241532464425702,0.2657644079077313,0.36508487914541926,-0.40006282955834355,-0.6046890150011095,0.0,0.0,1.0
-1.2554748915541136,-0.9493156732766498,-0.2952283459733465,0.5894140782053218,-0.4637570437131666,0.0,0.0,1.0
-0.8559537145973374,-0.6792978774579069,-0.3784611054420985,0.8292872679662102,-0.26018864074169357,0.0,1.0,0.0
-0.6062529789993558,-0.2067667347750878,-0.8168203053108589,0.8692661329263589,0.39749389193537304,0.0,0.0,1.0
-1.205534744434506,-0.27427118372975434,-0.051078918198340664,-0.27013151843786254,-1.5285763823331793,0.0,0.0,1.0
0.4924302576317573,0.6032866526811791,0.08209349695166251,-0.7298884654795651,-0.7612800942099348,0.0,0.0,1.0
0.5923105518709442,0.40077330581714116,-0.45614501427960036,1.049171025247025,0.09997084143860481,1.0,0.0,0.0
1.141652170186515,0.9408088974546268,-0.02333466504209,0.1796307123638036,-0.47941615163404916,0.0,1.0,0.0
-1.2554748915541136,-1.219333469095431,0.4705130411391718,-0.909793357800232,1.2274266117421475,0.0,0.0,1.0
-1.205534744434506,-0.2067667347750878,0.009958438745410796,-0.6299413030791948,0.8985853454036143,0.0,0.0,1.0
-0.6062529789993558,-0.7468023264126119,-0.06772547009209105,-0.7598726141996767,1.2744039355047951,0.0,1.0,0.0
-0.15679165492300043,0.40077330581714116,0.4261222360891707,-0.49001527571867665,0.5384258632233159,0.0,1.0,0.0
1.5411733471432911,0.7382955505905888,-0.6614524876358553,1.578890985968987,0.08431173351772227,0.0,1.0,0.0
-0.40649239052098196,0.13075550999835991,-0.4505961636483502,0.6993559568457292,1.1804492879795,0.0,1.0,0.0
-0.9058938617169451,-1.3543423670048025,-0.7113921433171064,0.7193453893258035,0.9455626691662619,0.0,0.0,1.0
1.2914726115453095,0.13075550999835991,0.5093549955579227,-0.8997986415601948,-0.11925666945375074,0.0,0.0,1.0
0.19278937491416806,-0.07175783686571639,0.7867975271204294,-1.1396718313210832,1.5406087701597984,0.0,1.0,0.0
1.141652170186515,0.7382955505905888,0.27630326904541713,-1.0097405202006022,0.5227667553024333,0.0,1.0,0.0
0.8919514345885334,0.46827775477180766,-0.8667599609921102,0.5694246457252482,-0.996166713023173,0.0,0.0,1.0
0.24272952203377574,-0.47678453059383064,-0.6780990395296056,1.1491181876473953,1.932086468181862,0.0,1.0,0.0
0.24272952203377574,1.210826693273408,0.31514522346416807,-0.5199994244387881,-0.32282507242522374,0.0,1.0,0.0
-0.10685150780339275,0.8057999995452554,-0.03443236630459026,-0.4100575457983807,0.4601303236189032,0.0,1.0,0.0
-0.40649239052098196,-1.1518290201407262,1.1974124738329393,-1.3595555886018982,-1.3876444110452364,0.0,0.0,1.0
0.6422506989905519,0.06325106104369341,-0.07882317135459133,-0.2201579372376774,1.4309950147136206,0.0,0.0,1.0
0.14284922779458878,0.9408088974546268,0.026604990639161195,0.15964127988372998,-0.16623399321639837,0.0,1.0,0.0
-1.2554748915541136,-1.219333469095431,0.9643607473204336,-0.7798620466797502,-1.4189626268870015,0.0,0.0,1.0
-0.40649239052098196,0.33326885686243624,-0.4505961636483502,0.4095091858846556,-0.26018864074169357,0.0,1.0,0.0
-1.205534744434506,-0.3417756326844592,0.1653262564204145,-0.38007339707826926,-0.6986436625264046,0.0,1.0,0.0
1.241532464425702,0.2657644079077313,-0.28967949534209636,0.19962014484387794,0.6950169424321413,0.0,1.0,0.0
-1.305415038673721,-0.9493156732766498,-1.4604869785358743,1.359007228688173,-0.07227934569110313,0.0,1.0,0.0
1.8408142298608519,1.6158533870015224,-0.7502340977358574,0.6593770918855812,0.1782663810430175,0.0,1.0,0.0
-0.6062529789993558,0.06325106104369341,0.9976538511079344,-1.1196823988410094,1.5406087701597984,0.0,0.0,1.0
-0.6062529789993558,-1.0168201222313547,-0.27303294344834594,-0.5000099919587139,-1.231053331836411,0.0,1.0,0.0
1.241532464425702,1.2783311422280745,-0.32297259912959714,0.289572591004211,-0.8708938496561126,0.0,1.0,0.0
0.3925499633925703,1.4133400401374843,-0.15095822956084304,-0.29012095091793616,0.9612217770871444,0.0,1.0,0.0
-0.10685150780339275,-0.5442889795485355,0.28740097030791745,-0.2501420859577882,0.021675301834192112,0.0,1.0,0.0
-1.0557143030757397,-0.13926228582038291,-0.4339496117545998,1.049171025247025,-1.090121360548468,0.0,1.0,0.0
0.9918317288277203,0.46827775477180766,-0.4783404168046009,0.2695831585241374,-0.24452953282081105,0.0,1.0,0.0
0.2926696691533834,-0.40928008163916413,0.6369785600766757,-0.7198937492395286,-0.7925983100516999,0.0,1.0,0.0
-0.8559537145973374,-1.2868379180500975,0.25965671715166677,-0.4500364107585287,-1.6851674615420047,0.0,1.0,0.0
0.19278937491416806,-0.2067667347750878,-0.40620535859834916,-0.020263612436936897,1.1961083959003824,0.0,0.0,1.0
-0.9558340088365244,-1.4218468159595072,0.6813693651266768,-1.1096876826009725,-0.4950752595549317,0.0,0.0,1.0
0.3925499633925703,0.46827775477180766,1.9243119065267065,-1.8892755493238602,-0.996166713023173,0.0,0.0,1.0
0.6422506989905519,0.33326885686243624,-1.1220070900296162,1.26905478252784,-0.025302021928455508,0.0,1.0,0.0
0.6422506989905519,0.40077330581714116,-0.8945042141483608,0.9392291466066176,1.0238582087706747,0.0,0.0,1.0
1.3913529057844964,1.5483489380468558,-1.5381708873733762,3.04811427325443,1.9790637919445095,0.0,0.0,1.0
0.04296893355540185,0.8733044484999603,-0.2452886902920953,0.09967298244350768,1.3370403671883253,0.0,0.0,1.0
1.6909937885020574,0.9408088974546268,-1.2884726089671201,1.398986093648321,-0.996166713023173,0.0,0.0,1.0
-1.005774155956132,-1.6243601628235453,-0.17315363208584358,0.1796307123638036,-0.29150685658345865,0.0,0.0,1.0
-1.205534744434506,-1.961882407596993,-0.3784611054420985,0.48946691580495155,-1.465939950649649,0.0,0.0,1.0
-0.15679165492300043,-0.5442889795485355,-1.022127778667114,0.4794721995649144,0.3035392444100778,1.0,0.0,0.0
0.4424901105121496,0.2657644079077313,-0.6226105332171044,0.6993559568457292,-0.6673254466846396,0.0,1.0,0.0
0.9918317288277203,0.46827775477180766,-1.0609697330858647,1.8087694594898391,-0.3854615041087539,0.0,1.0,0.0
-1.0557143030757397,-1.759369060732955,-0.5782197281671032,0.289572591004211,-1.403303518966119,0.0,0.0,1.0
0.3925499633925703,1.1433222443187032,-0.694745591423356,0.8992502816464697,-1.5285763823331793,0.0,1.0,0.0
0.3925499633925703,-0.27427118372975434,0.03770269190166146,0.22960429356398873,1.2274266117421475,0.0,0.0,1.0
0.6921908461101312,0.46827775477180766,-0.6337082344796046,0.5094563482850258,-1.575553706095827,0.0,1.0,0.0
1.141652170186515,0.670791101635884,-0.6559036370046051,0.1296571311636185,1.1647901800586176,0.0,0.0,1.0
1.141652170186515,1.1433222443187032,-0.6448059357421049,0.45948276708484076,-0.2288704248999285,0.0,0.0,1.0
-0.10685150780339275,0.1982599589530648,0.8200906309079301,-0.9597669390004171,-1.1684169001528808,0.0,1.0,0.0
0.4924302576317573,0.8733044484999603,-0.4727915661733507,0.1496465636436928,-0.7925983100516999,0.0,0.0,1.0
-0.9558340088365244,-1.3543423670048025,0.81454178027668,-1.0697088176408243,-1.1370986843111157,0.0,0.0,1.0
1.8907543769804596,2.020880080729675,-0.13986052829834278,0.49946163204498867,0.08431173351772227,0.0,0.0,1.0
0.24272952203377574,0.1982599589530648,-1.1275559406608664,1.7088222970894689,-1.231053331836411,0.0,1.0,0.0
1.6909937885020574,1.2783311422280745,-0.04553006756709053,-0.21016322099764023,1.4936314463971507,0.0,1.0,0.0
-0.05691136068381348,-0.3417756326844592,0.23746131462666623,-0.18017907227752872,0.8202898057992016,0.0,0.0,1.0
0.3925499633925703,0.1982599589530648,-0.2508375409233454,0.21960957732395228,-1.1370986843111157,0.0,0.0,1.0
0.8420112874689257,0.8733044484999603,-1.0609697330858647,1.0991446064472101,-0.32282507242522374,0.0,1.0,0.0
-1.3553551857933004,-1.0168201222313547,-0.06217661946084093,0.4494880508448036,0.5071076473815508,0.0,1.0,0.0
-0.2566719491621874,-0.40928008163916413,0.1320331526329137,0.1496465636436928,1.1804492879795,0.0,1.0,0.0
1.1915923173060943,0.670791101635884,-0.27303294344834594,-0.29012095091793616,0.9455626691662619,0.0,0.0,1.0
0.09290908067498112,0.9408088974546268,-1.2218864013921187,1.4589543910885432,-1.4502808427287666,1.0,0.0,0.0
-0.5563128318797765,-0.07175783686571639,-0.9666392723546126,0.649382375645544,-0.5107343674758142,0.0,1.0,0.0
-1.1555945973149266,-1.8268735096876216,-0.9666392723546126,0.919239714126544,-1.1214395763902332,0.0,0.0,1.0
-2.104457392587245,-2.501917999234517,-1.6879898544171297,3.6178130989365407,-0.29150685658345865,0.0,0.0,1.0
0.09290908067498112,-0.13926228582038291,-0.9166996166733613,0.7693189705259886,-1.5598945981749444,1.0,0.0,0.0
1.1915923173060943,1.3458355911827795,-0.45614501427960036,0.5494352132451739,1.5406087701597984,0.0,1.0,0.0
0.8420112874689257,0.7382955505905888,0.2152659121016657,0.04969940124332256,1.0395173166915572,0.0,0.0,1.0
-1.405295332912908,-1.0168201222313547,-0.9721881229858627,1.5589015534889135,0.8672671295618493,0.0,0.0,1.0
1.7908740827412726,1.1433222443187032,-0.26748409281709584,-0.020263612436936897,-0.24452953282081105,0.0,1.0,0.0
0.19278937491416806,0.670791101635884,-0.5893174294296035,0.6094035106853961,1.4309950147136206,0.0,0.0,1.0
0.3925499633925703,0.6032866526811791,1.0697889093141861,-1.4295186022821573,0.021675301834192112,0.0,1.0,0.0
1.8408142298608519,1.750862284910932,0.9033233903766822,-1.0896982501208983,0.5227667553024333,0.0,1.0,0.0
-1.405295332912908,-1.0168201222313547,0.35953602851416916,-0.510004708198751,1.446654122634503,0.0,0.0,1.0
-0.6062529789993558,-0.004253387911011494,-0.056627768829590794,-0.15019492355741795,-0.47941615163404916,0.0,0.0,1.0
-0.006971213564205815,-0.47678453059383064,-0.7890760521546083,1.1191340389272846,1.0238582087706747,0.0,1.0,0.0
1.9906346712196465,2.1558889786390463,-0.6836478901608558,0.599408794445359,0.31919835233096033,0.0,1.0,0.0
0.9918317288277203,0.46827775477180766,0.8811279878516816,-1.1896454125212683,-1.0744622526275855,0.0,1.0,0.0
0.24272952203377574,0.9408088974546268,0.5703923525016742,-1.2895925749216386,-1.1057804684693506,0.0,1.0,0.0
-0.20673180204257968,-0.5442889795485355,-0.8112714546796088,0.7693189705259886,-1.2467124397572935,0.0,0.0,1.0
1.740933935621665,1.210826693273408,2.2461452431392144,-1.6494023595629717,0.8046306978783191,0.0,1.0,0.0
1.6909937885020574,1.8858711828203034,-0.1454093789295929,-0.4200522620384179,-0.24452953282081105,0.0,1.0,0.0
0.4424901105121496,0.8733044484999603,-0.5005358193296015,0.01971525252321177,0.9455626691662619,0.0,1.0,0.0
1.241532464425702,1.3458355911827795,0.22081476273291584,-0.43004697827845434,0.9299035612453793,1.0,0.0,0.0
-0.6062529789993558,-0.004253387911011494,0.7368578714391781,-0.9597669390004171,0.6636987265903762,0.0,1.0,0.0
-1.2554748915541136,-1.2868379180500975,0.04880039316416172,-0.18017907227752872,0.14694816520125242,1.0,0.0,0.0
2.040574818339254,2.1558889786390463,1.5802831673891984,-1.41952388604212,1.2274266117421475,0.0,1.0,0.0
-1.2554748915541136,-1.0168201222313547,-0.5116335205921017,0.15964127988372998,0.16260727312213497,0.0,0.0,1.0
-0.6062529789993558,-0.004253387911011494,0.3983779829329201,-0.7598726141996767,1.1804492879795,0.0,1.0,0.0
1.9906346712196465,2.08838452968438,0.603685456289175,-0.43004697827845434,0.1782663810430175,0.0,1.0,0.0
-0.3565522434013743,-0.8818112243219832,0.22081476273291584,-0.37007868083823275,1.618904309764211,0.0,1.0,0.0
-0.15679165492300043,0.5357822037265125,-0.7446852471046073,0.7593242542859515,1.3213812592674428,0.0,0.0,1.0
-1.2554748915541136,-0.40928008163916413,-0.8223691559421091,1.8187641757298763,-1.1527577922319983,0.0,0.0,1.0
-0.20673180204257968,-0.40928008163916413,0.36508487914541926,-1.0197352364406391,0.5384258632233159,0.0,0.0,1.0
-0.8060135674777581,-1.3543423670048025,0.36508487914541926,-0.7598726141996767,0.7263351582739064,0.0,1.0,0.0
1.3414127586648887,1.4133400401374843,0.34288947662041874,-0.4800205594786395,-1.1997351159946459,0.0,1.0,0.0
0.14284922779458878,1.0083133464093317,-0.7557829483671075,2.0086637842905795,-0.7769392021308174,0.0,1.0,0.0
-0.15679165492300043,-0.27427118372975434,-1.2551795051796195,1.9986690680505426,1.2274266117421475,0.0,0.0,1.0
1.8408142298608519,1.750862284910932,0.731309020807928,-0.94977222276038,0.8672671295618493,0.0,0.0,1.0
0.09290908067498112,0.1982599589530648,0.9144210916391824,-1.0797035338808614,-1.027484928864938,0.0,0.0,1.0
0.04296893355540185,0.8733044484999603,-0.3340703003920974,-0.05024776115704769,0.39749389193537304,0.0,1.0,0.0
-0.8559537145973374,-0.7468023264126119,1.7911394913767034,-1.299587291161676,1.0081991008497921,0.0,1.0,0.0
0.3925499633925703,0.9408088974546268,-0.017785814410839866,0.08967826620347052,-1.3406670872825888,0.0,1.0,0.0
-0.7560734203581504,-0.6117934285032021,2.8398722606829785,-2.0991645903646377,1.1961083959003824,1.0,0.0,0.0
-1.5551157742717028,-1.4893512649141738,-1.0776162849796151,1.448959674848506,1.0081991008497921,1.0,0.0,0.0
0.09290908067498112,0.1982599589530648,0.9144210916391824,-1.0597141014007874,1.7754953889730365,0.0,0.0,1.0
1.740933935621665,2.020880080729675,-0.31742374849834704,-0.15019492355741795,-0.40112061202963645,0.0,1.0,0.0
-0.9058938617169451,-1.4893512649141738,-0.5560243256421027,0.15964127988372998,-0.7143027704472872,0.0,1.0,0.0
-0.5563128318797765,-0.13926228582038291,-1.033225479929614,1.3690019449282103,-0.5733707991593444,0.0,0.0,1.0
-1.305415038673721,-1.2868379180500975,-0.5782197281671032,0.5694246457252482,0.03733440975507465,0.0,1.0,0.0
0.5923105518709442,0.670791101635884,0.15422855515791425,-0.49001527571867665,-0.6829845546055221,0.0,1.0,0.0
0.8919514345885334,0.7382955505905888,-0.4228519104920995,1.0091921602868772,0.6480396186694937,1.0,0.0,0.0
-0.3565522434013743,-0.6792978774579069,1.3694268434016932,-1.6494023595629717,-0.11925666945375074,0.0,1.0,0.0
-1.405295332912908,-0.9493156732766498,-0.7002944420546061,0.9792080115667656,-1.4972581664914142,0.0,1.0,0.0
-0.9558340088365244,-1.1518290201407262,-0.2452886902920953,-0.1302054910773436,1.2587448275839126,0.0,1.0,0.0
0.5423704047513649,0.8733044484999603,2.0519354710454594,-1.729360089483268,-1.090121360548468,0.0,0.0,1.0
-0.9558340088365244,-0.07175783686571639,0.5260015474516732,-0.9997458039605651,-0.8552347417352301,0.0,1.0,0.0
-1.305415038673721,-0.8818112243219832,-0.7613317989983577,0.01971525252321177,0.09997084143860481,0.0,1.0,0.0
0.8420112874689257,0.06325106104369341,-0.6004151306921038,0.39951446964461845,-0.7299618783681697,0.0,0.0,1.0
-0.9058938617169451,-1.4893512649141738,0.2541078665204166,-0.5399888569188618,-0.4637570437131666,0.0,1.0,0.0
-2.204337686826432,-2.569422448189222,1.5747343167579482,-1.41952388604212,-1.231053331836411,0.0,1.0,0.0
-0.40649239052098196,0.1982599589530648,-0.611512831954604,0.009720536283174605,-1.3250079793617062,0.0,1.0,0.0
1.1915923173060943,1.210826693273408,0.5814900537641744,-0.280126234677899,1.3683585830300904,0.0,0.0,1.0
0.24272952203377574,0.5357822037265125,-0.16760478145459345,-0.6999043167594543,0.7106760503530238,0.0,1.0,0.0
-1.005774155956132,-1.219333469095431,-0.9222484673046115,1.1191340389272846,1.6815407414477412,0.0,0.0,1.0
0.2926696691533834,-0.13926228582038291,0.4982572942954225,-0.24014736971775102,0.8516080216409667,0.0,1.0,0.0
-0.7061332732385428,-0.3417756326844592,0.1486797045266641,-0.1901737885175659,-0.29150685658345865,0.0,0.0,1.0
1.041771875947328,0.9408088974546268,-0.11766512577334225,-0.26013680219782537,-0.08793845361198566,0.0,1.0,0.0
-0.10685150780339275,0.13075550999835991,0.6369785600766757,-0.7298884654795651,0.8046306978783191,0.0,1.0,0.0
0.7421309932297389,0.33326885686243624,0.2652055677829169,-0.6199465868391584,-0.7925983100516999,1.0,0.0,0.0
1.3414127586648887,0.40077330581714116,-1.0554208824546147,1.1191340389272846,-1.5912128140167094,0.0,0.0,1.0
0.8420112874689257,0.1982599589530648,-0.7890760521546083,0.45948276708484076,-0.7925983100516999,0.0,1.0,0.0
-0.9058938617169451,-0.8143067753672784,1.65241822559545,-1.1596612638011576,-1.1527577922319983,1.0,0.0,0.0
0.2926696691533834,1.1433222443187032,-0.5060846699608516,0.9092449978865069,1.5406087701597984,0.0,1.0,0.0
-1.0557143030757397,-0.6117934285032021,-0.45614501427960036,0.4394933346047664,-1.2467124397572935,0.0,1.0,0.0
-0.9558340088365244,-1.4893512649141738,-0.8612111103608601,0.36953032092450766,1.446654122634503,0.0,0.0,1.0
1.3414127586648887,1.0083133464093317,0.09319119821416279,-0.5000099919587139,0.8829262374827318,1.0,0.0,0.0
-1.0557143030757397,-0.6117934285032021,0.10428889947666305,-0.08023190987715847,-0.7612800942099348,0.0,0.0,1.0
-1.005774155956132,-0.07175783686571639,0.14313085389541397,-0.6099518705991213,-1.058803144706703,0.0,0.0,1.0
0.5923105518709442,0.40077330581714116,0.7257601701766779,-0.9997458039605651,-1.058803144706703,0.0,1.0,0.0
-1.704936215630469,-1.759369060732955,1.3916222459266938,-1.41952388604212,-0.5577116912384619,0.0,0.0,1.0
0.3925499633925703,0.40077330581714116,-0.41175420922959927,0.4095091858846556,0.44447121569802067,1.0,0.0,0.0
-0.15679165492300043,-0.27427118372975434,0.07654464632041239,0.09967298244350768,1.11781285629597,1.0,0.0,0.0
0.8420112874689257,0.40077330581714116,0.4705130411391718,-0.5499835731588989,1.6971998493686238,0.0,1.0,0.0
0.4924302576317573,0.46827775477180766,-0.4672427155421006,0.6094035106853961,-0.07227934569110313,0.0,0.0,1.0
-0.506372684760169,0.06325106104369341,0.6924670663891771,-1.0297299526806762,-0.29150685658345865,0.0,1.0,0.0
0.7421309932297389,0.40077330581714116,-0.2619352421858457,0.2995673072442482,-0.11925666945375074,0.0,0.0,1.0
0.8919514345885334,0.5357822037265125,-0.18980018397959397,0.11966241492358203,-1.1684169001528808,0.0,1.0,0.0
-1.3553551857933004,-1.0843245711860596,-0.04553006756709053,-0.4400416945184915,-1.434621734807884,1.0,0.0,0.0
-0.10685150780339275,-0.2067667347750878,0.9199699422704325,-1.1496665475611205,-0.07227934569110313,0.0,0.0,1.0
0.6921908461101312,0.5357822037265125,1.3472314408766928,-1.349560872361861,-1.5912128140167094,0.0,0.0,1.0
1.9406945241000388,2.020880080729675,-0.12321397640459239,-0.40006282955834355,0.5384258632233159,1.0,0.0,0.0
-0.7061332732385428,-0.27427118372975434,-0.07882317135459133,0.2395990098040259,-1.6538492457002396,0.0,0.0,1.0
-1.2554748915541136,-1.1518290201407262,-0.4450473130171001,0.5194510645250631,-1.1527577922319983,0.0,0.0,1.0
-0.8559537145973374,-1.0168201222313547,-0.4783404168046009,0.289572591004211,-0.29150685658345865,0.0,1.0,0.0
1.141652170186515,0.6032866526811791,-0.8889553635171107,0.9292344303665805,-1.1527577922319983,0.0,1.0,0.0
0.8420112874689257,0.46827775477180766,1.7855906407454532,-1.819312535643601,-0.36980239618787136,0.0,0.0,1.0
-1.305415038673721,-0.6792978774579069,1.6302228230704494,-1.7393548057233048,0.8359489137200842,0.0,1.0,0.0
1.241532464425702,0.6032866526811791,0.4705130411391718,-0.5599782893989361,0.601062294906846,0.0,1.0,0.0
-1.305415038673721,-0.8818112243219832,7.406576330201838,-3.5783825938901175,0.16260727312213497,0.0,1.0,0.0
0.04296893355540185,0.2657644079077313,0.08209349695166251,-0.060242477397084854,0.11562994935948734,0.0,1.0,0.0
-1.005774155956132,-1.3543423670048025,0.08764234758291266,-0.30011566715797333,0.05299351767595719,0.0,0.0,1.0
-1.505175627152095,-1.4218468159595072,-0.5060846699608516,0.559429929485211,1.0081991008497921,1.0,0.0,0.0
0.5423704047513649,0.6032866526811791,-1.4271938747483734,2.788251651013468,-1.5285763823331793,0.0,1.0,0.0
0.09290908067498112,0.13075550999835991,-0.5615731762733529,1.1491181876473953,-1.575553706095827,0.0,0.0,1.0
-0.8559537145973374,-0.40928008163916413,0.5093549955579227,-1.0197352364406391,-1.6851674615420047,1.0,0.0,0.0
0.2926696691533834,-0.13926228582038291,-0.4672427155421006,0.7993031192460994,0.27222102856831276,0.0,1.0,0.0
-0.3565522434013743,-1.0843245711860596,-0.739136396473357,0.7393348218058772,-1.638190137779357,0.0,1.0,0.0
0.24272952203377574,1.2783311422280745,0.9477141954266832,-1.1596612638011576,0.7889715899574365,0.0,1.0,0.0
-0.506372684760169,-1.219333469095431,0.6813693651266768,-0.9597669390004171,-0.823916525893465,1.0,0.0,0.0
0.2926696691533834,-0.40928008163916413,0.009958438745410796,-0.4800205594786395,-0.04096112984933804,0.0,0.0,1.0
1.0917120230669073,0.8733044484999603,0.08209349695166251,0.01971525252321177,0.16260727312213497,0.0,1.0,0.0
0.34260981627296266,1.210826693273408,-0.5338289231171022,0.36953032092450766,1.7128589572895063,0.0,1.0,0.0
-0.5563128318797765,0.2657644079077313,1.6191251218079492,-1.4595027510022685,-0.416779719950519,0.0,1.0,0.0
1.241532464425702,0.1982599589530648,0.29294982093916755,-0.7398831817196023,1.0395173166915572,0.0,1.0,0.0
-1.105654450195319,-0.2067667347750878,-0.8057226040483587,0.289572591004211,1.5406087701597984,0.0,1.0,0.0
0.4924302576317573,0.6032866526811791,0.1986193602079153,-0.5399888569188618,0.6636987265903762,0.0,0.0,1.0
0.4924302576317573,0.2657644079077313,1.4082687978204442,-1.4994816159624162,0.5384258632233159,0.0,0.0,1.0
1.2914726115453095,0.670791101635884,0.4483176386141713,-0.38007339707826926,0.4914485394606683,0.0,1.0,0.0
-0.7560734203581504,-0.40928008163916413,0.04880039316416172,-0.23015265347771385,-1.0118258209440554,0.0,1.0,0.0
-0.40649239052098196,0.5357822037265125,-0.20644673587334436,-0.020263612436936897,1.0864946404542049,0.0,0.0,1.0
-1.505175627152095,-1.4893512649141738,-0.694745591423356,0.7493295380459143,0.9455626691662619,0.0,1.0,0.0
0.7920711403493464,-0.07175783686571639,1.147472818151688,-0.8898039253201576,-0.3854615041087539,0.0,0.0,1.0
-1.3553551857933004,-1.2868379180500975,0.4205733854579206,-0.46003112699856585,1.7128589572895063,0.0,1.0,0.0
-0.3565522434013743,-1.0168201222313547,-0.7002944420546061,-0.15019492355741795,-0.7925983100516999,0.0,1.0,0.0
-0.10685150780339275,0.8733044484999603,0.11538660073916332,-0.46003112699856585,1.1021537483750874,0.0,1.0,0.0
1.141652170186515,1.1433222443187032,-0.4783404168046009,0.11966241492358203,0.6167214028277286,0.0,1.0,0.0
-0.30661209628179503,-0.5442889795485355,-0.1454093789295929,-0.3900681133183064,1.6345634176850936,1.0,0.0,0.0
-1.4552354800324874,-1.0843245711860596,-0.6559036370046051,0.19962014484387794,0.8985853454036143,0.0,0.0,1.0
0.09290908067498112,0.06325106104369341,-0.3007771966045966,0.04969940124332256,1.2587448275839126,0.0,0.0,1.0
-1.9046968041088712,-2.0293868565516977,0.015507289376660929,0.05969411748335973,-1.2467124397572935,1.0,0.0,0.0
1.241532464425702,0.2657644079077313,-0.28967949534209636,0.01971525252321177,-0.9335302813396428,0.0,1.0,0.0
-0.45643253764056124,-1.219333469095431,-0.4949869686983513,0.6094035106853961,0.06865262559683973,1.0,0.0,0.0
0.3925499633925703,-0.27427118372975434,-0.7502340977358574,-0.1302054910773436,-0.996166713023173,0.0,0.0,1.0
-0.7061332732385428,-0.3417756326844592,-0.9111507660421112,0.09967298244350768,-1.0744622526275855,1.0,0.0,0.0
0.6422506989905519,-0.004253387911011494,-0.0399812169358404,-0.37007868083823275,-1.6538492457002396,1.0,0.0,0.0
-1.605055921391282,-1.4893512649141738,0.06544694505791213,-0.11021605859726998,0.06865262559683973,0.0,0.0,1.0
0.5423704047513649,0.40077330581714116,-0.8390157078358594,1.8487483244499872,-0.620348122921992,1.0,0.0,0.0
2.0905149654588335,2.020880080729675,-0.5393777737483523,0.08967826620347052,-1.3250079793617062,1.0,0.0,0.0
-1.305415038673721,-0.9493156732766498,-0.2508375409233454,0.2595884422841002,0.8359489137200842,0.0,1.0,0.0
-1.005774155956132,-1.5568557138688788,-0.733587545842107,0.3895197534045813,1.5249496622389158,0.0,1.0,0.0
-0.7061332732385428,-0.2067667347750878,0.48715959303292217,-0.6599254517993064,-0.13491577737463328,0.0,1.0,0.0
-1.8547566569892635,-1.8268735096876216,0.1486797045266641,-0.4200522620384179,1.0551764246124398,0.0,1.0,0.0
-0.45643253764056124,-1.1518290201407262,0.34288947662041874,-0.8598197766000468,0.2095845968847826,0.0,1.0,0.0
-0.05691136068381348,-0.5442889795485355,0.04880039316416172,-0.43004697827845434,-0.16623399321639837,0.0,0.0,1.0
1.6410536413824781,1.750862284910932,1.5969297192829488,-1.5794393458827125,0.3818347840144905,1.0,0.0,0.0
-0.45643253764056124,0.06325106104369341,-0.7058432926858563,0.4394933346047664,-1.3093488714408237,0.0,0.0,1.0
1.141652170186515,0.13075550999835991,0.04880039316416172,-0.470025843238603,0.976880885008027,0.0,1.0,0.0
-0.8060135674777581,-0.47678453059383064,-0.04553006756709053,-0.26013680219782537,-1.434621734807884,0.0,1.0,0.0
2.040574818339254,2.2233934275937512,-0.483889267435851,0.3895197534045813,1.1647901800586176,0.0,1.0,0.0
-1.4552354800324874,-1.0843245711860596,-1.3051191608608705,1.3490125124481358,0.7106760503530238,0.0,1.0,0.0
-0.20673180204257968,-0.7468023264126119,0.15977740578916438,-0.470025843238603,-0.47941615163404916,0.0,0.0,1.0
1.6410536413824781,1.750862284910932,-0.4228519104920995,0.39951446964461845,0.5071076473815508,0.0,1.0,0.0
-0.8060135674777581,-0.5442889795485355,-0.777978350892108,0.5194510645250631,0.27222102856831276,0.0,0.0,1.0
-0.20673180204257968,-0.47678453059383064,0.20971706147041558,-0.020263612436936897,-0.9335302813396428,0.0,0.0,1.0
0.24272952203377574,1.2783311422280745,0.7257601701766779,-1.3695503048419349,-0.29150685658345865,0.0,0.0,1.0
-0.6062529789993558,-0.13926228582038291,-0.028883515673340132,-0.30011566715797333,-0.9491893892605253,0.0,0.0,1.0
-0.8559537145973374,-0.6792978774579069,-0.11211627514209212,-0.0002741799568625625,-0.18189310113728088,0.0,1.0,0.0
1.0917120230669073,0.8057999995452554,-0.9000530647796109,0.2995673072442482,-0.26018864074169357,0.0,0.0,1.0
-0.45643253764056124,-1.1518290201407262,1.9576050103142073,-1.4794921834823425,-1.1527577922319983,0.0,1.0,0.0
-0.5563128318797765,-0.004253387911011494,0.5204526968204229,-0.8798092090801208,-0.4950752595549317,0.0,1.0,0.0
-0.9058938617169451,-1.1518290201407262,0.27630326904541713,-0.67991488427938,-0.21321131697904597,0.0,1.0,0.0
-0.5563128318797765,-0.47678453059383064,0.6980159170204272,-0.7498778979596394,-0.2288704248999285,0.0,1.0,0.0
-1.005774155956132,-1.4893512649141738,0.15422855515791425,-0.3600839645981956,0.021675301834192112,0.0,1.0,0.0
2.040574818339254,2.3584023255031226,-0.3840099560733486,0.5794193619652847,-0.3541432882669888,0.0,0.0,1.0
-0.5563128318797765,0.33326885686243624,-0.611512831954604,-0.01026889619689973,-1.3876444110452364,1.0,0.0,0.0
1.8907543769804596,1.8183667338655987,-0.21754443713584465,0.16963599612376715,0.27222102856831276,0.0,0.0,1.0
0.8919514345885334,0.6032866526811791,0.38728028167041983,-0.8298356278799357,1.4779723384762682,0.0,1.0,0.0
0.5923105518709442,0.1982599589530648,-0.8889553635171107,0.3195567397243225,-0.8082574179725824,0.0,0.0,1.0
-1.5551157742717028,-1.4218468159595072,-0.9555415710921122,0.7093506730857664,1.5092905543180333,0.0,1.0,0.0
-0.10685150780339275,-0.004253387911011494,0.5149038461891728,-0.6299413030791948,1.0081991008497921,0.0,0.0,1.0
0.2926696691533834,-0.3417756326844592,0.05989809442666199,0.01971525252321177,-0.18189310113728088,0.0,0.0,1.0
-0.6062529789993558,-0.13926228582038291,-0.4228519104920995,-0.0002741799568625625,-0.2758477486625761,0.0,1.0,0.0
-1.305415038673721,-0.7468023264126119,-1.199690998867118,1.7288117295695424,0.8672671295618493,0.0,0.0,1.0
1.8408142298608519,1.8183667338655987,-0.6281593838483545,0.5494352132451739,1.3213812592674428,0.0,1.0,0.0
0.5423704047513649,0.5357822037265125,0.3817314310391697,-0.7098990329994915,0.1782663810430175,0.0,1.0,0.0
-1.2554748915541136,-0.40928008163916413,-0.5338289231171022,0.5394404970051366,-0.589029907080227,0.0,1.0,0.0
-0.7560734203581504,-0.5442889795485355,0.15977740578916438,0.05969411748335973,-1.0744622526275855,1.0,0.0,0.0
1.2914726115453095,1.1433222443187032,-1.5825616924233772,1.408980809888358,-1.3876444110452364,0.0,1.0,0.0
-0.05691136068381348,-0.3417756326844592,2.91755616952048,-2.189117036524971,-0.7143027704472872,0.0,0.0,1.0
0.8420112874689257,0.33326885686243624,-0.8390157078358594,1.049171025247025,1.0708355325333223,1.0,0.0,0.0
-0.10685150780339275,-0.40928008163916413,0.5038061449266726,-0.7598726141996767,-0.8552347417352301,0.0,1.0,0.0
1.141652170186515,0.06325106104369341,-0.8667599609921102,0.289572591004211,-1.3093488714408237,1.0,0.0,0.0
0.34260981627296266,0.46827775477180766,-0.6836478901608558,0.039704685003285396,1.6658816335268587,0.0,1.0,0.0
-0.8060135674777581,-0.7468023264126119,1.3472314408766928,-1.6094234946028239,-1.3093488714408237,1.0,0.0,0.0
-1.205534744434506,-1.1518290201407262,0.43167108672042087,-0.8298356278799357,-1.0744622526275855,0.0,1.0,0.0
-1.305415038673721,-1.1518290201407262,0.9144210916391824,-1.2696031424415646,-0.6673254466846396,0.0,1.0,0.0
0.24272952203377574,0.40077330581714116,0.0044095881141606634,0.6693718081256184,1.5406087701597984,0.0,1.0,0.0
-1.205534744434506,-0.8818112243219832,0.6647228132329265,-0.7898567629197875,-0.9178711734187602,1.0,0.0,0.0
1.8408142298608519,1.8183667338655987,-0.38955880670459875,0.8492767004462846,0.6167214028277286,0.0,0.0,1.0
-0.9058938617169451,-1.4893512649141738,0.48715959303292217,-0.8498250603600097,-0.6829845546055221,0.0,1.0,0.0
-0.9558340088365244,-0.40928008163916413,-0.983285824248363,0.7593242542859515,-0.589029907080227,0.0,0.0,1.0
-0.40649239052098196,0.2657644079077313,0.3983779829329201,-0.3600839645981956,-1.1840760080737633,0.0,1.0,0.0
0.19278937491416806,0.06325106104369341,-0.45614501427960036,-0.49001527571867665,1.3370403671883253,0.0,0.0,1.0
1.740933935621665,1.5483489380468558,0.7867975271204294,-1.0197352364406391,-1.2936897635199411,0.0,1.0,0.0
-1.704936215630469,-1.5568557138688788,-0.3618145535483481,1.2590600662878026,-0.1035975615328682,0.0,0.0,1.0
-0.20673180204257968,-0.40928008163916413,-1.155300193817117,0.6393876594055069,-1.434621734807884,0.0,1.0,0.0
0.7421309932297389,0.40077330581714116,-0.8723088116233603,1.8087694594898391,-0.6360072308428746,0.0,0.0,1.0
-0.5563128318797765,-1.0168201222313547,-0.400656507967099,0.46947748332487793,0.44447121569802067,0.0,1.0,0.0
-0.3565522434013743,-0.8818112243219832,-0.017785814410839866,-0.11021605859726998,-0.21321131697904597,0.0,1.0,0.0
-1.3553551857933004,-1.0168201222313547,-0.5782197281671032,1.4989332560486912,-0.056620237770220586,1.0,0.0,0.0
1.2914726115453095,1.210826693273408,-0.6226105332171044,1.0091921602868772,-1.3563261952034713,0.0,1.0,0.0
-0.506372684760169,0.13075550999835991,-0.2508375409233454,0.05969411748335973,-0.6360072308428746,0.0,1.0,0.0
1.6909937885020574,1.0758177953640367,0.9588118966891834,-0.9897510877205279,1.1647901800586176,0.0,1.0,0.0
-1.3553551857933004,-0.8143067753672784,0.13758200326416384,-0.20016850475760306,1.3057221513465602,1.0,0.0,0.0
0.19278937491416806,-0.47678453059383064,0.731309020807928,-0.5000099919587139,1.587586093922446,0.0,1.0,0.0
0.9418915817081127,-0.13926228582038291,1.025398104264185,-1.2496137099614908,0.28788013648919525,1.0,0.0,0.0
-0.6561931261189635,-0.13926228582038291,-1.0887139862421154,1.359007228688173,0.4131529998562556,0.0,0.0,1.0
-1.005774155956132,-1.0168201222313547,-0.8001737534171085,0.6193982269254332,0.2252437048056651,0.0,1.0,0.0
-0.8559537145973374,-1.3543423670048025,0.07654464632041239,0.09967298244350768,-0.8708938496561126,1.0,0.0,0.0
0.2926696691533834,0.13075550999835991,-1.0998116875046158,1.2590600662878026,-1.3563261952034713,0.0,1.0,0.0
0.2926696691533834,1.1433222443187032,-0.2841306447108462,0.7693189705259886,-1.3406670872825888,0.0,1.0,0.0
0.8919514345885334,0.33326885686243624,0.2984986715704177,-0.510004708198751,0.4914485394606683,0.0,1.0,0.0
-0.9058938617169451,-1.219333469095431,2.49029467091422,-1.8592914006037493,-1.0431440367858205,0.0,1.0,0.0
1.8408142298608519,1.8183667338655987,-0.7946249027858584,0.72934010556584,0.7889715899574365,0.0,0.0,1.0
-0.2566719491621874,-0.47678453059383064,2.401513060814218,-2.0691804416445265,1.0864946404542049,0.0,1.0,0.0
0.19278937491416806,1.210826693273408,-1.2163375507608685,1.788780027009765,0.9455626691662619,0.0,1.0,0.0
-1.6549960685108898,-1.4218468159595072,-0.6392570851108547,1.3789966611682467,0.39749389193537304,1.0,0.0,0.0
1.0917120230669073,1.0758177953640367,0.6591739626016763,-0.8598197766000468,-0.29150685658345865,0.0,1.0,0.0
-0.5563128318797765,-1.0168201222313547,0.08764234758291266,-0.24014736971775102,0.5384258632233159,0.0,0.0,1.0
-1.605055921391282,-1.69186461177825,0.8644814359579313,-0.9997458039605651,-1.1684169001528808,1.0,0.0,0.0
1.3414127586648887,1.4808444890921508,-1.0498720318233645,1.8587430406900243,-1.6538492457002396,0.0,0.0,1.0
-0.05691136068381348,-0.40928008163916413,-0.28967949534209636,0.21960957732395228,1.415335906792738,0.0,0.0,1.0
-1.2554748915541136,-1.0843245711860596,1.153021668782938,-0.8997986415601948,-0.9805076051022904,0.0,1.0,0.0
0.4424901105121496,0.670791101635884,-1.238532953285869,1.6488539996492466,0.19392548896390005,0.0,1.0,0.0
0.6422506989905519,0.2657644079077313,-0.1787024827170937,-0.09022662611719565,1.3526994751092078,0.0,1.0,0.0
0.4924302576317573,0.670791101635884,-0.777978350892108,1.798774743249802,1.2900630434256777,0.0,1.0,0.0
0.24272952203377574,0.6032866526811791,-0.5116335205921017,0.649382375645544,0.4601303236189032,1.0,0.0,0.0
0.8420112874689257,0.33326885686243624,-0.777978350892108,1.3190283637280251,1.0395173166915572,0.0,1.0,0.0
1.041771875947328,0.5357822037265125,-0.7224898445796067,0.1296571311636185,-1.0744622526275855,0.0,0.0,1.0
-1.3553551857933004,-0.9493156732766498,0.8256394815391803,-1.0597141014007874,0.9142444533244969,1.0,0.0,0.0
-0.10685150780339275,-0.40928008163916413,0.38728028167041983,-0.7498778979596394,-1.262371547678176,0.0,1.0,0.0
0.19278937491416806,-0.3417756326844592,-0.5116335205921017,-0.07023719363712203,0.03733440975507465,0.0,1.0,0.0
-2.3042179810656473,-2.8394402440079647,-0.0732743207233412,-0.18017907227752872,1.149131072137735,0.0,0.0,1.0
-0.7061332732385428,-0.13926228582038291,-0.23419098902959504,0.15964127988372998,0.16260727312213497,0.0,1.0,0.0
0.4924302576317573,0.2657644079077313,3.688846407264249,-2.339037780125526,1.0551764246124398,0.0,1.0,0.0
2.040574818339254,2.08838452968438,2.3848665089204677,-1.9192596980439713,-0.7612800942099348,0.0,1.0,0.0
-0.006971213564205815,-0.6117934285032021,-0.3618145535483481,0.5194510645250631,0.6950169424321413,0.0,0.0,1.0
0.3925499633925703,0.8057999995452554,-0.9056019154108611,0.8092978354861367,1.0081991008497921,0.0,1.0,0.0
-0.506372684760169,-0.2067667347750878,-0.6725501888983555,0.46947748332487793,1.587586093922446,0.0,0.0,1.0
0.34260981627296266,1.2783311422280745,-0.4284007611233497,-0.030258328676973353,1.149131072137735,0.0,1.0,0.0
-1.3553551857933004,-0.8818112243219832,0.6425274107079259,-0.5899624381190469,-1.3563261952034713,0.0,0.0,1.0
-1.005774155956132,-0.8818112243219832,-0.9000530647796109,0.8492767004462846,1.149131072137735,0.0,0.0,1.0
0.9418915817081127,0.40077330581714116,0.39282913230166994,-0.6599254517993064,-0.32282507242522374,0.0,1.0,0.0
-1.8048165098696842,-1.8268735096876216,-0.28967949534209636,-0.2501420859577882,-0.3854615041087539,0.0,1.0,0.0
1.4912332000236834,1.6833578359562271,0.3484383272516689,-0.6299413030791948,0.42881210777713813,0.0,0.0,1.0
-0.40649239052098196,0.2657644079077313,-0.8889553635171107,0.6793665243656548,-1.0744622526275855,0.0,1.0,0.0
0.4424901105121496,-0.3417756326844592,0.4039268335641702,-0.4800205594786395,0.2565619206474302,0.0,1.0,0.0
0.8420112874689257,0.13075550999835991,0.4483176386141713,-0.9197880740402689,-1.027484928864938,1.0,0.0,0.0
-1.505175627152095,-1.2868379180500975,5.553260219364293,-2.668863416046748,-0.15057488529551583,1.0,0.0,0.0
0.6422506989905519,0.40077330581714116,0.36508487914541926,-0.7498778979596394,-0.7612800942099348,1.0,0.0,0.0
0.8420112874689257,0.46827775477180766,2.6845044430079747,-1.9092649818039344,-1.606871921937592,0.0,1.0,0.0
0.2926696691533834,0.33326885686243624,3.422501576964242,-2.199111752765008,-1.434621734807884,0.0,0.0,1.0
-0.3565522434013743,-0.5442889795485355,-0.41175420922959927,0.1496465636436928,0.3035392444100778,0.0,1.0,0.0
1.241532464425702,1.0083133464093317,2.4736481190204698,-2.119154022844712,1.2900630434256777,0.0,1.0,0.0
-0.30661209628179503,0.46827775477180766,-0.2619352421858457,0.5694246457252482,1.7441771731312714,0.0,0.0,1.0
0.8919514345885334,0.5357822037265125,1.0919843118391865,-1.349560872361861,-0.8082574179725824,0.0,1.0,0.0
2.040574818339254,2.2233934275937512,-0.4450473130171001,1.0291815927669508,-1.0744622526275855,0.0,1.0,0.0
-0.7061332732385428,-0.004253387911011494,-0.12321397640459239,0.11966241492358203,-0.6829845546055221,0.0,1.0,0.0
0.9918317288277203,0.33326885686243624,1.4970504079204463,-1.2895925749216386,1.0551764246124398,0.0,1.0,0.0
0.3925499633925703,0.7382955505905888,-0.16760478145459345,-0.6599254517993064,1.0081991008497921,0.0,1.0,0.0
1.9906346712196465,1.95337563177497,-1.2551795051796195,1.3889913774082838,1.4779723384762682,0.0,1.0,0.0
0.8919514345885334,0.7382955505905888,-0.777978350892108,0.1796307123638036,0.27222102856831276,0.0,0.0,1.0
-1.8547566569892635,-1.8268735096876216,-0.5282800724858521,0.8992502816464697,-1.4815990585705316,0.0,1.0,0.0
0.04296893355540185,1.0083133464093317,-0.3784611054420985,0.7193453893258035,1.4623132305553856,0.0,1.0,0.0
1.0917120230669073,0.5357822037265125,-0.5615731762733529,0.13965184740365566,-0.651666338763757,0.0,1.0,0.0
0.14284922779458878,1.0083133464093317,-0.06217661946084093,0.08967826620347052,-0.4950752595549317,0.0,0.0,1.0
0.14284922779458878,-0.5442889795485355,-0.4284007611233497,1.1391234714073581,-0.9335302813396428,0.0,1.0,0.0
-1.205534744434506,-0.3417756326844592,0.05434924379541185,-0.510004708198751,-0.620348122921992,0.0,1.0,0.0
0.24272952203377574,1.0083133464093317,-0.8945042141483608,0.8192925517261738,-0.40112061202963645,0.0,0.0,1.0
-0.9558340088365244,-1.5568557138688788,-0.8390157078358594,0.02970996876324823,0.021675301834192112,0.0,1.0,0.0
0.14284922779458878,1.1433222443187032,0.5315503980829233,-0.8198409116398986,0.7576533741156715,0.0,1.0,0.0
0.9918317288277203,0.8733044484999603,0.15422855515791425,0.10966769868354485,-1.2780306555990586,0.0,1.0,0.0
-0.6062529789993558,-0.8818112243219832,-0.4949869686983513,0.33954617220439615,-0.651666338763757,0.0,1.0,0.0
0.6921908461101312,0.06325106104369341,-0.20644673587334436,0.6593770918855812,-1.1057804684693506,0.0,1.0,0.0
1.241532464425702,1.4808444890921508,1.3083894864579417,-1.2096348450013428,-0.8082574179725824,0.0,1.0,0.0
1.9906346712196465,2.1558889786390463,-0.21754443713584465,0.05969411748335973,0.2565619206474302,0.0,0.0,1.0
0.14284922779458878,1.0083133464093317,-0.522731221854602,0.72934010556584,-1.058803144706703,0.0,0.0,1.0
-2.25427783394604,-2.6369268971438884,0.6147831575516752,-0.7198937492395286,-0.6360072308428746,0.0,1.0,0.0
1.2914726115453095,1.5483489380468558,0.08209349695166251,0.19962014484387794,-0.7769392021308174,0.0,1.0,0.0
1.1915923173060943,0.13075550999835991,-0.5782197281671032,0.48946691580495155,0.3035392444100778,1.0,0.0,0.0
-1.1555945973149266,-0.47678453059383064,1.9631538609454575,-1.5394604809225643,-1.4502808427287666,0.0,1.0,0.0
1.241532464425702,0.7382955505905888,-0.2563863915545956,-0.10022134235723282,0.4601303236189032,0.0,1.0,0.0
0.9418915817081127,0.2657644079077313,1.940958458420457,-1.8492966843637122,-0.24452953282081105,0.0,1.0,0.0
0.24272952203377574,-0.2067667347750878,0.27630326904541713,-0.94977222276038,1.415335906792738,0.0,1.0,0.0
-0.9058938617169451,-1.219333469095431,-0.40620535859834916,0.2395990098040259,0.8829262374827318,0.0,1.0,0.0
-0.9058938617169451,-1.5568557138688788,2.290536048189215,-1.839301968123675,-0.2288704248999285,0.0,0.0,1.0
-1.405295332912908,-1.4218468159595072,-0.051078918198340664,-0.4100575457983807,1.3996767988718555,0.0,0.0,1.0
1.8408142298608519,2.020880080729675,-0.38955880670459875,-0.01026889619689973,0.4601303236189032,0.0,0.0,1.0
1.141652170186515,0.8057999995452554,-0.8501134090983598,1.0291815927669508,0.03733440975507465,0.0,1.0,0.0
1.8907543769804596,2.08838452968438,-1.571463991160877,1.8687377569300614,1.6502225256059762,0.0,1.0,0.0
0.8420112874689257,0.40077330581714116,1.1308262662579376,-1.3795450210819722,-0.5733707991593444,0.0,1.0,0.0
0.19278937491416806,-0.2067667347750878,-0.5504754750108526,0.27957787476417384,-0.056620237770220586,0.0,0.0,1.0
1.2914726115453095,1.0758177953640367,2.7843837543704772,-2.079175157884564,1.0395173166915572,0.0,0.0,1.0
-0.40649239052098196,-0.9493156732766498,-0.8778576622546104,0.99919744404684,1.3370403671883253,0.0,1.0,0.0
1.141652170186515,0.8057999995452554,1.2140590257266897,-1.5594499134026387,-0.620348122921992,0.0,1.0,0.0
0.3925499633925703,-0.27427118372975434,0.7812486764891792,-1.1296771150810465,-1.3406670872825888,0.0,1.0,0.0
2.040574818339254,2.2233934275937512,1.907665354632956,-1.5494551971626014,1.2900630434256777,0.0,1.0,0.0
-0.10685150780339275,-0.5442889795485355,-0.5782197281671032,0.2595884422841002,0.05299351767595719,1.0,0.0,0.0
-0.5563128318797765,-0.6117934285032021,-0.8667599609921102,1.488938539808654,0.5854031869859635,0.0,1.0,0.0
0.8420112874689257,0.8057999995452554,0.1320331526329137,-0.5499835731588989,0.4914485394606683,0.0,0.0,1.0
-0.6062529789993558,0.06325106104369341,-0.8834065128858606,0.39951446964461845,-0.8082574179725824,1.0,0.0,0.0
-0.45643253764056124,0.33326885686243624,-1.1663978950796172,1.488938539808654,-0.7769392021308174,0.0,1.0,0.0
-0.45643253764056124,-0.9493156732766498,-0.7280386952108568,0.6693718081256184,1.384017690950973,0.0,1.0,0.0
0.3925499633925703,0.33326885686243624,0.8700302865891814,-1.0297299526806762,0.8516080216409667,0.0,0.0,1.0
0.04296893355540185,-0.5442889795485355,-0.4727915661733507,0.4394933346047664,-1.3876444110452364,0.0,0.0,1.0
0.5923105518709442,0.5357822037265125,-0.8168203053108589,1.2590600662878026,-1.3250079793617062,0.0,1.0,0.0
0.09290908067498112,-0.47678453059383064,-0.0399812169358404,0.3195567397243225,-0.8552347417352301,0.0,1.0,0.0
-1.1555945973149266,-1.961882407596993,0.9754584485829338,-0.9797563714804911,-1.6851674615420047,0.0,1.0,0.0
0.9918317288277203,0.40077330581714116,-0.5615731762733529,0.3195567397243225,-1.4972581664914142,1.0,0.0,0.0
1.0917120230669073,0.9408088974546268,-0.0011392625170894694,-0.49001527571867665,-1.3093488714408237,0.0,0.0,1.0
0.8420112874689257,0.670791101635884,-0.16205593082334332,0.7793136867660251,-1.262371547678176,0.0,0.0,1.0
1.8408142298608519,1.6833578359562271,-0.4284007611233497,0.6193982269254332,0.8985853454036143,0.0,1.0,0.0
0.4924302576317573,0.6032866526811791,2.05748432167671,-1.8093178194035642,-1.1057804684693506,0.0,0.0,1.0
-1.5551157742717028,-1.3543423670048025,-0.13986052829834278,0.09967298244350768,0.19392548896390005,0.0,1.0,0.0
-0.20673180204257968,0.6032866526811791,0.6591739626016763,-1.1996401287613057,-0.4950752595549317,0.0,1.0,0.0
-1.3553551857933004,-0.8818112243219832,-0.33961915102334755,0.7593242542859515,-0.15057488529551583,1.0,0.0,0.0
-0.30661209628179503,-0.47678453059383064,-0.07882317135459133,0.1496465636436928,-1.2153942239155284,0.0,1.0,0.0
-0.006971213564205815,-0.3417756326844592,1.0475935067891855,-1.399534453562046,-1.1057804684693506,0.0,1.0,0.0
-0.6561931261189635,-0.5442889795485355,-0.7946249027858584,0.4794721995649144,1.1021537483750874,0.0,1.0,0.0
1.4412930529040757,1.4808444890921508,0.7646021245954289,-0.94977222276038,-0.9648484971814079,0.0,1.0,0.0
-1.2554748915541136,-0.8143067753672784,-0.03443236630459026,0.1496465636436928,1.8068136048148016,0.0,1.0,0.0
0.9918317288277203,-0.13926228582038291,-1.4382915760108739,1.7288117295695424,0.6167214028277286,1.0,0.0,0.0
-1.0557143030757397,-0.004253387911011494,-0.5560243256421027,0.16963599612376715,1.211767503821265,0.0,0.0,1.0
-2.204337686826432,-2.7044313460985934,-0.6670013382671054,1.1091393226872475,-1.575553706095827,0.0,1.0,0.0
-0.006971213564205815,-0.5442889795485355,1.2196078763579397,-1.2096348450013428,-1.606871921937592,0.0,1.0,0.0
0.7421309932297389,0.40077330581714116,2.5457831772267214,-1.9792279954841936,1.6032452018433285,0.0,1.0,0.0
-1.505175627152095,-1.219333469095431,0.20971706147041558,-1.0597141014007874,0.3505165681727254,0.0,1.0,0.0
-1.0557143030757397,-1.3543423670048025,-1.3495099659108716,2.288515839011616,-1.0431440367858205,0.0,1.0,0.0
-0.9558340088365244,-0.9493156732766498,0.10428889947666305,0.2395990098040259,-1.465939950649649,0.0,1.0,0.0
0.9918317288277203,0.40077330581714116,-1.0054812267733635,1.3090336474879878,1.3526994751092078,0.0,1.0,0.0
0.04296893355540185,0.9408088974546268,0.1819728083141649,-0.38007339707826926,1.4309950147136206,0.0,1.0,0.0
0.3925499633925703,-0.13926228582038291,0.6536251119704262,-0.8898039253201576,0.6793578345112588,0.0,1.0,0.0
0.7421309932297389,0.46827775477180766,0.81454178027668,-1.2096348450013428,0.42881210777713813,0.0,1.0,0.0
1.1915923173060943,1.210826693273408,0.7424067220704282,-0.9897510877205279,1.6032452018433285,0.0,1.0,0.0
-0.3565522434013743,-0.7468023264126119,0.20971706147041558,-0.510004708198751,0.8202898057992016,0.0,0.0,1.0
0.34260981627296266,1.2783311422280745,0.8755791372204315,-1.1796506962812316,1.3057221513465602,0.0,0.0,1.0
1.3414127586648887,1.2783311422280745,-0.8334668572046093,0.649382375645544,-1.4502808427287666,0.0,1.0,0.0
1.9906346712196465,2.08838452968438,-0.41175420922959927,0.09967298244350768,-0.6046890150011095,0.0,1.0,0.0
0.9418915817081127,0.8057999995452554,-0.3618145535483481,0.1796307123638036,-1.403303518966119,1.0,0.0,0.0
0.34260981627296266,0.40077330581714116,0.5093549955579227,-0.7398831817196023,-1.0118258209440554,1.0,0.0,0.0
-1.205534744434506,-1.1518290201407262,-0.006688113148339602,0.01971525252321177,-1.6851674615420047,0.0,0.0,1.0
0.14284922779458878,1.1433222443187032,-0.522731221854602,0.72934010556584,-1.4502808427287666,0.0,1.0,0.0
0.24272952203377574,-0.13926228582038291,-0.6170616825858541,0.3795250371645441,0.1782663810430175,0.0,1.0,0.0
-1.505175627152095,-1.4893512649141738,0.07654464632041239,-0.6699201680393435,0.7419942661947889,0.0,1.0,0.0
1.3414127586648887,0.46827775477180766,-0.944443869829612,0.7493295380459143,-1.5129172744122967,0.0,1.0,0.0
-0.20673180204257968,0.13075550999835991,0.27075441841416703,-0.5899624381190469,-1.090121360548468,0.0,1.0,0.0
-0.5563128318797765,0.46827775477180766,0.5481969499766737,-0.639936019319232,1.7285180652103889,0.0,0.0,1.0
-0.8559537145973374,-1.4218468159595072,-0.777978350892108,0.7793136867660251,-0.13491577737463328,0.0,1.0,0.0
0.3925499633925703,-0.2067667347750878,-0.6725501888983555,0.6593770918855812,-1.4972581664914142,0.0,1.0,0.0
-0.506372684760169,-0.8818112243219832,-0.7280386952108568,0.8492767004462846,-1.2936897635199411,1.0,0.0,0.0
-1.5551157742717028,-1.4218468159595072,-0.02333466504209,-0.08023190987715847,0.39749389193537304,0.0,1.0,0.0
0.34260981627296266,1.2783311422280745,-0.2952283459733465,-0.4200522620384179,-1.1840760080737633,0.0,1.0,0.0
-0.9558340088365244,-1.0843245711860596,0.29294982093916755,-0.18017907227752872,1.618904309764211,0.0,1.0,0.0
-0.9558340088365244,-1.4893512649141738,0.3817314310391697,-0.7398831817196023,-0.7925983100516999,0.0,0.0,1.0
0.9418915817081127,0.670791101635884,-0.8612111103608601,0.7393348218058772,0.2095845968847826,0.0,0.0,1.0
-1.0557143030757397,-0.07175783686571639,0.015507289376660929,-0.6199465868391584,-1.1684169001528808,0.0,1.0,0.0
-0.506372684760169,0.1982599589530648,0.6591739626016763,-1.2396189937214535,-0.6046890150011095,1.0,0.0,0.0
0.9918317288277203,0.06325106104369341,-0.9888346748796131,0.5394404970051366,1.0395173166915572,0.0,1.0,0.0
0.2926696691533834,-0.27427118372975434,-0.7113921433171064,0.15964127988372998,0.5071076473815508,0.0,1.0,0.0
-0.506372684760169,-0.6117934285032021,0.29294982093916755,-0.5000099919587139,1.446654122634503,0.0,1.0,0.0
1.141652170186515,1.1433222443187032,0.5537458006079238,-0.3400945321181213,0.2095845968847826,0.0,0.0,1.0
-1.105654450195319,-1.4218468159595072,0.33734062598916864,-0.6499307355592692,-1.4815990585705316,1.0,0.0,0.0
0.6921908461101312,0.40077330581714116,0.08764234758291266,0.329551455964359,1.6345634176850936,0.0,1.0,0.0
-0.5563128318797765,-0.9493156732766498,-0.7002944420546061,0.649382375645544,0.2252437048056651,0.0,1.0,0.0
-1.605055921391282,-1.4218468159595072,-0.7002944420546061,0.649382375645544,0.2095845968847826,0.0,1.0,0.0
0.4924302576317573,0.33326885686243624,-1.615854796210878,2.138595095411061,-0.47941615163404916,0.0,1.0,0.0
0.09290908067498112,1.0083133464093317,-0.5948662800608536,0.3595356046844705,0.3035392444100778,1.0,0.0,0.0
-0.3565522434013743,-0.5442889795485355,0.25965671715166677,-0.21016322099764023,0.3348574602518429,0.0,0.0,1.0
-1.305415038673721,-0.40928008163916413,-0.36736340417959823,0.5494352132451739,-0.21321131697904597,0.0,1.0,0.0
-1.305415038673721,-1.3543423670048025,-1.022127778667114,1.5089279722887283,-0.6986436625264046,0.0,0.0,1.0
0.24272952203377574,1.1433222443187032,0.44276878798292113,-0.7298884654795651,-0.3541432882669888,0.0,1.0,0.0
0.24272952203377574,-0.13926228582038291,-0.7169409939483565,0.4394933346047664,0.05299351767595719,0.0,0.0,1.0
0.9918317288277203,0.670791101635884,1.8077860432704538,-1.729360089483268,-0.9335302813396428,0.0,1.0,0.0
-1.2554748915541136,-1.0168201222313547,0.8422860334329306,-0.6899096005194172,-1.5442354902540618,0.0,1.0,0.0
0.04296893355540185,0.9408088974546268,-0.5615731762733529,0.21960957732395228,0.4914485394606683,0.0,1.0,0.0
0.4424901105121496,-0.2067667347750878,4.526722852583019,-2.558921537406341,1.4623132305553856,0.0,1.0,0.0
1.5911134942628704,0.9408088974546268,0.3761825804079195,-0.3400945321181213,-1.0118258209440554,1.0,0.0,0.0
0.6422506989905519,0.06325106104369341,0.6813693651266768,-0.8997986415601948,-1.1057804684693506,0.0,1.0,0.0
-0.30661209628179503,-0.47678453059383064,0.8478348840641808,-1.1596612638011576,1.4623132305553856,0.0,0.0,1.0
-0.6561931261189635,-0.27427118372975434,1.103082013101687,-1.2696031424415646,-0.4480979357922841,0.0,0.0,1.0
0.6921908461101312,0.33326885686243624,0.5204526968204229,-0.05024776115704769,-1.6851674615420047,0.0,1.0,0.0
1.3414127586648887,1.6158533870015224,2.3016337494517156,-1.5194710484424903,-1.4815990585705316,0.0,1.0,0.0
-1.5551157742717028,-1.1518290201407262,-0.1454093789295929,-0.12021077483730715,1.2744039355047951,0.0,1.0,0.0
0.14284922779458878,1.2783311422280745,0.38728028167041983,-0.599957154359084,1.0864946404542049,0.0,1.0,0.0
0.4924302576317573,1.0758177953640367,-0.5060846699608516,0.3895197534045813,0.5854031869859635,0.0,0.0,1.0
1.8408142298608519,1.4808444890921508,0.15977740578916438,-0.6199465868391584,-0.18189310113728088,0.0,1.0,0.0
0.7920711403493464,0.2657644079077313,0.3317917753579185,0.16963599612376715,0.13128905728036988,0.0,1.0,0.0
-1.1555945973149266,-1.0843245711860596,1.103082013101687,-1.2296242774814168,-0.18189310113728088,1.0,0.0,0.0
0.4924302576317573,0.6032866526811791,1.6024785699141988,-1.4894868997223791,0.9142444533244969,0.0,1.0,0.0
-0.506372684760169,-0.004253387911011494,-0.3063260472358468,-0.04025304491701052,1.6345634176850936,0.0,1.0,0.0
-0.6062529789993558,-0.13926228582038291,1.1863147725704388,-1.2496137099614908,0.3505165681727254,0.0,1.0,0.0
0.8420112874689257,-0.3417756326844592,-1.3384122646483714,2.548378461252579,1.9007682523400968,0.0,1.0,0.0
-0.7560734203581504,-1.2868379180500975,-0.21199558650459452,-0.08023190987715847,0.3035392444100778,0.0,0.0,1.0
0.4424901105121496,0.6032866526811791,2.529136625332971,-1.9792279954841936,-0.04096112984933804,0.0,1.0,0.0
-0.5563128318797765,-0.8818112243219832,1.0420446561579355,-1.0597141014007874,0.13128905728036988,0.0,1.0,0.0
-0.9058938617169451,-0.6792978774579069,0.6203320081829253,-0.8498250603600097,1.3996767988718555,0.0,1.0,0.0
-1.105654450195319,-1.759369060732955,-0.15095822956084304,0.07968354996343335,0.4601303236189032,0.0,1.0,0.0
-0.8060135674777581,-1.4218468159595072,0.026604990639161195,-0.4100575457983807,0.3818347840144905,0.0,1.0,0.0
-1.105654450195319,-1.69186461177825,0.5093549955579227,-0.8698144928400837,0.2565619206474302,1.0,0.0,0.0
-1.205534744434506,-0.9493156732766498,-1.022127778667114,0.6393876594055069,-1.4815990585705316,0.0,1.0,0.0
-0.30661209628179503,-0.6117934285032021,-1.1830444469733676,2.198563392851283,0.5384258632233159,0.0,0.0,1.0
1.7908740827412726,1.210826693273408,0.41502453482667045,-0.67991488427938,0.7419942661947889,0.0,1.0,0.0
0.7421309932297389,0.46827775477180766,0.15977740578916438,-0.6899096005194172,-1.090121360548468,0.0,1.0,0.0
-0.05691136068381348,-0.40928008163916413,-0.16760478145459345,0.27957787476417384,1.2900630434256777,0.0,0.0,1.0
-1.205534744434506,-0.9493156732766498,-0.0732743207233412,0.2096148610839151,-0.7925983100516999,0.0,1.0,0.0
0.9918317288277203,0.8733044484999603,-0.16760478145459345,-0.01026889619689973,-1.2936897635199411,0.0,1.0,0.0
-1.405295332912908,-1.3543423670048025,-0.33961915102334755,0.24959372604406307,-0.8082574179725824,0.0,0.0,1.0
-0.8559537145973374,-0.40928008163916413,0.15977740578916438,-0.4200522620384179,0.5071076473815508,0.0,1.0,0.0
-1.005774155956132,-1.2868379180500975,-0.4727915661733507,-0.29012095091793616,-1.1370986843111157,0.0,1.0,0.0
0.5923105518709442,1.6158533870015224,-0.8001737534171085,0.7793136867660251,-0.2758477486625761,1.0,0.0,0.0
0.4424901105121496,0.7382955505905888,0.03770269190166146,-0.23015265347771385,0.39749389193537304,0.0,0.0,1.0
-0.8060135674777581,-0.9493156732766498,-0.5893174294296035,0.7093506730857664,-0.1035975615328682,0.0,1.0,0.0
-1.3553551857933004,-0.8818112243219832,-0.18425133334834384,-0.07023719363712203,1.24308571966303,0.0,1.0,0.0
-0.006971213564205815,-0.3417756326844592,0.5648435018704241,-0.9897510877205279,-1.1370986843111157,0.0,1.0,0.0
-1.5551157742717028,-1.3543423670048025,-0.6836478901608558,0.689361240605692,-0.04096112984933804,1.0,0.0,0.0
0.19278937491416806,-0.13926228582038291,-0.5060846699608516,-0.030258328676973353,-0.009642914007572967,1.0,0.0,0.0
-0.2566719491621874,0.5357822037265125,0.33734062598916864,-0.7598726141996767,-0.6360072308428746,1.0,0.0,0.0
-0.30661209628179503,-0.7468023264126119,0.05989809442666199,-0.6299413030791948,1.0395173166915572,0.0,1.0,0.0
0.4924302576317573,-0.2067667347750878,-0.3951076573358489,0.19962014484387794,0.5227667553024333,0.0,1.0,0.0
0.19278937491416806,0.33326885686243624,-0.21754443713584465,0.2995673072442482,-1.5442354902540618,0.0,0.0,1.0
0.34260981627296266,0.670791101635884,1.1141797143641872,-1.439513318522194,1.0708355325333223,0.0,0.0,1.0
-0.20673180204257968,-0.5442889795485355,0.34288947662041874,-0.6699201680393435,-1.1684169001528808,0.0,1.0,0.0
0.09290908067498112,-0.6117934285032021,-0.739136396473357,0.21960957732395228,-1.058803144706703,0.0,0.0,1.0
-0.45643253764056124,0.1982599589530648,-1.69908755567963,1.8987219056501723,-0.416779719950519,0.0,0.0,1.0
-0.8559537145973374,-0.27427118372975434,-0.06772547009209105,-0.909793357800232,1.2744039355047951,0.0,1.0,0.0
-1.005774155956132,-0.8143067753672784,1.3916222459266938,-1.279597858681602,1.3370403671883253,0.0,1.0,0.0
-0.8559537145973374,-0.6117934285032021,0.5149038461891728,-0.7298884654795651,-1.6851674615420047,0.0,0.0,1.0
-0.6561931261189635,-0.3417756326844592,-0.5171823712233518,-0.0002741799568625625,0.8202898057992016,0.0,1.0,0.0
-0.506372684760169,-0.8818112243219832,3.9440935363017546,-2.339037780125526,1.5719269860015634,0.0,1.0,0.0
-0.9058938617169451,-1.3543423670048025,-0.7113921433171064,0.2395990098040259,-0.9335302813396428,0.0,1.0,0.0
-1.0557143030757397,-1.6243601628235453,-1.0831651356108654,1.4289702423684318,0.6793578345112588,0.0,1.0,0.0
-0.8559537145973374,-0.6117934285032021,0.2984986715704177,0.009720536283174605,-1.403303518966119,0.0,1.0,0.0
-1.8547566569892635,-1.759369060732955,-0.41175420922959927,0.7093506730857664,1.6815407414477412,0.0,1.0,0.0
-2.204337686826432,-2.6369268971438884,-0.6725501888983555,0.6193982269254332,-1.3093488714408237,0.0,0.0,1.0
-0.40649239052098196,-1.1518290201407262,-0.7169409939483565,0.2995673072442482,-1.2780306555990586,0.0,1.0,0.0
-0.7061332732385428,-0.27427118372975434,0.0044095881141606634,-0.4200522620384179,-1.606871921937592,0.0,1.0,0.0
-0.8060135674777581,-0.47678453059383064,-0.15095822956084304,-0.4200522620384179,-1.403303518966119,0.0,1.0,0.0
-0.05691136068381348,-0.5442889795485355,-0.26748409281709584,0.42949861836472925,1.6658816335268587,0.0,1.0,0.0
0.19278937491416806,0.2657644079077313,-1.3384122646483714,2.138595095411061,-1.3876444110452364,0.0,1.0,0.0
1.141652170186515,0.7382955505905888,-0.4672427155421006,0.02970996876324823,0.5854031869859635,1.0,0.0,0.0
-1.105654450195319,-0.8143067753672784,0.10983775010791318,-0.4800205594786395,-0.651666338763757,0.0,1.0,0.0
1.3414127586648887,1.3458355911827795,-0.21199558650459452,-0.30011566715797333,-0.47941615163404916,0.0,1.0,0.0
1.141652170186515,1.1433222443187032,0.603685456289175,-0.7898567629197875,1.3996767988718555,0.0,1.0,0.0
1.4412930529040757,1.5483489380468558,1.940958458420457,-1.7193653732432308,0.6323805107486111,0.0,1.0,0.0
-0.10685150780339275,0.1982599589530648,1.474855005395446,-1.6294129270828976,1.415335906792738,0.0,0.0,1.0
-0.15679165492300043,-0.7468023264126119,0.06544694505791213,-0.46003112699856585,-0.40112061202963645,0.0,0.0,1.0
-0.5563128318797765,-1.219333469095431,2.6789555923767248,-1.9992174279642676,-1.3250079793617062,0.0,0.0,1.0
-1.2554748915541136,-1.0168201222313547,-0.4284007611233497,1.2290759175676913,0.6323805107486111,0.0,1.0,0.0
0.34260981627296266,0.7382955505905888,5.209231480226785,-2.6588686998067113,0.976880885008027,0.0,1.0,0.0
1.0917120230669073,0.8733044484999603,-0.35626570291709797,0.8592714166863218,-0.056620237770220586,0.0,1.0,0.0
-0.45643253764056124,0.2657644079077313,-0.08437202198584146,1.1391234714073581,-0.651666338763757,0.0,0.0,1.0
0.09290908067498112,-0.004253387911011494,0.6924670663891771,-0.929782790280306,1.11781285629597,0.0,0.0,1.0
-1.3553551857933004,-1.3543423670048025,-0.06772547009209105,-0.49001527571867665,0.8985853454036143,0.0,1.0,0.0
1.3414127586648887,0.2657644079077313,-1.2995703102296206,1.5189226885287654,-1.3719853031243538,1.0,0.0,0.0
-0.3565522434013743,-0.6792978774579069,-0.15650708019209317,0.7793136867660251,0.6323805107486111,0.0,1.0,0.0
-0.20673180204257968,-0.5442889795485355,0.10983775010791318,-0.09022662611719565,0.03733440975507465,0.0,1.0,0.0
1.141652170186515,1.3458355911827795,1.147472818151688,-1.1896454125212683,0.9299035612453793,0.0,1.0,0.0
-0.05691136068381348,-0.3417756326844592,0.15422855515791425,-0.4500364107585287,0.9925399929289095,0.0,1.0,0.0
-1.205534744434506,-0.9493156732766498,-0.8667599609921102,0.7493295380459143,-0.5107343674758142,0.0,1.0,0.0
0.9918317288277203,0.5357822037265125,2.268340645664215,-2.029201576684379,-0.651666338763757,0.0,1.0,0.0
0.5923105518709442,0.1982599589530648,-1.0110300774046135,1.448959674848506,-0.9178711734187602,0.0,0.0,1.0
-0.40649239052098196,0.40077330581714116,0.15422855515791425,-0.1601896397974551,1.0081991008497921,0.0,1.0,0.0
-0.506372684760169,-0.9493156732766498,0.6758205144954267,-0.7798620466797502,-0.025302021928455508,0.0,1.0,0.0
-1.205534744434506,-0.9493156732766498,0.30959637283291797,-0.3101103833980105,-1.2936897635199411,0.0,0.0,1.0
-1.0557143030757397,-1.4218468159595072,-0.3507168522858478,0.5194510645250631,-0.26018864074169357,0.0,1.0,0.0
-1.3553551857933004,-1.1518290201407262,-0.6059639813233539,0.18962542860384077,-0.19755220905816342,0.0,1.0,0.0
-1.0557143030757397,-1.6243601628235453,2.4292573139704685,-1.9792279954841936,1.1647901800586176,0.0,1.0,0.0
-1.405295332912908,-1.4218468159595072,-1.1830444469733676,3.537855369016245,1.0081991008497921,0.0,1.0,0.0
-1.305415038673721,-1.219333469095431,0.5537458006079238,-0.6199465868391584,-1.0744622526275855,0.0,1.0,0.0
-0.3565522434013743,-0.47678453059383064,-0.08992087261709159,-0.21016322099764023,1.5092905543180333,0.0,0.0,1.0
-0.45643253764056124,-0.9493156732766498,-0.567122026904603,0.15964127988372998,1.1804492879795,0.0,1.0,0.0
0.2926696691533834,-0.004253387911011494,-0.15650708019209317,-0.3101103833980105,-0.04096112984933804,0.0,1.0,0.0
0.34260981627296266,-0.3417756326844592,-0.3340703003920974,-0.5499835731588989,1.3996767988718555,0.0,1.0,0.0
-0.2566719491621874,0.6032866526811791,-0.8945042141483608,0.8692661329263589,0.1782663810430175,0.0,0.0,1.0
0.3925499633925703,0.6032866526811791,-0.45614501427960036,0.7693189705259886,-0.40112061202963645,0.0,1.0,0.0
-1.105654450195319,-1.0168201222313547,-0.2841306447108462,0.18962542860384077,1.384017690950973,0.0,0.0,1.0
0.5423704047513649,1.0758177953640367,-0.6780990395296056,1.3390177962080987,-1.6851674615420047,1.0,0.0,0.0
-1.1555945973149266,-1.219333469095431,-0.0732743207233412,0.009720536283174605,0.8985853454036143,1.0,0.0,0.0
0.2926696691533834,-0.27427118372975434,0.8034440790141798,-0.7198937492395286,-0.8552347417352301,0.0,1.0,0.0
-1.105654450195319,-1.4218468159595072,-0.5116335205921017,0.8592714166863218,-0.9648484971814079,0.0,1.0,0.0
1.9906346712196465,2.08838452968438,0.858932585326681,-0.8598197766000468,0.13128905728036988,0.0,0.0,1.0
-0.3565522434013743,-0.5442889795485355,-0.5504754750108526,-0.2501420859577882,0.05299351767595719,0.0,0.0,1.0
1.141652170186515,0.5357822037265125,-0.9000530647796109,0.72934010556584,-1.3406670872825888,0.0,1.0,0.0
-0.5563128318797765,-1.219333469095431,0.81454178027668,-0.9597669390004171,-0.8552347417352301,0.0,1.0,0.0
1.4412930529040757,1.6158533870015224,-1.1386536419233666,1.089149890207173,-1.606871921937592,0.0,0.0,1.0
0.8919514345885334,0.06325106104369341,4.621053313314271,-2.6088951186065263,1.5249496622389158,0.0,0.0,1.0
1.5911134942628704,1.0083133464093317,-1.1275559406608664,1.8187641757298763,-1.6538492457002396,0.0,0.0,1.0
0.7920711403493464,0.46827775477180766,1.519245810445447,-1.5394604809225643,1.6032452018433285,0.0,0.0,1.0
0.5423704047513649,0.8733044484999603,-1.5048777835858753,1.9986690680505426,-0.8552347417352301,0.0,1.0,0.0
0.14284922779458878,1.2783311422280745,-0.611512831954604,0.15964127988372998,1.1961083959003824,0.0,0.0,1.0
1.1915923173060943,0.13075550999835991,-0.0011392625170894694,-0.23015265347771385,-1.231053331836411,0.0,1.0,0.0
0.6921908461101312,0.1982599589530648,-0.9166996166733613,0.7593242542859515,1.0708355325333223,0.0,1.0,0.0
-0.5563128318797765,0.06325106104369341,-0.7668806496296078,0.4394933346047664,-0.4950752595549317,0.0,1.0,0.0
-0.40649239052098196,0.33326885686243624,0.04880039316416172,-0.6499307355592692,-1.1370986843111157,0.0,0.0,1.0
-0.7061332732385428,-0.40928008163916413,-0.733587545842107,0.5094563482850258,1.0708355325333223,0.0,0.0,1.0
-1.2554748915541136,-0.8818112243219832,-0.5171823712233518,1.2990389312479507,0.9455626691662619,0.0,0.0,1.0
0.6921908461101312,0.33326885686243624,-0.6559036370046051,0.3795250371645441,1.1647901800586176,1.0,0.0,0.0
0.2926696691533834,0.1982599589530648,2.112972827989211,-1.769338954443416,1.8068136048148016,0.0,1.0,0.0
0.19278937491416806,-0.2067667347750878,0.8089929296454299,-0.8698144928400837,0.6950169424321413,0.0,1.0,0.0
0.34260981627296266,1.210826693273408,-0.5449266243796025,-0.1901737885175659,-1.1527577922319983,0.0,1.0,0.0
0.24272952203377574,1.0758177953640367,-0.16760478145459345,0.7193453893258035,1.4779723384762682,0.0,1.0,0.0
-0.7560734203581504,-0.27427118372975434,-0.5615731762733529,0.4494880508448036,0.2565619206474302,0.0,0.0,1.0
-0.8060135674777581,-1.2868379180500975,1.952056159682957,-1.5294657646825274,0.7889715899574365,1.0,0.0,0.0
-1.105654450195319,-0.13926228582038291,0.7590532739641787,-1.0996929663609354,1.1021537483750874,0.0,0.0,1.0
1.0917120230669073,1.0083133464093317,-0.9943835255108632,1.2990389312479507,-1.1214395763902332,0.0,0.0,1.0
0.8919514345885334,0.8057999995452554,1.6690647774892005,-1.3395661561218237,1.4779723384762682,0.0,1.0,0.0
0.09290908067498112,0.2657644079077313,-0.11766512577334225,0.1796307123638036,-1.606871921937592,0.0,1.0,0.0
-1.2554748915541136,-1.0168201222313547,0.03770269190166146,0.039704685003285396,0.3348574602518429,0.0,1.0,0.0
1.4412930529040757,1.6833578359562271,0.06544694505791213,-0.0002741799568625625,-1.3719853031243538,0.0,0.0,1.0
1.041771875947328,0.8057999995452554,0.4261222360891707,-0.49001527571867665,-0.7925983100516999,0.0,0.0,1.0
0.09290908067498112,1.210826693273408,-0.7169409939483565,1.1391234714073581,1.2744039355047951,0.0,1.0,0.0
0.7920711403493464,0.46827775477180766,-0.45614501427960036,0.039704685003285396,1.6502225256059762,0.0,1.0,0.0
-1.505175627152095,-1.4893512649141738,-0.7502340977358574,0.0696888337233969,1.1961083959003824,1.0,0.0,0.0
-0.3565522434013743,-0.9493156732766498,-0.2286421383983449,-0.05024776115704769,-0.9491893892605253,1.0,0.0,0.0
-0.05691136068381348,-0.6117934285032021,-0.7058432926858563,0.8292872679662102,1.415335906792738,0.0,1.0,0.0
-0.8559537145973374,-0.6117934285032021,-0.7557829483671075,0.5094563482850258,0.47578943153978576,0.0,1.0,0.0
1.0917120230669073,0.6032866526811791,0.35953602851416916,0.04969940124332256,-0.620348122921992,0.0,1.0,0.0
1.241532464425702,0.13075550999835991,0.981007299214184,-1.0097405202006022,0.7576533741156715,0.0,1.0,0.0
0.34260981627296266,-0.27427118372975434,-0.07882317135459133,-0.35008924835815847,-0.5733707991593444,0.0,0.0,1.0
-0.5563128318797765,-0.07175783686571639,-0.21199558650459452,-0.29012095091793616,-0.589029907080227,0.0,0.0,1.0
-0.45643253764056124,0.1982599589530648,-0.37291225481084833,0.6593770918855812,0.773312482036554,0.0,1.0,0.0
-0.40649239052098196,-0.8143067753672784,-0.7446852471046073,1.1391234714073581,1.1804492879795,0.0,1.0,0.0
0.4924302576317573,0.46827775477180766,0.6536251119704262,-1.0097405202006022,0.6323805107486111,0.0,0.0,1.0
-1.0557143030757397,-0.7468023264126119,0.1486797045266641,0.18962542860384077,-0.9022120654978777,0.0,1.0,0.0
1.141652170186515,0.8057999995452554,-0.5948662800608536,0.2695831585241374,-0.620348122921992,0.0,0.0,1.0
0.34260981627296266,0.5357822037265125,-0.3340703003920974,0.9092449978865069,-0.5733707991593444,0.0,1.0,0.0
-1.1555945973149266,-0.7468023264126119,-0.051078918198340664,-0.09022662611719565,0.006016193913309572,0.0,0.0,1.0
0.09290908067498112,1.0083133464093317,-0.13431167766709265,-0.3201050996380477,-1.262371547678176,1.0,0.0,0.0
-0.6062529789993558,-0.13926228582038291,-0.567122026904603,0.27957787476417384,-1.3250079793617062,0.0,1.0,0.0
0.19278937491416806,0.7382955505905888,-0.7890760521546083,1.079155173967136,1.2744039355047951,0.0,1.0,0.0
-1.4552354800324874,-0.8818112243219832,-0.3618145535483481,0.22960429356398873,-0.6829845546055221,0.0,1.0,0.0
0.24272952203377574,0.8733044484999603,-0.27303294344834594,0.1796307123638036,-1.0744622526275855,0.0,1.0,0.0
-0.40649239052098196,-1.0843245711860596,-0.6891967407921059,0.3495408884444333,-0.8552347417352301,0.0,0.0,1.0
1.241532464425702,0.13075550999835991,-0.3451680016545977,0.15964127988372998,-1.434621734807884,0.0,1.0,0.0
-1.405295332912908,-0.9493156732766498,0.6258808588141755,-0.7898567629197875,-0.8708938496561126,0.0,1.0,0.0
-0.45643253764056124,0.46827775477180766,-1.27737490770462,1.1091393226872475,1.2587448275839126,0.0,1.0,0.0
0.09290908067498112,-0.27427118372975434,-0.6059639813233539,1.26905478252784,-0.9491893892605253,0.0,1.0,0.0
-0.8559537145973374,-1.3543423670048025,-0.2952283459733465,0.22960429356398873,-0.3384841803461063,0.0,1.0,0.0
0.9918317288277203,0.40077330581714116,-0.0011392625170894694,-0.26013680219782537,-0.18189310113728088,0.0,0.0,1.0
1.3414127586648887,1.5483489380468558,-1.0720674343483652,2.118605662930987,0.976880885008027,0.0,1.0,0.0
1.141652170186515,0.8057999995452554,-0.7446852471046073,0.7693189705259886,-0.3071659645043412,0.0,0.0,1.0
-0.9058938617169451,-1.4893512649141738,-0.9111507660421112,0.6593770918855812,1.2587448275839126,0.0,1.0,0.0
-0.8559537145973374,-0.004253387911011494,1.7689440888517027,-1.6094234946028239,0.09997084143860481,0.0,1.0,0.0
-0.15679165492300043,-0.40928008163916413,-0.983285824248363,1.1890970526075433,0.14694816520125242,0.0,1.0,0.0
0.4924302576317573,0.7382955505905888,0.4205733854579206,-0.4400416945184915,0.7889715899574365,0.0,1.0,0.0
-0.5563128318797765,-0.8143067753672784,-1.4327427253796237,1.3889913774082838,-0.47941615163404916,0.0,1.0,0.0
0.14284922779458878,1.1433222443187032,-0.483889267435851,0.1496465636436928,1.0081991008497921,0.0,1.0,0.0
-0.9058938617169451,-0.8818112243219832,0.3317917753579185,-0.38007339707826926,-1.2467124397572935,0.0,0.0,1.0
-0.5563128318797765,-0.07175783686571639,-0.12321397640459239,-0.3400945321181213,0.14694816520125242,0.0,1.0,0.0
-0.6062529789993558,-0.13926228582038291,0.5260015474516732,-0.639936019319232,-1.262371547678176,0.0,1.0,0.0
-1.105654450195319,-1.8943779586423264,-0.2286421383983449,-0.1901737885175659,1.2587448275839126,0.0,1.0,0.0
0.6921908461101312,0.40077330581714116,0.5260015474516732,-0.8898039253201576,0.9925399929289095,0.0,1.0,0.0
0.34260981627296266,0.670791101635884,0.9255187929016827,-1.4994816159624162,0.7106760503530238,0.0,0.0,1.0
-1.9546369512284505,-1.961882407596993,0.6203320081829253,-0.43004697827845434,0.9299035612453793,0.0,1.0,0.0
1.1915923173060943,1.210826693273408,-0.17315363208584358,0.5694246457252482,0.006016193913309572,0.0,1.0,0.0
-1.305415038673721,-1.4218468159595072,-0.8279180065733592,0.7693189705259886,0.7576533741156715,0.0,1.0,0.0
-1.205534744434506,-0.47678453059383064,0.39282913230166994,-0.5000099919587139,-1.5912128140167094,0.0,1.0,0.0
-1.305415038673721,-1.219333469095431,-0.051078918198340664,-0.7398831817196023,-1.3406670872825888,0.0,0.0,1.0
0.2926696691533834,0.46827775477180766,-0.4672427155421006,0.05969411748335973,-0.40112061202963645,0.0,1.0,0.0
-0.6561931261189635,-1.0843245711860596,0.11538660073916332,-0.6699201680393435,-0.8552347417352301,1.0,0.0,0.0
0.34260981627296266,0.670791101635884,-1.2607283558108695,1.2090864850876175,-0.009642914007572967,0.0,1.0,0.0
-0.6561931261189635,-0.2067667347750878,-0.16205593082334332,0.05969411748335973,0.8516080216409667,0.0,1.0,0.0
1.3414127586648887,1.6833578359562271,-0.06772547009209105,-0.3600839645981956,-1.2780306555990586,1.0,0.0,0.0
-1.005774155956132,-1.0168201222313547,-0.611512831954604,-0.23015265347771385,1.759836281052154,0.0,1.0,0.0
-0.9058938617169451,-1.1518290201407262,-0.09546972324834173,0.9092449978865069,-1.3406670872825888,0.0,0.0,1.0
1.141652170186515,0.8057999995452554,-1.3439611152796216,2.248536974051468,0.021675301834192112,0.0,1.0,0.0
0.04296893355540185,-0.2067667347750878,-1.0443231811921143,1.8187641757298763,0.7419942661947889,0.0,1.0,0.0
0.6921908461101312,0.46827775477180766,-0.9111507660421112,0.19962014484387794,0.9455626691662619,0.0,0.0,1.0
-0.10685150780339275,-0.13926228582038291,1.1641193700454384,-0.6599254517993064,0.7106760503530238,0.0,1.0,0.0
-0.7560734203581504,-0.40928008163916413,0.14313085389541397,-0.6299413030791948,0.6636987265903762,0.0,0.0,1.0
-1.305415038673721,-1.0843245711860596,-0.9333461685671117,1.7388064458095798,-0.8708938496561126,0.0,1.0,0.0
0.04296893355540185,-0.40928008163916413,3.3392688174954905,-2.2091064690050453,-1.1684169001528808,0.0,1.0,0.0
-1.105654450195319,-1.5568557138688788,-0.8112714546796088,-0.20016850475760306,-1.231053331836411,0.0,1.0,0.0
-1.205534744434506,-1.1518290201407262,-0.20644673587334436,0.3195567397243225,0.4914485394606683,0.0,1.0,0.0
2.040574818339254,2.3584023255031226,-0.38955880670459875,0.45948276708484076,0.08431173351772227,0.0,1.0,0.0
-0.10685150780339275,0.8057999995452554,0.6924670663891771,-1.1696559800411945,1.0238582087706747,0.0,1.0,0.0
-1.205534744434506,-0.5442889795485355,-0.8279180065733592,0.329551455964359,1.7754953889730365,0.0,1.0,0.0
0.5923105518709442,0.06325106104369341,-0.3340703003920974,0.5494352132451739,-0.996166713023173,0.0,0.0,1.0
0.04296893355540185,-0.2067667347750878,-0.983285824248363,0.9092449978865069,-1.3250079793617062,0.0,1.0,0.0
-0.20673180204257968,0.5357822037265125,0.5814900537641744,-0.909793357800232,0.09997084143860481,0.0,1.0,0.0
-1.2554748915541136,-0.5442889795485355,-1.066518583717115,1.578890985968987,1.2587448275839126,0.0,0.0,1.0
0.2926696691533834,0.1982599589530648,-0.3063260472358468,0.09967298244350768,1.6502225256059762,0.0,1.0,0.0
1.1915923173060943,0.670791101635884,-1.1663978950796172,1.4589543910885432,1.0708355325333223,0.0,1.0,0.0
0.19278937491416806,0.670791101635884,0.30959637283291797,-0.46003112699856585,-1.4502808427287666,0.0,0.0,1.0
-0.5563128318797765,0.1982599589530648,-1.6435990493671286,2.2985105552516534,0.8672671295618493,1.0,0.0,0.0
0.5923105518709442,-0.07175783686571639,-0.8723088116233603,1.2390706338077284,-1.4815990585705316,0.0,1.0,0.0
1.041771875947328,0.8733044484999603,-0.23419098902959504,-0.1601896397974551,-1.2467124397572935,0.0,0.0,1.0
0.34260981627296266,1.1433222443187032,0.5315503980829233,-0.7598726141996767,1.6502225256059762,0.0,1.0,0.0
1.8408142298608519,2.08838452968438,-0.739136396473357,0.8592714166863218,1.1804492879795,0.0,1.0,0.0
-0.3565522434013743,-0.9493156732766498,-0.5060846699608516,1.2090864850876175,-0.5733707991593444,0.0,0.0,1.0
0.8919514345885334,0.5357822037265125,0.44276878798292113,-0.8997986415601948,-0.4950752595549317,0.0,0.0,1.0
0.8420112874689257,0.670791101635884,0.04880039316416172,0.02970996876324823,-1.3563261952034713,0.0,1.0,0.0
-0.506372684760169,0.1982599589530648,-0.10656742451084199,0.49946163204498867,0.9925399929289095,0.0,1.0,0.0
-1.405295332912908,-1.0843245711860596,-0.4284007611233497,1.1191340389272846,-0.08793845361198566,0.0,1.0,0.0
-0.10685150780339275,0.7382955505905888,-0.483889267435851,0.72934010556584,1.2587448275839126,0.0,1.0,0.0
-0.8559537145973374,-1.2868379180500975,0.5038061449266726,-0.7298884654795651,-0.3854615041087539,0.0,0.0,1.0
-0.6062529789993558,-0.6117934285032021,0.10983775010791318,-0.5299941406788247,-0.19755220905816342,0.0,0.0,1.0
-1.105654450195319,-0.2067667347750878,0.8922256891141819,-0.8698144928400837,1.446654122634503,0.0,0.0,1.0
-0.9058938617169451,-0.8143067753672784,-0.2286421383983449,-0.40006282955834355,-1.0744622526275855,0.0,1.0,0.0
1.3913529057844964,1.4808444890921508,-0.38955880670459875,-0.3101103833980105,0.5540849711441984,0.0,0.0,1.0
0.8420112874689257,0.5357822037265125,-0.12876282703584252,0.039704685003285396,-0.9335302813396428,0.0,0.0,1.0
0.8420112874689257,0.6032866526811791,-0.7446852471046073,0.6393876594055069,1.556267878080681,0.0,1.0,0.0
-0.5563128318797765,0.06325106104369341,-0.483889267435851,0.9892027278068027,1.24308571966303,1.0,0.0,0.0
-0.9058938617169451,-1.5568557138688788,0.8256394815391803,-0.7598726141996767,-0.26018864074169357,0.0,1.0,0.0
1.3414127586648887,1.6158533870015224,-0.4783404168046009,0.72934010556584,-0.7143027704472872,0.0,1.0,0.0
-1.3553551857933004,-1.2868379180500975,-0.4505961636483502,0.5694246457252482,1.4779723384762682,0.0,1.0,0.0
0.04296893355540185,-0.40928008163916413,0.1320331526329137,0.07968354996343335,-1.2467124397572935,1.0,0.0,0.0
-0.30661209628179503,-0.47678453059383064,-0.5060846699608516,0.8592714166863218,-0.996166713023173,0.0,1.0,0.0
0.8919514345885334,-0.27427118372975434,-0.5726708775358531,0.8992502816464697,1.6658816335268587,0.0,0.0,1.0
2.0905149654588335,2.2908978765484176,-0.6559036370046051,0.33954617220439615,-0.8082574179725824,0.0,1.0,0.0
0.2926696691533834,-0.47678453059383064,-0.7224898445796067,-0.1302054910773436,0.11562994935948734,0.0,1.0,0.0
-1.3553551857933004,-0.8818112243219832,-0.5116335205921017,0.4494880508448036,-0.04096112984933804,0.0,0.0,1.0
0.2926696691533834,0.40077330581714116,-0.5060846699608516,0.46947748332487793,-0.823916525893465,1.0,0.0,0.0
1.740933935621665,1.6158533870015224,-1.2274352520233687,1.4189755261283954,1.0864946404542049,0.0,0.0,1.0
-0.506372684760169,0.1982599589530648,0.07099579568916226,-0.01026889619689973,0.09997084143860481,0.0,1.0,0.0
0.6921908461101312,0.6032866526811791,0.09874004884541292,-0.07023719363712203,1.0395173166915572,0.0,0.0,1.0
0.6422506989905519,0.06325106104369341,-0.04553006756709053,0.15964127988372998,-1.5442354902540618,0.0,1.0,0.0
-0.6062529789993558,0.40077330581714116,0.6203320081829253,-0.6699201680393435,-1.6851674615420047,0.0,1.0,0.0
1.0917120230669073,0.6032866526811791,-0.04553006756709053,-0.2501420859577882,-0.7456209862890523,0.0,1.0,0.0
0.09290908067498112,-0.40928008163916413,-0.5893174294296035,0.8792608491663954,1.3057221513465602,0.0,0.0,1.0
-0.8559537145973374,-0.6117934285032021,-0.8445645584671096,1.2290759175676913,0.8202898057992016,0.0,1.0,0.0
0.4924302576317573,0.6032866526811791,-0.7502340977358574,0.1796307123638036,-0.5733707991593444,0.0,1.0,0.0
1.6410536413824781,1.210826693273408,-1.244081803917119,2.198563392851283,-1.027484928864938,0.0,1.0,0.0
0.7920711403493464,0.46827775477180766,-0.6392570851108547,1.049171025247025,1.6658816335268587,0.0,1.0,0.0
-0.40649239052098196,-0.8818112243219832,-1.1885932976046178,1.0991446064472101,0.9925399929289095,0.0,1.0,0.0
-0.20673180204257968,0.6032866526811791,-0.051078918198340664,-0.12021077483730715,1.415335906792738,0.0,0.0,1.0
1.5911134942628704,1.0083133464093317,-0.1787024827170937,-0.08023190987715847,1.8381318206565667,0.0,1.0,0.0
-0.10685150780339275,-0.5442889795485355,0.1819728083141649,-0.46003112699856585,0.7889715899574365,0.0,1.0,0.0
0.24272952203377574,-0.07175783686571639,-0.6448059357421049,0.7893084030060623,0.09997084143860481,0.0,1.0,0.0
-2.154397539706853,-2.569422448189222,3.450245830120493,-2.3490324963655635,-0.04096112984933804,1.0,0.0,0.0
1.241532464425702,0.1982599589530648,0.24855901588916648,-0.4500364107585287,0.7889715899574365,0.0,1.0,0.0
0.2926696691533834,1.0083133464093317,-0.6670013382671054,-0.14020020731738078,-1.1997351159946459,0.0,1.0,0.0
0.34260981627296266,0.5357822037265125,0.3817314310391697,-0.05024776115704769,1.4779723384762682,0.0,1.0,0.0
0.5923105518709442,0.2657644079077313,-0.8778576622546104,0.9792080115667656,0.11562994935948734,0.0,1.0,0.0
0.3925499633925703,0.06325106104369341,-0.7446852471046073,2.118605662930987,1.2744039355047951,0.0,1.0,0.0
0.04296893355540185,0.9408088974546268,-0.6059639813233539,0.08967826620347052,-0.2288704248999285,0.0,1.0,0.0
-0.2566719491621874,-0.6117934285032021,1.7356509850642021,-1.7393548057233048,-0.47941615163404916,0.0,1.0,0.0
0.04296893355540185,0.06325106104369341,-0.6281593838483545,0.2695831585241374,-0.6829845546055221,1.0,0.0,0.0
1.8408142298608519,1.8858711828203034,-0.9610904217233625,0.72934010556584,-0.9178711734187602,0.0,0.0,1.0
-0.40649239052098196,-1.0843245711860596,1.7578463875892025,-1.729360089483268,-0.3384841803461063,0.0,0.0,1.0
-0.7061332732385428,-0.13926228582038291,0.9144210916391824,-1.1696559800411945,-0.6829845546055221,0.0,1.0,0.0
1.0917120230669073,1.0083133464093317,-0.6226105332171044,0.3795250371645441,-0.3071659645043412,0.0,1.0,0.0
0.5423704047513649,0.7382955505905888,-0.5726708775358531,0.1796307123638036,0.7576533741156715,0.0,0.0,1.0
-0.5563128318797765,-0.004253387911011494,0.10983775010791318,-0.6599254517993064,-0.7769392021308174,0.0,1.0,0.0
-1.405295332912908,-1.1518290201407262,1.474855005395446,-1.439513318522194,-0.07227934569110313,0.0,1.0,0.0
1.5411733471432911,1.8858711828203034,4.3824527361705155,-2.488958523726082,0.08431173351772227,0.0,1.0,0.0
1.3414127586648887,1.6833578359562271,-0.6780990395296056,1.1491181876473953,-1.3876444110452364,0.0,0.0,1.0
0.4424901105121496,0.40077330581714116,-1.0498720318233645,1.3789966611682467,0.36617567609360796,0.0,1.0,0.0
1.9406945241000388,2.08838452968438,1.3916222459266938,-1.329571439881787,-1.4189626268870015,1.0,0.0,0.0
0.9918317288277203,0.6032866526811791,0.686918215757927,-0.8498250603600097,-0.416779719950519,0.0,1.0,0.0
-0.20673180204257968,-0.6792978774579069,0.603685456289175,-0.639936019319232,-0.589029907080227,0.0,1.0,0.0
-1.305415038673721,-1.0843245711860596,0.17642395768291477,-0.060242477397084854,-1.6851674615420047,0.0,1.0,0.0
-0.7061332732385428,-0.07175783686571639,1.5469900636016976,-1.5094763322024536,-1.5442354902540618,0.0,0.0,1.0
1.4412930529040757,1.5483489380468558,1.191863623201689,-1.309582007401713,1.587586093922446,1.0,0.0,0.0
-0.6561931261189635,0.13075550999835991,0.9865561498454342,-1.2696031424415646,-1.2780306555990586,0.0,1.0,0.0
-1.5551157742717028,-1.3543423670048025,-1.1497513431858668,1.3889913774082838,-1.575553706095827,0.0,1.0,0.0
-1.005774155956132,-1.0843245711860596,-0.5948662800608536,0.6193982269254332,-1.5129172744122967,0.0,1.0,0.0
-0.3565522434013743,-0.8818112243219832,1.4582084535016955,-1.399534453562046,0.3505165681727254,0.0,1.0,0.0
-1.3553551857933004,-1.219333469095431,1.7023578812767013,-1.5494551971626014,-1.0431440367858205,0.0,0.0,1.0
0.09290908067498112,-0.5442889795485355,0.7091136182829275,-1.0097405202006022,-0.5107343674758142,0.0,1.0,0.0
-0.05691136068381348,-0.47678453059383064,-0.483889267435851,0.18962542860384077,-0.025302021928455508,0.0,0.0,1.0
-0.9058938617169451,-0.8143067753672784,0.3706337297766694,-0.01026889619689973,-0.8552347417352301,1.0,0.0,0.0
-1.005774155956132,-0.3417756326844592,-0.23973983966084517,0.5794193619652847,-0.9648484971814079,0.0,1.0,0.0
1.041771875947328,0.33326885686243624,0.8700302865891814,-0.909793357800232,-0.009642914007572967,0.0,1.0,0.0
1.6410536413824781,1.6833578359562271,-1.1719467457108674,0.9792080115667656,0.19392548896390005,1.0,0.0,0.0
-0.7061332732385428,-1.0843245711860596,0.12648430200166358,-0.5599782893989361,-1.2936897635199411,0.0,1.0,0.0
0.6921908461101312,0.5357822037265125,-0.3451680016545977,1.0391763090069879,-0.2758477486625761,0.0,1.0,0.0
0.2926696691533834,0.06325106104369341,0.009958438745410796,0.19962014484387794,-1.3250079793617062,0.0,1.0,0.0
-1.2554748915541136,-1.1518290201407262,0.2541078665204166,-0.7098990329994915,-1.1840760080737633,0.0,1.0,0.0
0.6422506989905519,0.06325106104369341,-1.4993289329546253,1.6788381483693573,1.3683585830300904,0.0,1.0,0.0
0.6921908461101312,0.670791101635884,1.0753377599454363,-1.4295186022821573,1.1647901800586176,0.0,1.0,0.0
1.6410536413824781,0.8057999995452554,0.3761825804079195,-0.8298356278799357,-1.1527577922319983,1.0,0.0,0.0
0.14284922779458878,1.0758177953640367,-1.2607283558108695,1.3390177962080987,0.6793578345112588,0.0,0.0,1.0
0.09290908067498112,1.1433222443187032,0.08764234758291266,-0.26013680219782537,0.9612217770871444,0.0,0.0,1.0
0.6422506989905519,0.2657644079077313,0.8644814359579313,-0.909793357800232,0.006016193913309572,0.0,1.0,0.0
0.2926696691533834,1.4808444890921508,3.5223808883267447,-2.149138171564823,-0.19755220905816342,0.0,0.0,1.0
-0.506372684760169,0.06325106104369341,0.24301016525791636,-0.4200522620384179,0.5384258632233159,0.0,1.0,0.0
0.4924302576317573,0.8057999995452554,0.3484383272516689,-0.7298884654795651,-1.3876444110452364,1.0,0.0,0.0
0.34260981627296266,-0.3417756326844592,1.7245532838017017,-1.5494551971626014,-1.3876444110452364,0.0,1.0,0.0
1.241532464425702,0.2657644079077313,-0.2841306447108462,0.8392819842062474,0.4131529998562556,0.0,1.0,0.0
-0.45643253764056124,-0.8818112243219832,-0.2286421383983449,-0.11021605859726998,1.149131072137735,0.0,1.0,0.0
0.7421309932297389,0.46827775477180766,-0.40620535859834916,0.3595356046844705,-0.8082574179725824,0.0,1.0,0.0
-0.05691136068381348,-0.40928008163916413,-0.3118748978670969,-0.1901737885175659,1.3370403671883253,0.0,0.0,1.0
0.5423704047513649,0.7382955505905888,-0.4949869686983513,0.329551455964359,0.9455626691662619,0.0,1.0,0.0
-0.3565522434013743,-0.6117934285032021,-0.36736340417959823,0.02970996876324823,0.27222102856831276,0.0,1.0,0.0
1.241532464425702,0.7382955505905888,-0.006688113148339602,-0.3201050996380477,1.5719269860015634,0.0,1.0,0.0
0.4424901105121496,1.0758177953640367,0.731309020807928,-0.6499307355592692,0.6323805107486111,0.0,1.0,0.0
-0.15679165492300043,0.670791101635884,-0.5782197281671032,1.0091921602868772,0.9455626691662619,0.0,0.0,1.0
-0.7560734203581504,-0.47678453059383064,0.2818521196766673,-0.6099518705991213,-0.009642914007572967,0.0,1.0,0.0
1.4912332000236834,1.6158533870015224,-0.0732743207233412,-0.3900681133183064,0.5384258632233159,0.0,0.0,1.0
1.8408142298608519,1.6158533870015224,0.5093549955579227,-1.1496665475611205,0.3818347840144905,0.0,0.0,1.0
0.7421309932297389,0.670791101635884,-0.2508375409233454,0.5294457807650995,-0.13491577737463328,0.0,1.0,0.0
-0.5563128318797765,-0.07175783686571639,0.5870389043954246,-0.8598197766000468,-0.3384841803461063,0.0,0.0,1.0
0.3925499633925703,0.33326885686243624,-1.1608490444483672,1.8987219056501723,1.2900630434256777,0.0,0.0,1.0
-0.30661209628179503,-0.6792978774579069,-0.5726708775358531,0.7893084030060623,-0.5107343674758142,0.0,1.0,0.0
-0.8060135674777581,0.06325106104369341,2.146265931776712,-1.6294129270828976,-0.3854615041087539,0.0,1.0,0.0
1.8907543769804596,2.1558889786390463,-0.07882317135459133,0.18962542860384077,0.5854031869859635,0.0,1.0,0.0
0.7421309932297389,0.46827775477180766,0.3317917753579185,0.039704685003285396,-0.5577116912384619,1.0,0.0,0.0
-0.7061332732385428,-0.3417756326844592,-0.3118748978670969,0.3195567397243225,-0.24452953282081105,0.0,1.0,0.0
-0.45643253764056124,-1.1518290201407262,-1.2995703102296206,2.138595095411061,-1.4189626268870015,0.0,1.0,0.0
-0.05691136068381348,-0.13926228582038291,0.4760618917704219,0.11966241492358203,0.021675301834192112,0.0,0.0,1.0
0.9418915817081127,0.670791101635884,0.7202113195454277,-0.7798620466797502,1.3057221513465602,0.0,1.0,0.0
-1.005774155956132,-1.2868379180500975,1.5525389142329475,-1.6593970758030088,-0.4637570437131666,0.0,1.0,0.0
0.34260981627296266,0.13075550999835991,-1.404998472223373,2.4884101638123575,0.8202898057992016,0.0,1.0,0.0
-0.10685150780339275,-0.5442889795485355,-0.3340703003920974,0.4394933346047664,1.6658816335268587,0.0,1.0,0.0
-0.6062529789993558,-0.07175783686571639,-0.6891967407921059,1.3190283637280251,1.3526994751092078,0.0,0.0,1.0
1.241532464425702,1.210826693273408,0.1486797045266641,-0.24014736971775102,-0.8395756338143475,0.0,0.0,1.0
0.09290908067498112,0.8733044484999603,-0.26748409281709584,-0.27013151843786254,-0.08793845361198566,0.0,0.0,1.0
0.34260981627296266,1.2783311422280745,0.6536251119704262,-0.909793357800232,0.13128905728036988,0.0,0.0,1.0
-0.5563128318797765,0.06325106104369341,1.5747343167579482,-1.3895397373220089,0.36617567609360796,0.0,1.0,0.0
-0.506372684760169,-0.13926228582038291,3.8886050299892534,-2.409000793805786,0.569744079065081,0.0,0.0,1.0
1.6909937885020574,1.95337563177497,-1.2884726089671201,1.4289702423684318,-0.620348122921992,0.0,0.0,1.0
-1.105654450195319,-1.0843245711860596,1.0975331624704368,-1.2496137099614908,0.601062294906846,0.0,1.0,0.0
-1.3553551857933004,-1.1518290201407262,-0.006688113148339602,-0.15019492355741795,-0.9491893892605253,0.0,1.0,0.0
1.1915923173060943,0.06325106104369341,2.6068205341704727,-2.109159306604675,-0.7612800942099348,0.0,1.0,0.0
-1.305415038673721,-1.1518290201407262,0.12093545137041345,-0.17018435603749227,-1.6851674615420047,0.0,1.0,0.0
0.09290908067498112,0.9408088974546268,2.3349268532392164,-1.9092649818039344,-1.3719853031243538,0.0,0.0,1.0
0.34260981627296266,1.5483489380468558,-0.6059639813233539,0.7193453893258035,0.36617567609360796,0.0,0.0,1.0
-1.5551157742717028,-1.4218468159595072,-0.5449266243796025,0.7593242542859515,-0.7456209862890523,0.0,0.0,1.0
1.1915923173060943,0.1982599589530648,-0.3285214497608473,0.5794193619652847,0.24090281272654765,0.0,1.0,0.0
-0.45643253764056124,-0.7468023264126119,0.81454178027668,-1.0397246689207131,0.006016193913309572,0.0,1.0,0.0
0.9918317288277203,0.8057999995452554,-0.7724295002608579,0.9492238628466548,-1.3719853031243538,0.0,0.0,1.0
0.9918317288277203,0.2657644079077313,-0.4949869686983513,0.6593770918855812,0.8985853454036143,0.0,1.0,0.0
-0.10685150780339275,-0.47678453059383064,-0.3840099560733486,0.2695831585241374,0.1782663810430175,0.0,0.0,1.0
1.8907543769804596,1.95337563177497,0.44276878798292113,-0.43004697827845434,1.1647901800586176,0.0,1.0,0.0
0.5923105518709442,0.40077330581714116,-0.7224898445796067,1.089149890207173,-0.651666338763757,0.0,1.0,0.0
-0.9558340088365244,-1.3543423670048025,0.8755791372204315,-0.8997986415601948,0.8829262374827318,0.0,1.0,0.0
-0.6062529789993558,-0.2067667347750878,-0.4339496117545998,1.5089279722887283,0.16260727312213497,1.0,0.0,0.0
0.3925499633925703,1.5483489380468558,-0.02333466504209,0.02970996876324823,-0.5733707991593444,0.0,0.0,1.0
0.6422506989905519,0.670791101635884,0.5648435018704241,-0.6999043167594543,0.5854031869859635,0.0,0.0,1.0
-1.305415038673721,-1.0168201222313547,-0.7058432926858563,0.5494352132451739,-0.9178711734187602,0.0,0.0,1.0
-0.5563128318797765,0.06325106104369341,-1.194142148235868,1.4589543910885432,1.211767503821265,1.0,0.0,0.0
-1.005774155956132,-1.6243601628235453,1.402719947189194,-1.399534453562046,0.1782663810430175,0.0,0.0,1.0
0.34260981627296266,0.13075550999835991,0.5703923525016742,-0.7398831817196023,-1.2780306555990586,0.0,1.0,0.0
1.7908740827412726,1.8183667338655987,0.5426480993454236,-0.7098990329994915,-1.3876444110452364,0.0,1.0,0.0
0.4924302576317573,0.5357822037265125,-0.9111507660421112,1.718817013329506,-1.3719853031243538,0.0,1.0,0.0
1.8408142298608519,1.4133400401374843,-0.5338289231171022,0.5894140782053218,-0.5263934753966968,0.0,1.0,0.0
-0.5563128318797765,0.13075550999835991,0.353987177882919,-0.3900681133183064,0.28788013648919525,0.0,0.0,1.0
0.24272952203377574,1.2783311422280745,1.863274549582955,-1.78932838692349,-0.11925666945375074,0.0,0.0,1.0
-1.405295332912908,-1.0843245711860596,0.36508487914541926,-0.9997458039605651,1.1804492879795,0.0,1.0,0.0
-0.2566719491621874,-0.8818112243219832,5.6031998750455445,-2.6988475647668593,1.11781285629597,0.0,1.0,0.0
-1.1555945973149266,-0.5442889795485355,0.8922256891141819,-1.259608426201528,1.0708355325333223,0.0,0.0,1.0
0.6422506989905519,0.5357822037265125,-0.16760478145459345,0.009720536283174605,-1.2936897635199411,0.0,0.0,1.0
1.8408142298608519,1.3458355911827795,6.2357688470080594,-2.858763024607452,-0.5733707991593444,0.0,0.0,1.0
-0.9058938617169451,-0.40928008163916413,-0.5338289231171022,0.5394404970051366,1.24308571966303,0.0,1.0,0.0
1.0917120230669073,0.9408088974546268,-0.006688113148339602,-0.26013680219782537,-1.1057804684693506,0.0,0.0,1.0
-1.405295332912908,-1.0168201222313547,1.2584498307766907,-1.41952388604212,-1.575553706095827,0.0,1.0,0.0
0.2926696691533834,1.210826693273408,-0.0011392625170894694,-0.30011566715797333,1.24308571966303,0.0,1.0,0.0
-0.05691136068381348,-0.5442889795485355,0.7978952283829296,-0.94977222276038,-1.4815990585705316,0.0,0.0,1.0
1.141652170186515,0.670791101635884,-0.4949869686983513,0.5694246457252482,1.0551764246124398,0.0,0.0,1.0
0.6921908461101312,0.46827775477180766,0.36508487914541926,-0.5799677218790097,-0.21321131697904597,0.0,1.0,0.0
-0.9558340088365244,-1.3543423670048025,-0.46169386491085046,0.2395990098040259,-0.7612800942099348,0.0,1.0,0.0
-1.605055921391282,-1.4218468159595072,0.7978952283829296,-0.8198409116398986,-0.4950752595549317,0.0,0.0,1.0
-1.704936215630469,-1.759369060732955,0.5093549955579227,-0.5000099919587139,0.9455626691662619,0.0,1.0,0.0
0.34260981627296266,0.5357822037265125,-0.11211627514209212,0.3895197534045813,-0.823916525893465,0.0,1.0,0.0
0.4424901105121496,0.5357822037265125,-0.7613317989983577,0.8092978354861367,-1.3406670872825888,0.0,0.0,1.0
-0.506372684760169,0.2657644079077313,-0.9666392723546126,0.9092449978865069,1.8537909285774492,0.0,1.0,0.0
1.8907543769804596,2.08838452968438,-1.27737490770462,1.578890985968987,1.3370403671883253,0.0,1.0,0.0
1.8907543769804596,1.750862284910932,1.269547532039191,-1.6094234946028239,0.6480396186694937,0.0,0.0,1.0
-0.10685150780339275,0.2657644079077313,0.858932585326681,-0.9697616552404539,1.5092905543180333,0.0,1.0,0.0
-1.205534744434506,-0.8818112243219832,-0.9056019154108611,1.9886743518105052,-0.5263934753966968,0.0,0.0,1.0
-0.9558340088365244,-1.4218468159595072,3.450245830120493,-2.2490853339651933,-1.606871921937592,0.0,1.0,0.0
-1.9046968041088712,-1.8943779586423264,-0.522731221854602,0.1796307123638036,-1.3719853031243538,0.0,1.0,0.0
0.09290908067498112,0.9408088974546268,1.952056159682957,-1.7393548057233048,-0.3384841803461063,0.0,1.0,0.0
-0.8559537145973374,-1.2868379180500975,0.7368578714391781,0.1296571311636185,-1.6851674615420047,0.0,1.0,0.0
-1.2554748915541136,-1.0168201222313547,-1.2940214595983703,1.0691604577270994,-1.090121360548468,0.0,1.0,0.0
-1.8547566569892635,-1.8268735096876216,-0.5560243256421027,0.1496465636436928,1.5719269860015634,0.0,1.0,0.0
-1.2554748915541136,-0.3417756326844592,-0.5060846699608516,0.36953032092450766,-0.9648484971814079,0.0,0.0,1.0
-1.105654450195319,-0.6792978774579069,-1.1053605381358658,1.6888328646093946,-1.5912128140167094,0.0,1.0,0.0
-0.8559537145973374,-0.5442889795485355,-0.9999323761421133,1.1391234714073581,-1.3563261952034713,0.0,0.0,1.0
-1.1555945973149266,-1.8943779586423264,-0.11766512577334225,-0.4200522620384179,1.3683585830300904,0.0,1.0,0.0
2.140455112578441,2.3584023255031226,3.9163492831455042,-2.488958523726082,1.0081991008497921,0.0,0.0,1.0
-0.7061332732385428,-0.07175783686571639,0.5038061449266726,-0.9397775065203428,-1.6538492457002396,0.0,1.0,0.0
-0.6062529789993558,-0.07175783686571639,-0.0732743207233412,0.2096148610839151,-1.2153942239155284,1.0,0.0,0.0
0.34260981627296266,0.7382955505905888,-0.6226105332171044,1.0291815927669508,0.4601303236189032,0.0,1.0,0.0
-0.8060135674777581,-1.0168201222313547,-0.7835272015233582,0.7093506730857664,0.2252437048056651,1.0,0.0,0.0
0.9418915817081127,0.1982599589530648,2.401513060814218,-1.8692861168437862,-0.6360072308428746,0.0,1.0,0.0
-1.3553551857933004,-1.2868379180500975,-0.9388950191983618,1.8787324731700978,1.4309950147136206,0.0,0.0,1.0
-0.9558340088365244,-1.0843245711860596,-0.13431167766709265,0.3795250371645441,-1.5912128140167094,1.0,0.0,0.0
-1.9046968041088712,-2.0293868565516977,-0.12876282703584252,-0.24014736971775102,-1.2936897635199411,0.0,0.0,1.0
0.2926696691533834,-0.004253387911011494,-0.2952283459733465,0.11966241492358203,0.3035392444100778,0.0,0.0,1.0
0.19278937491416806,1.0083133464093317,-0.5449266243796025,0.45948276708484076,-0.18189310113728088,0.0,1.0,0.0
0.5423704047513649,0.7382955505905888,-0.3840099560733486,0.08967826620347052,0.27222102856831276,0.0,1.0,0.0
-0.9558340088365244,-1.5568557138688788,-0.2452886902920953,0.8092978354861367,0.05299351767595719,0.0,1.0,0.0
-0.9058938617169451,-0.8818112243219832,-0.10656742451084199,-0.43004697827845434,-1.058803144706703,1.0,0.0,0.0
0.14284922779458878,1.0083133464093317,-0.5171823712233518,0.49946163204498867,-0.40112061202963645,0.0,1.0,0.0
-2.104457392587245,-2.3669091013251458,-0.2563863915545956,0.04969940124332256,-0.2758477486625761,0.0,1.0,0.0
0.34260981627296266,0.5357822037265125,1.524794661076697,-1.8592914006037493,-0.7612800942099348,0.0,1.0,0.0
-0.9558340088365244,-0.5442889795485355,1.4582084535016955,-1.309582007401713,-0.3854615041087539,0.0,1.0,0.0
0.3925499633925703,0.8057999995452554,-0.6059639813233539,1.438964958608469,-0.3541432882669888,0.0,1.0,0.0
-0.15679165492300043,-0.27427118372975434,1.0032027017391845,-1.2895925749216386,0.601062294906846,0.0,1.0,0.0
0.4424901105121496,0.8057999995452554,-0.37291225481084833,-0.0002741799568625625,-0.2288704248999285,0.0,0.0,1.0
-0.9558340088365244,-1.0843245711860596,-0.5615731762733529,0.559429929485211,-0.04096112984933804,0.0,1.0,0.0
0.7421309932297389,0.33326885686243624,-0.8334668572046093,1.488938539808654,1.24308571966303,0.0,1.0,0.0
0.24272952203377574,1.0758177953640367,0.009958438745410796,0.7793136867660251,0.7576533741156715,0.0,1.0,0.0
-1.9046968041088712,-1.961882407596993,-0.7002944420546061,1.3390177962080987,1.4936314463971507,0.0,1.0,0.0
1.141652170186515,0.6032866526811791,0.4483176386141713,-0.9697616552404539,0.06865262559683973,0.0,1.0,0.0
0.4424901105121496,0.46827775477180766,-0.8334668572046093,0.99919744404684,1.6658816335268587,0.0,1.0,0.0
0.9418915817081127,0.670791101635884,-0.9056019154108611,0.48946691580495155,1.2274266117421475,0.0,1.0,0.0
-1.7548763627500765,-1.8943779586423264,-0.32297259912959714,-0.18017907227752872,0.8202898057992016,0.0,1.0,0.0
0.9918317288277203,0.6032866526811791,0.03770269190166146,-0.5599782893989361,-1.575553706095827,0.0,1.0,0.0
-0.9558340088365244,-0.004253387911011494,-0.8112714546796088,0.30956202348428535,-0.6673254466846396,0.0,0.0,1.0
1.7908740827412726,1.4133400401374843,0.48715959303292217,-0.7498778979596394,-1.575553706095827,0.0,0.0,1.0
-1.3553551857933004,-1.1518290201407262,-1.0998116875046158,1.1890970526075433,-0.8865529575769951,0.0,0.0,1.0
0.19278937491416806,1.0758177953640367,0.7479555727016785,-0.6999043167594543,1.0081991008497921,0.0,1.0,0.0
1.9906346712196465,2.08838452968438,1.0032027017391845,-1.1296771150810465,-0.025302021928455508,0.0,1.0,0.0
0.9918317288277203,0.40077330581714116,-0.9610904217233625,0.7693189705259886,1.5406087701597984,0.0,1.0,0.0
-0.5563128318797765,-0.8818112243219832,0.10428889947666305,0.11966241492358203,0.03733440975507465,0.0,1.0,0.0
-0.9058938617169451,-1.2868379180500975,0.43721993735167103,-0.5299941406788247,-1.0744622526275855,0.0,1.0,0.0
0.04296893355540185,-0.47678453059383064,1.6746136281204504,-1.6993759407631568,0.27222102856831276,0.0,1.0,0.0
0.34260981627296266,0.5357822037265125,0.8311883321704304,-1.1096876826009725,-0.11925666945375074,0.0,1.0,0.0
0.19278937491416806,0.7382955505905888,2.6290159366954735,-1.9892227117242305,1.3683585830300904,0.0,1.0,0.0
0.3925499633925703,0.46827775477180766,0.27630326904541713,-0.5699730056389732,0.569744079065081,0.0,1.0,0.0
0.8919514345885334,-0.07175783686571639,-0.6725501888983555,1.129128755167321,0.13128905728036988,1.0,0.0,0.0
-0.6062529789993558,0.1982599589530648,-0.06217661946084093,-0.29012095091793616,-0.13491577737463328,0.0,0.0,1.0
-0.006971213564205815,-0.27427118372975434,-0.3451680016545977,-0.1901737885175659,-1.4815990585705316,0.0,0.0,1.0
0.04296893355540185,1.0083133464093317,-0.5837685787983534,0.07968354996343335,-0.43243882787140153,0.0,1.0,0.0
1.5411733471432911,1.750862284910932,-0.13986052829834278,0.2096148610839151,0.47578943153978576,0.0,1.0,0.0
0.4924302576317573,0.8057999995452554,-0.10101857387959186,-0.4200522620384179,-1.4815990585705316,0.0,0.0,1.0
0.3925499633925703,0.8733044484999603,-0.41175420922959927,0.3195567397243225,0.08431173351772227,0.0,0.0,1.0
1.8408142298608519,1.750862284910932,-0.40620535859834916,0.24959372604406307,1.1804492879795,0.0,1.0,0.0
1.041771875947328,0.8733044484999603,0.5260015474516732,-0.9397775065203428,-0.9022120654978777,0.0,1.0,0.0
-0.7560734203581504,-0.40928008163916413,0.731309020807928,-0.8198409116398986,0.006016193913309572,1.0,0.0,0.0
-0.7061332732385428,-1.0843245711860596,0.10983775010791318,-0.3400945321181213,1.2587448275839126,0.0,1.0,0.0
0.09290908067498112,0.40077330581714116,-0.6004151306921038,0.22960429356398873,0.08431173351772227,0.0,1.0,0.0
-0.5563128318797765,-1.219333469095431,-0.7113921433171064,1.129128755167321,-1.0118258209440554,0.0,0.0,1.0
0.24272952203377574,1.2783311422280745,-0.15650708019209317,0.4494880508448036,-1.2153942239155284,0.0,0.0,1.0
0.3925499633925703,1.3458355911827795,-0.5338289231171022,1.3290230799680616,0.6793578345112588,0.0,0.0,1.0
0.14284922779458878,0.670791101635884,0.40947568419542035,-0.5299941406788247,0.5384258632233159,0.0,1.0,0.0
-0.15679165492300043,0.13075550999835991,-0.38955880670459875,-0.05024776115704769,-1.2780306555990586,0.0,1.0,0.0
0.4924302576317573,0.6032866526811791,-0.16205593082334332,0.4494880508448036,-0.651666338763757,0.0,0.0,1.0
-1.2554748915541136,-1.0168201222313547,-1.1331047912921166,0.7993031192460994,0.36617567609360796,0.0,1.0,0.0
1.7908740827412726,2.020880080729675,-0.7946249027858584,-0.18017907227752872,0.14694816520125242,0.0,0.0,1.0
-0.30661209628179503,-0.5442889795485355,-0.2785817940795961,0.22960429356398873,0.09997084143860481,0.0,1.0,0.0
0.14284922779458878,-0.27427118372975434,0.3206940740954182,-0.8198409116398986,-0.5420525833175793,0.0,1.0,0.0
-1.9046968041088712,-2.0293868565516977,-0.694745591423356,0.8292872679662102,0.8516080216409667,0.0,1.0,0.0
-0.6062529789993558,-1.0168201222313547,-0.5282800724858521,0.21960957732395228,-0.3854615041087539,0.0,1.0,0.0
-0.8060135674777581,-0.9493156732766498,-0.26748409281709584,0.19962014484387794,0.19392548896390005,0.0,1.0,0.0
0.04296893355540185,-0.2067667347750878,0.7812486764891792,-0.6199465868391584,0.5071076473815508,0.0,1.0,0.0
1.1915923173060943,1.210826693273408,1.0420446561579355,-1.349560872361861,1.6502225256059762,0.0,1.0,0.0
0.8420112874689257,0.5357822037265125,-0.20644673587334436,-0.5599782893989361,0.773312482036554,0.0,0.0,1.0
0.9918317288277203,0.670791101635884,0.81454178027668,-0.7498778979596394,-1.2936897635199411,0.0,1.0,0.0
0.3925499633925703,1.210826693273408,-1.199690998867118,2.1086109466909497,1.1021537483750874,0.0,1.0,0.0
0.4424901105121496,0.6032866526811791,0.4205733854579206,-0.7998514791598246,1.1804492879795,0.0,1.0,0.0
0.14284922779458878,-0.5442889795485355,0.1819728083141649,-0.7998514791598246,1.0238582087706747,0.0,1.0,0.0
1.5411733471432911,0.8057999995452554,-0.777978350892108,0.919239714126544,0.05299351767595719,0.0,1.0,0.0
-0.7061332732385428,-1.219333469095431,-1.1885932976046178,1.398986093648321,-1.0431440367858205,0.0,1.0,0.0
-0.8060135674777581,-1.4218468159595072,0.36508487914541926,-0.8997986415601948,-1.403303518966119,1.0,0.0,0.0
-0.40649239052098196,-1.0168201222313547,-0.9610904217233625,0.9692132953267292,-0.5263934753966968,0.0,1.0,0.0
-0.506372684760169,0.06325106104369341,-0.5116335205921017,0.27957787476417384,-0.056620237770220586,0.0,1.0,0.0
0.9418915817081127,0.670791101635884,-1.0165789280358637,0.5694246457252482,0.1782663810430175,0.0,1.0,0.0
0.4924302576317573,0.8057999995452554,-0.400656507967099,0.5394404970051366,-1.1214395763902332,0.0,1.0,0.0
-1.3553551857933004,-1.4218468159595072,-0.4339496117545998,-0.2501420859577882,0.8359489137200842,1.0,0.0,0.0
-0.30661209628179503,-0.8818112243219832,0.7867975271204294,-0.9197880740402689,0.9925399929289095,0.0,1.0,0.0
-0.5563128318797765,0.06325106104369341,-0.3063260472358468,-0.21016322099764023,-0.5420525833175793,0.0,0.0,1.0
0.24272952203377574,-0.13926228582038291,0.686918215757927,-1.0896982501208983,0.5854031869859635,0.0,1.0,0.0
0.19278937491416806,1.1433222443187032,-0.7835272015233582,0.2595884422841002,1.0708355325333223,0.0,0.0,1.0
1.7908740827412726,1.750862284910932,0.0044095881141606634,-0.020263612436936897,-1.3563261952034713,0.0,1.0,0.0
0.6422506989905519,0.1982599589530648,0.08764234758291266,0.11966241492358203,0.36617567609360796,0.0,1.0,0.0
0.24272952203377574,-0.07175783686571639,-0.8723088116233603,0.649382375645544,0.4131529998562556,0.0,1.0,0.0
-1.2554748915541136,-1.4218468159595072,0.026604990639161195,-0.21016322099764023,0.44447121569802067,0.0,0.0,1.0
0.2926696691533834,-0.07175783686571639,-0.3285214497608473,0.36953032092450766,0.7106760503530238,0.0,1.0,0.0
1.740933935621665,1.95337563177497,-0.5615731762733529,0.27957787476417384,-0.025302021928455508,0.0,0.0,1.0
1.3913529057844964,1.6158533870015224,-0.056627768829590794,-0.3201050996380477,2.026041115707157,0.0,1.0,0.0
-1.605055921391282,-1.3543423670048025,-1.2662772064421197,1.8587430406900243,-1.3876444110452364,1.0,0.0,0.0
-1.2554748915541136,-1.0168201222313547,-0.5060846699608516,1.4289702423684318,-0.3854615041087539,0.0,1.0,0.0
1.740933935621665,1.3458355911827795,-0.5449266243796025,1.6788381483693573,-0.3071659645043412,0.0,1.0,0.0
1.041771875947328,0.670791101635884,1.1141797143641872,-0.9197880740402689,1.1647901800586176,0.0,1.0,0.0
-0.20673180204257968,-0.6792978774579069,-1.6325013481046284,2.3984577176520236,0.19392548896390005,0.0,0.0,1.0
-1.0557143030757397,-1.2868379180500975,-0.8112714546796088,1.0291815927669508,1.3370403671883253,0.0,1.0,0.0
1.740933935621665,1.4133400401374843,-0.09546972324834173,-0.3600839645981956,-0.009642914007572967,0.0,1.0,0.0
-1.5551157742717028,-1.4218468159595072,2.612369384801723,-2.109159306604675,-0.3384841803461063,0.0,0.0,1.0
1.141652170186515,0.5357822037265125,0.6147831575516752,-0.7598726141996767,-1.2780306555990586,0.0,1.0,0.0
0.6422506989905519,0.46827775477180766,-0.1953490346108441,0.7193453893258035,-0.5263934753966968,0.0,1.0,0.0
-1.205534744434506,-0.9493156732766498,-1.0443231811921143,1.0991446064472101,-1.1057804684693506,0.0,1.0,0.0
1.8907543769804596,2.020880080729675,-0.483889267435851,-0.14020020731738078,-0.5577116912384619,0.0,1.0,0.0
-2.154397539706853,-2.569422448189222,-0.4505961636483502,0.05969411748335973,-0.07227934569110313,0.0,1.0,0.0
0.5423704047513649,1.0758177953640367,-1.5159754848483757,1.5489068372488763,1.6032452018433285,0.0,0.0,1.0
0.24272952203377574,-0.13926228582038291,-1.2995703102296206,1.1691076201274697,1.4779723384762682,0.0,1.0,0.0
0.34260981627296266,-0.3417756326844592,-0.8112714546796088,0.3895197534045813,-0.416779719950519,0.0,0.0,1.0
-0.8060135674777581,-1.219333469095431,0.39282913230166994,-0.5000099919587139,-1.3093488714408237,0.0,0.0,1.0
-1.0557143030757397,-0.9493156732766498,-0.3951076573358489,-0.40006282955834355,0.9455626691662619,0.0,1.0,0.0
-1.0557143030757397,-1.3543423670048025,-0.21199558650459452,-0.3300998158780841,-1.6225310298584745,0.0,1.0,0.0
-0.10685150780339275,0.7382955505905888,0.12648430200166358,-0.43004697827845434,0.976880885008027,0.0,0.0,1.0
2.040574818339254,2.1558889786390463,0.1653262564204145,-0.4200522620384179,0.601062294906846,0.0,1.0,0.0
-1.305415038673721,-1.0843245711860596,0.13758200326416384,-0.5000099919587139,-0.04096112984933804,0.0,0.0,1.0
-1.005774155956132,-1.5568557138688788,-0.650354786373355,0.559429929485211,0.5071076473815508,0.0,1.0,0.0
-0.9558340088365244,-1.5568557138688788,-0.2286421383983449,-0.17018435603749227,-0.416779719950519,0.0,0.0,1.0
-1.005774155956132,-1.4893512649141738,0.46496419050792165,-1.0097405202006022,-1.3093488714408237,0.0,1.0,0.0
0.9418915817081127,0.33326885686243624,-1.1053605381358658,1.5688962697289506,1.5092905543180333,0.0,1.0,0.0
0.7920711403493464,0.2657644079077313,-0.12321397640459239,0.10966769868354485,0.9299035612453793,0.0,1.0,0.0
-0.506372684760169,0.13075550999835991,-1.3384122646483714,1.718817013329506,-1.5285763823331793,0.0,0.0,1.0
0.14284922779458878,0.9408088974546268,-1.0887139862421154,1.7687905945296911,0.5384258632233159,0.0,1.0,0.0
-1.3553551857933004,-1.0843245711860596,-0.5449266243796025,0.33954617220439615,-1.465939950649649,0.0,1.0,0.0
-0.2566719491621874,0.06325106104369341,0.6647228132329265,-0.8498250603600097,-0.996166713023173,0.0,0.0,1.0
0.04296893355540185,-0.40928008163916413,-1.0554208824546147,1.6188698509291357,0.3035392444100778,0.0,0.0,1.0
-1.005774155956132,-1.2868379180500975,1.3194871877204422,-1.5694446296426754,1.446654122634503,0.0,1.0,0.0
1.3414127586648887,1.5483489380468558,-0.6559036370046051,0.8492767004462846,-1.6851674615420047,0.0,1.0,0.0
-0.6062529789993558,-0.2067667347750878,-1.7434783607296311,2.3384894202118014,-1.1057804684693506,0.0,1.0,0.0
1.4412930529040757,0.670791101635884,0.09319119821416279,-0.35008924835815847,-0.996166713023173,0.0,0.0,1.0
0.09290908067498112,-0.47678453059383064,-0.18425133334834384,-0.4400416945184915,-0.6986436625264046,1.0,0.0,0.0
0.19278937491416806,-0.2067667347750878,-0.028883515673340132,0.24959372604406307,0.3035392444100778,0.0,1.0,0.0
-1.305415038673721,-1.4218468159595072,0.48715959303292217,-0.5699730056389732,0.9142444533244969,0.0,0.0,1.0
-2.204337686826432,-2.569422448189222,-0.5171823712233518,0.9892027278068027,0.39749389193537304,0.0,1.0,0.0
-1.3553551857933004,-1.219333469095431,-0.483889267435851,-0.18017907227752872,-0.996166713023173,0.0,0.0,1.0
0.7421309932297389,0.2657644079077313,6.102596431858056,-2.7987947271672295,-1.3563261952034713,0.0,0.0,1.0
-1.305415038673721,-0.8818112243219832,0.46496419050792165,-0.6199465868391584,0.3035392444100778,1.0,0.0,0.0
0.6921908461101312,0.46827775477180766,2.49584352154547,-1.819312535643601,-1.3876444110452364,0.0,1.0,0.0
0.2926696691533834,0.2657644079077313,-0.3340703003920974,-0.4400416945184915,0.6636987265903762,1.0,0.0,0.0
0.04296893355540185,0.8733044484999603,5.769665393983049,-2.7488211459670446,-0.6829845546055221,0.0,1.0,0.0
-0.8060135674777581,-1.4218468159595072,4.670992968995522,-2.578910969886415,0.8829262374827318,0.0,1.0,0.0
-0.006971213564205815,-0.3417756326844592,0.7535044233329286,-0.9797563714804911,-1.5129172744122967,0.0,1.0,0.0
-0.006971213564205815,1.0083133464093317,-0.522731221854602,0.15964127988372998,-0.416779719950519,0.0,1.0,0.0
-1.605055921391282,-1.3543423670048025,-0.4783404168046009,1.0991446064472101,-1.3093488714408237,1.0,0.0,0.0
-0.9058938617169451,-0.6117934285032021,0.6203320081829253,-1.1196823988410094,1.2274266117421475,0.0,0.0,1.0
-1.005774155956132,-1.4893512649141738,-1.2496306545483693,0.7793136867660251,-1.3876444110452364,1.0,0.0,0.0
-1.305415038673721,-1.1518290201407262,0.04880039316416172,0.6593770918855812,-1.575553706095827,0.0,1.0,0.0
-1.105654450195319,-0.7468023264126119,0.6147831575516752,-0.7798620466797502,1.3683585830300904,1.0,0.0,0.0
-0.7560734203581504,-1.2868379180500975,0.13758200326416384,-0.8898039253201576,-1.1527577922319983,0.0,1.0,0.0
0.4924302576317573,0.670791101635884,0.5592946512391739,-0.24014736971775102,0.16260727312213497,1.0,0.0,0.0
-0.10685150780339275,0.7382955505905888,-0.40620535859834916,0.6094035106853961,-0.7769392021308174,0.0,1.0,0.0
1.1915923173060943,0.13075550999835991,-0.20089788524209423,-0.38007339707826926,0.9142444533244969,0.0,1.0,0.0
0.4924302576317573,0.6032866526811791,-0.9999323761421133,1.3390177962080987,1.1334719642168525,0.0,0.0,1.0
-0.5563128318797765,-0.9493156732766498,-0.32297259912959714,0.0696888337233969,0.2565619206474302,0.0,1.0,0.0
-1.8547566569892635,-1.8943779586423264,-1.3772542190671224,1.8587430406900243,-1.231053331836411,0.0,1.0,0.0
2.040574818339254,2.4259067744578275,0.3983779829329201,-0.8598197766000468,0.569744079065081,0.0,1.0,0.0
-0.506372684760169,0.33326885686243624,-1.1275559406608664,1.6788381483693573,0.44447121569802067,1.0,0.0,0.0
0.34260981627296266,0.7382955505905888,-0.6281593838483545,0.6193982269254332,-0.16623399321639837,0.0,1.0,0.0
-1.2554748915541136,-0.9493156732766498,-0.611512831954604,1.049171025247025,0.3348574602518429,0.0,0.0,1.0
0.19278937491416806,-0.2067667347750878,-1.2496306545483693,1.0191868765269143,1.11781285629597,0.0,1.0,0.0
-0.6062529789993558,-0.13926228582038291,1.9742515622079577,-1.799323103163527,0.4131529998562556,0.0,1.0,0.0
0.09290908067498112,1.1433222443187032,0.3206940740954182,-0.05024776115704769,-0.620348122921992,0.0,0.0,1.0
0.6921908461101312,0.670791101635884,-0.6226105332171044,0.3195567397243225,-1.4815990585705316,0.0,0.0,1.0
-1.005774155956132,-1.219333469095431,-0.40620535859834916,0.2595884422841002,-1.6538492457002396,0.0,0.0,1.0
1.1915923173060943,1.210826693273408,-1.2163375507608685,1.6388592834092095,-0.11925666945375074,0.0,1.0,0.0
1.3414127586648887,0.33326885686243624,1.8910188027392056,-1.729360089483268,1.556267878080681,0.0,0.0,1.0
-0.05691136068381348,-0.5442889795485355,0.19307050957666516,-0.35008924835815847,1.0864946404542049,0.0,0.0,1.0
0.8919514345885334,0.7382955505905888,0.5981366056579248,-0.8398303441199725,-1.5912128140167094,0.0,0.0,1.0
0.4924302576317573,0.7382955505905888,-1.6824410037858797,2.438436582612172,1.0864946404542049,0.0,1.0,0.0
-0.9058938617169451,-0.7468023264126119,-1.1497513431858668,0.4394933346047664,-0.11925666945375074,0.0,1.0,0.0
0.24272952203377574,1.0758177953640367,-1.0443231811921143,1.3490125124481358,-0.4637570437131666,1.0,0.0,0.0
1.141652170186515,0.9408088974546268,-0.15650708019209317,-0.5299941406788247,-0.5107343674758142,0.0,1.0,0.0
0.24272952203377574,-0.13926228582038291,0.1486797045266641,-0.4100575457983807,1.5092905543180333,0.0,0.0,1.0
0.8420112874689257,0.6032866526811791,0.9199699422704325,-0.8798092090801208,0.601062294906846,0.0,1.0,0.0
-1.205534744434506,-0.9493156732766498,0.07654464632041239,0.04969940124332256,0.42881210777713813,0.0,1.0,0.0
-0.10685150780339275,-0.40928008163916413,-0.35626570291709797,0.33954617220439615,-0.8865529575769951,0.0,1.0,0.0
0.6921908461101312,0.46827775477180766,0.7424067220704282,-1.2196295612413797,1.149131072137735,0.0,1.0,0.0
-0.45643253764056124,-1.219333469095431,-0.7224898445796067,0.6393876594055069,-1.4972581664914142,0.0,1.0,0.0
-0.15679165492300043,0.40077330581714116,0.7535044233329286,-0.8698144928400837,0.3348574602518429,0.0,1.0,0.0
0.9918317288277203,-0.004253387911011494,0.6924670663891771,-1.1396718313210832,1.2900630434256777,0.0,1.0,0.0
-0.506372684760169,0.1982599589530648,-0.1787024827170937,-0.3300998158780841,1.0238582087706747,0.0,1.0,0.0
-1.2554748915541136,-0.8818112243219832,-0.9777369736171128,1.359007228688173,1.3526994751092078,0.0,0.0,1.0
0.34260981627296266,0.40077330581714116,-0.26748409281709584,0.3195567397243225,1.24308571966303,0.0,1.0,0.0
-1.6549960685108898,-1.4893512649141738,-1.404998472223373,2.0486426492507275,-1.6851674615420047,0.0,0.0,1.0
-1.704936215630469,-1.759369060732955,-0.5726708775358531,0.27957787476417384,0.7576533741156715,0.0,1.0,0.0
-1.305415038673721,-0.9493156732766498,0.5315503980829233,-0.94977222276038,0.8046306978783191,0.0,1.0,0.0
1.2914726115453095,1.0758177953640367,2.296084898820465,-1.759344238203379,1.1334719642168525,0.0,1.0,0.0
-0.3565522434013743,0.2657644079077313,-0.16205593082334332,0.5494352132451739,-1.262371547678176,1.0,0.0,0.0
-1.9046968041088712,-2.1643957544610695,0.6425274107079259,-0.8898039253201576,0.44447121569802067,0.0,1.0,0.0
-0.6062529789993558,-0.13926228582038291,-0.17315363208584358,-0.37007868083823275,-0.6046890150011095,0.0,1.0,0.0
-0.40649239052098196,-0.6117934285032021,-1.0776162849796151,2.0686320817308017,1.3057221513465602,0.0,1.0,0.0
0.14284922779458878,1.0758177953640367,0.942165344795433,-1.0497193851607503,-1.262371547678176,0.0,1.0,0.0
0.6422506989905519,0.1982599589530648,-0.7724295002608579,0.42949861836472925,-0.9491893892605253,0.0,1.0,0.0
1.5411733471432911,0.8057999995452554,-0.2785817940795961,0.4494880508448036,-1.262371547678176,0.0,0.0,1.0
0.04296893355540185,0.7382955505905888,0.4261222360891707,-0.4800205594786395,1.1804492879795,0.0,0.0,1.0
-1.305415038673721,-1.219333469095431,-0.017785814410839866,-0.5399888569188618,-1.6225310298584745,0.0,0.0,1.0
-1.405295332912908,-1.2868379180500975,-0.5171823712233518,-0.15019492355741795,0.8829262374827318,0.0,1.0,0.0
0.8420112874689257,0.670791101635884,-1.0887139862421154,0.919239714126544,-1.2936897635199411,0.0,1.0,0.0
1.241532464425702,1.3458355911827795,0.28740097030791745,-1.0597141014007874,1.3213812592674428,0.0,0.0,1.0
-0.7560734203581504,-1.219333469095431,0.13758200326416384,-0.2501420859577882,-1.4502808427287666,0.0,0.0,1.0
0.2926696691533834,1.2783311422280745,0.35953602851416916,-0.94977222276038,-0.9805076051022904,1.0,0.0,0.0
-1.405295332912908,-1.1518290201407262,0.35953602851416916,-0.060242477397084854,-1.5442354902540618,0.0,0.0,1.0
0.09290908067498112,1.0758177953640367,-0.5171823712233518,0.72934010556584,-0.651666338763757,0.0,1.0,0.0
0.2926696691533834,0.06325106104369341,0.6480762613391761,-0.7298884654795651,-0.996166713023173,0.0,1.0,0.0
0.04296893355540185,0.33326885686243624,-1.1663978950796172,1.7388064458095798,-0.13491577737463328,0.0,0.0,1.0
1.8907543769804596,1.8183667338655987,0.31514522346416807,-0.3400945321181213,0.4131529998562556,0.0,1.0,0.0
-0.40649239052098196,-1.0843245711860596,-0.522731221854602,0.3495408884444333,1.8224727127356841,0.0,1.0,0.0
1.1915923173060943,0.06325106104369341,0.942165344795433,-0.8198409116398986,-0.11925666945375074,0.0,1.0,0.0
1.2914726115453095,1.4808444890921508,0.8644814359579313,-1.2895925749216386,-1.1840760080737633,0.0,1.0,0.0
0.8420112874689257,0.5357822037265125,-0.08437202198584146,0.1296571311636185,0.6167214028277286,0.0,0.0,1.0
-0.5563128318797765,-0.8818112243219832,0.1819728083141649,-0.5899624381190469,-0.43243882787140153,0.0,1.0,0.0
-0.7560734203581504,-1.1518290201407262,-0.4505961636483502,0.39951446964461845,-0.996166713023173,0.0,1.0,0.0
-0.8060135674777581,-0.40928008163916413,-0.15095822956084304,-0.470025843238603,-0.8865529575769951,1.0,0.0,0.0
-0.9058938617169451,-1.3543423670048025,0.28740097030791745,-0.6299413030791948,-1.1840760080737633,0.0,0.0,1.0
1.041771875947328,0.9408088974546268,1.940958458420457,-1.729360089483268,1.3526994751092078,0.0,1.0,0.0
-0.8559537145973374,-0.27427118372975434,0.03770269190166146,-0.38007339707826926,1.0864946404542049,1.0,0.0,0.0
0.5923105518709442,0.40077330581714116,0.20416821083916545,-0.04025304491701052,0.021675301834192112,0.0,0.0,1.0
-0.3565522434013743,-1.0168201222313547,-0.3007771966045966,0.46947748332487793,-0.4637570437131666,0.0,1.0,0.0
-1.5551157742717028,-1.5568557138688788,0.6480762613391761,-0.9197880740402689,1.149131072137735,1.0,0.0,0.0
-1.6549960685108898,-1.3543423670048025,-0.02333466504209,-0.3201050996380477,1.6032452018433285,0.0,1.0,0.0
0.7421309932297389,0.33326885686243624,1.0975331624704368,-1.0697088176408243,0.09997084143860481,0.0,0.0,1.0
-0.10685150780339275,-0.3417756326844592,-0.6614524876358553,0.6693718081256184,0.44447121569802067,1.0,0.0,0.0
1.3414127586648887,0.33326885686243624,-0.10656742451084199,-0.07023719363712203,-0.5420525833175793,0.0,1.0,0.0
-0.8559537145973374,-0.004253387911011494,-0.43949846238584994,0.7593242542859515,-0.1035975615328682,0.0,1.0,0.0
-1.6549960685108898,-1.4893512649141738,-0.8723088116233603,0.7493295380459143,-1.1057804684693506,0.0,1.0,0.0
-1.0557143030757397,-0.6117934285032021,0.02105614000791106,-0.3400945321181213,-1.3719853031243538,0.0,1.0,0.0
-1.4552354800324874,-1.2868379180500975,1.5747343167579482,-1.5694446296426754,1.7441771731312714,0.0,0.0,1.0
1.2914726115453095,0.33326885686243624,-0.4339496117545998,0.5394404970051366,-1.6851674615420047,0.0,1.0,0.0
-1.4552354800324874,-1.0843245711860596,0.02105614000791106,-0.04025304491701052,1.5249496622389158,0.0,1.0,0.0
0.6921908461101312,0.40077330581714116,0.603685456289175,-0.929782790280306,-0.2758477486625761,0.0,1.0,0.0
-0.10685150780339275,-0.004253387911011494,0.8755791372204315,-0.40006282955834355,1.0551764246124398,0.0,1.0,0.0
0.5423704047513649,0.7382955505905888,1.940958458420457,-1.6194182108428605,0.976880885008027,0.0,1.0,0.0
1.9406945241000388,2.1558889786390463,0.0044095881141606634,0.4394933346047664,0.1782663810430175,0.0,1.0,0.0
-0.05691136068381348,-0.5442889795485355,-0.07882317135459133,-0.67991488427938,-1.6851674615420047,1.0,0.0,0.0
0.24272952203377574,0.8733044484999603,-0.1787024827170937,0.33954617220439615,-1.0431440367858205,0.0,0.0,1.0
-1.4552354800324874,-1.0843245711860596,-0.650354786373355,0.2096148610839151,0.6323805107486111,0.0,1.0,0.0
0.04296893355540185,-0.5442889795485355,1.0697889093141861,-0.6299413030791948,1.7285180652103889,0.0,0.0,1.0
0.14284922779458878,-0.3417756326844592,-1.2163375507608685,2.2185528253313573,0.5384258632233159,0.0,0.0,1.0
0.4924302576317573,0.8057999995452554,-0.8057226040483587,0.1296571311636185,-1.434621734807884,0.0,0.0,1.0
-0.9558340088365244,-0.6792978774579069,1.3749756940329434,-1.2396189937214535,-0.9491893892605253,0.0,1.0,0.0
0.24272952203377574,0.40077330581714116,-0.8945042141483608,1.1491181876473953,0.9142444533244969,1.0,0.0,0.0
-1.405295332912908,-0.9493156732766498,2.0963262760954606,-1.5894340621227494,-0.8395756338143475,0.0,1.0,0.0
1.041771875947328,0.9408088974546268,-0.6670013382671054,-0.38007339707826926,-0.9491893892605253,0.0,0.0,1.0
-0.5563128318797765,0.06325106104369341,-0.1454093789295929,0.1496465636436928,-0.43243882787140153,0.0,0.0,1.0
-1.205534744434506,-0.3417756326844592,-0.9222484673046115,1.0591657414870623,-0.823916525893465,0.0,1.0,0.0
-0.9558340088365244,-1.5568557138688788,-0.5782197281671032,0.08967826620347052,0.6167214028277286,0.0,0.0,1.0
0.24272952203377574,-0.47678453059383064,-0.0011392625170894694,-0.09022662611719565,1.6971998493686238,0.0,0.0,1.0
-0.10685150780339275,-0.3417756326844592,-0.3507168522858478,0.4394933346047664,-1.465939950649649,0.0,1.0,0.0
0.24272952203377574,0.9408088974546268,2.956398123939231,-2.119154022844712,-0.5107343674758142,0.0,0.0,1.0
-1.1555945973149266,-0.8143067753672784,-1.027676629298364,1.0191868765269143,-0.07227934569110313,0.0,1.0,0.0
-1.005774155956132,-1.69186461177825,1.402719947189194,-1.2096348450013428,1.7128589572895063,0.0,1.0,0.0
-0.30661209628179503,-0.9493156732766498,-0.4672427155421006,0.2695831585241374,1.1804492879795,0.0,0.0,1.0
0.4424901105121496,0.5357822037265125,0.8644814359579313,-0.9797563714804911,1.2587448275839126,0.0,0.0,1.0
-1.9546369512284505,-2.0968913055064027,2.284987197557965,-1.6693917920430457,-1.090121360548468,0.0,0.0,1.0
-1.405295332912908,-1.4218468159595072,-0.38955880670459875,0.8192925517261738,0.569744079065081,0.0,1.0,0.0
1.2914726115453095,0.13075550999835991,1.8521768483204548,-1.8692861168437862,-0.32282507242522374,1.0,0.0,0.0
1.2914726115453095,1.1433222443187032,-0.3784611054420985,0.8292872679662102,-1.2936897635199411,1.0,0.0,0.0
0.09290908067498112,-0.5442889795485355,-0.6059639813233539,0.33954617220439615,-1.3093488714408237,0.0,1.0,0.0
0.3925499633925703,1.750862284910932,-0.650354786373355,0.99919744404684,0.14694816520125242,0.0,1.0,0.0
-1.005774155956132,-1.219333469095431,-0.9666392723546126,1.2890442150079136,1.7285180652103889,0.0,1.0,0.0
-1.6549960685108898,-1.759369060732955,0.0044095881141606634,-0.1302054910773436,-0.9805076051022904,0.0,0.0,1.0
-0.20673180204257968,-0.3417756326844592,0.17087510705166464,-0.4500364107585287,1.2744039355047951,0.0,1.0,0.0
-0.506372684760169,-0.8143067753672784,-0.2452886902920953,-0.1601896397974551,-0.5107343674758142,0.0,1.0,0.0
0.7920711403493464,0.6032866526811791,0.1986193602079153,0.009720536283174605,0.4914485394606683,0.0,0.0,1.0
-0.7061332732385428,-0.5442889795485355,0.015507289376660929,0.8392819842062474,-1.027484928864938,0.0,1.0,0.0
-0.9058938617169451,-0.6792978774579069,-0.9000530647796109,1.7787853107697276,-1.5598945981749444,0.0,1.0,0.0
-0.7560734203581504,-1.3543423670048025,0.9643607473204336,-1.41952388604212,0.7263351582739064,0.0,0.0,1.0
-1.3553551857933004,-1.3543423670048025,-0.6614524876358553,0.649382375645544,-0.5420525833175793,0.0,1.0,0.0
1.9406945241000388,2.08838452968438,0.5537458006079238,-1.0996929663609354,-0.19755220905816342,0.0,1.0,0.0
-0.8559537145973374,-1.1518290201407262,0.3206940740954182,-0.7598726141996767,-0.6046890150011095,0.0,1.0,0.0
-0.8060135674777581,-1.1518290201407262,-0.5893174294296035,2.228547541571394,-1.3719853031243538,0.0,1.0,0.0
1.2914726115453095,0.2657644079077313,-0.7224898445796067,1.3290230799680616,-0.8708938496561126,1.0,0.0,0.0
-1.5551157742717028,-1.3543423670048025,-1.0887139862421154,0.4494880508448036,-1.4502808427287666,0.0,1.0,0.0
-2.204337686826432,-2.569422448189222,0.1653262564204145,-0.49001527571867665,0.5071076473815508,0.0,1.0,0.0
-0.3565522434013743,-0.6117934285032021,-0.8556622597296099,0.559429929485211,-1.1527577922319983,0.0,0.0,1.0
0.04296893355540185,0.9408088974546268,-0.5171823712233518,0.05969411748335973,0.6167214028277286,0.0,1.0,0.0
-0.20673180204257968,0.40077330581714116,0.5703923525016742,-0.49001527571867665,0.6480396186694937,0.0,1.0,0.0
0.3925499633925703,0.2657644079077313,0.17087510705166464,-0.4800205594786395,-1.3250079793617062,0.0,1.0,0.0
1.4912332000236834,1.6158533870015224,0.5870389043954246,-1.0397246689207131,0.3348574602518429,0.0,0.0,1.0
0.3925499633925703,-0.2067667347750878,-0.4339496117545998,0.42949861836472925,0.7889715899574365,0.0,1.0,0.0
0.4424901105121496,0.5357822037265125,2.49029467091422,-2.029201576684379,0.44447121569802067,0.0,0.0,1.0
-0.6561931261189635,0.06325106104369341,-0.7668806496296078,0.5294457807650995,-0.6360072308428746,0.0,1.0,0.0
-0.6062529789993558,-0.6792978774579069,1.608027420545449,-1.709370657003194,1.0081991008497921,0.0,1.0,0.0
-0.8559537145973374,-0.6792978774579069,1.4582084535016955,-1.2496137099614908,-0.5733707991593444,0.0,0.0,1.0
0.6422506989905519,0.46827775477180766,-1.3273145633858712,1.8287588919699127,-0.24452953282081105,0.0,0.0,1.0
0.5923105518709442,0.6032866526811791,-0.400656507967099,-0.29012095091793616,0.7106760503530238,0.0,1.0,0.0
0.9418915817081127,0.670791101635884,-1.3772542190671224,2.3584788526918756,0.4601303236189032,1.0,0.0,0.0
0.24272952203377574,-0.3417756326844592,0.6314297094454256,-1.2396189937214535,-0.7143027704472872,0.0,1.0,0.0
-1.1555945973149266,-0.7468023264126119,-1.1774955963421176,2.3684735689319125,-1.3563261952034713,0.0,0.0,1.0
0.2926696691533834,0.33326885686243624,0.5703923525016742,-1.0097405202006022,-0.11925666945375074,0.0,1.0,0.0
-0.45643253764056124,-0.004253387911011494,0.6536251119704262,-0.6899096005194172,1.24308571966303,1.0,0.0,0.0
-0.9558340088365244,-1.0843245711860596,-1.1331047912921166,0.01971525252321177,0.021675301834192112,0.0,1.0,0.0
1.041771875947328,0.7382955505905888,-0.6448059357421049,-0.3201050996380477,-0.43243882787140153,0.0,0.0,1.0
-1.105654450195319,-1.0843245711860596,-0.3340703003920974,0.3495408884444333,0.5540849711441984,0.0,0.0,1.0
0.34260981627296266,-0.27427118372975434,-1.1663978950796172,1.4289702423684318,-0.43243882787140153,0.0,1.0,0.0
0.4424901105121496,0.46827775477180766,0.8700302865891814,-1.2696031424415646,-0.4950752595549317,0.0,0.0,1.0
-0.506372684760169,0.33326885686243624,1.1974124738329393,-1.2096348450013428,-0.8082574179725824,0.0,1.0,0.0
-1.7548763627500765,-1.69186461177825,-1.1053605381358658,1.9087166218902094,-0.29150685658345865,0.0,1.0,0.0
1.740933935621665,2.020880080729675,2.0130935166267085,-1.839301968123675,-0.7456209862890523,0.0,0.0,1.0
1.141652170186515,1.210826693273408,-0.28967949534209636,0.3195567397243225,1.5406087701597984,0.0,1.0,0.0
-1.005774155956132,-1.2868379180500975,1.8743722508454552,-1.5694446296426754,-1.6851674615420047,0.0,1.0,0.0
2.140455112578441,2.3584023255031226,6.124791834383057,-2.7288317134869704,-1.3563261952034713,0.0,1.0,0.0
0.7421309932297389,0.6032866526811791,0.731309020807928,-0.8898039253201576,0.976880885008027,0.0,1.0,0.0
0.5423704047513649,0.7382955505905888,0.43721993735167103,-1.0497193851607503,0.8202898057992016,1.0,0.0,0.0
-0.7560734203581504,-0.27427118372975434,-0.9721881229858627,1.8687377569300614,0.24090281272654765,0.0,0.0,1.0
-1.005774155956132,-0.8818112243219832,0.41502453482667045,-0.929782790280306,-0.025302021928455508,0.0,0.0,1.0
0.2926696691533834,0.06325106104369341,-0.2452886902920953,0.22960429356398873,0.3818347840144905,0.0,1.0,0.0
-1.305415038673721,-1.1518290201407262,0.17642395768291477,-0.23015265347771385,0.8516080216409667,0.0,1.0,0.0
-1.505175627152095,-1.4893512649141738,-0.10101857387959186,0.01971525252321177,1.2900630434256777,0.0,1.0,0.0
-1.1555945973149266,-0.40928008163916413,-0.8168203053108589,0.4095091858846556,0.5071076473815508,0.0,1.0,0.0
-0.45643253764056124,0.06325106104369341,-1.1275559406608664,2.1286003791710235,-0.21321131697904597,0.0,1.0,0.0
-0.45643253764056124,0.06325106104369341,0.6092343069204251,-0.8398303441199725,-1.0431440367858205,0.0,0.0,1.0
1.6909937885020574,1.5483489380468558,-0.20644673587334436,-0.40006282955834355,-0.6046890150011095,0.0,1.0,0.0
-1.3553551857933004,-1.219333469095431,-0.5171823712233518,1.3490125124481358,-1.575553706095827,0.0,1.0,0.0
0.6921908461101312,0.33326885686243624,-1.7878691657796322,2.058637365490765,-0.07227934569110313,0.0,0.0,1.0
-1.9546369512284505,-1.961882407596993,-0.5893174294296035,-0.15019492355741795,-1.465939950649649,0.0,0.0,1.0
-0.9558340088365244,-0.7468023264126119,-1.199690998867118,1.1691076201274697,-0.3071659645043412,0.0,0.0,1.0
1.241532464425702,1.0083133464093317,0.7646021245954289,-1.0797035338808614,-0.9178711734187602,0.0,1.0,0.0
0.14284922779458878,0.9408088974546268,-1.0720674343483652,1.1091393226872475,0.6167214028277286,0.0,1.0,0.0
-0.5563128318797765,-1.0168201222313547,-0.46169386491085046,0.99919744404684,0.7576533741156715,0.0,0.0,1.0
-0.15679165492300043,0.7382955505905888,0.08209349695166251,0.09967298244350768,1.3213812592674428,0.0,1.0,0.0
0.09290908067498112,-0.40928008163916413,-0.46169386491085046,0.8792608491663954,1.5249496622389158,0.0,0.0,1.0
-1.305415038673721,-0.7468023264126119,-0.9056019154108611,-0.10022134235723282,1.149131072137735,0.0,0.0,1.0
0.2926696691533834,-0.2067667347750878,0.5537458006079238,-0.9597669390004171,0.2095845968847826,0.0,1.0,0.0
-1.2554748915541136,-0.8818112243219832,-0.46169386491085046,0.46947748332487793,-1.231053331836411,0.0,1.0,0.0
-1.5551157742717028,-1.4893512649141738,-0.7724295002608579,1.7088222970894689,1.4779723384762682,0.0,1.0,0.0
-2.25427783394604,-2.7044313460985934,0.5648435018704241,-0.3400945321181213,-1.3563261952034713,0.0,0.0,1.0
0.7421309932297389,0.7382955505905888,0.3484383272516689,-0.5699730056389732,-0.11925666945375074,0.0,1.0,0.0
1.4912332000236834,1.4808444890921508,0.4705130411391718,-1.1196823988410094,0.14694816520125242,1.0,0.0,0.0
-0.45643253764056124,0.33326885686243624,-0.567122026904603,0.30956202348428535,-1.058803144706703,0.0,1.0,0.0
-0.2566719491621874,0.46827775477180766,0.27630326904541713,-0.6499307355592692,-1.606871921937592,0.0,1.0,0.0
-0.30661209628179503,-0.8818112243219832,-0.07882317135459133,-0.10022134235723282,-0.2758477486625761,0.0,1.0,0.0
-1.105654450195319,-1.4893512649141738,-0.483889267435851,-0.020263612436936897,-1.3563261952034713,0.0,1.0,0.0
0.8420112874689257,0.40077330581714116,-0.18980018397959397,0.4494880508448036,0.601062294906846,0.0,0.0,1.0
0.4924302576317573,1.0758177953640367,-0.4727915661733507,-0.0002741799568625625,0.5071076473815508,0.0,0.0,1.0
-0.8060135674777581,-0.5442889795485355,3.211645252976737,-2.229095901485119,1.6032452018433285,0.0,1.0,0.0
-1.1555945973149266,-0.7468023264126119,0.7867975271204294,-1.1696559800411945,0.13128905728036988,0.0,0.0,1.0
1.1915923173060943,0.13075550999835991,-0.522731221854602,0.6393876594055069,0.27222102856831276,0.0,1.0,0.0
-0.05691136068381348,-0.004253387911011494,-0.3063260472358468,0.2096148610839151,1.1647901800586176,0.0,0.0,1.0
-0.8060135674777581,-0.47678453059383064,2.4680992683892193,-2.079175157884564,0.3818347840144905,1.0,0.0,0.0
0.3925499633925703,1.6158533870015224,-0.2563863915545956,-0.09022662611719565,-0.4480979357922841,0.0,1.0,0.0
-1.704936215630469,-1.3543423670048025,2.4348061646017185,-1.769338954443416,1.5719269860015634,0.0,1.0,0.0
0.6921908461101312,0.2657644079077313,0.22081476273291584,-0.3101103833980105,0.39749389193537304,0.0,1.0,0.0
1.3913529057844964,1.4808444890921508,-0.483889267435851,1.0291815927669508,-0.7456209862890523,0.0,0.0,1.0
-0.2566719491621874,-0.7468023264126119,-0.10656742451084199,-0.17018435603749227,0.2252437048056651,0.0,1.0,0.0
-1.005774155956132,-1.3543423670048025,0.4483176386141713,-1.0597141014007874,-0.5107343674758142,0.0,0.0,1.0
0.2926696691533834,0.13075550999835991,0.603685456289175,-0.8298356278799357,-0.9648484971814079,0.0,1.0,0.0
-1.305415038673721,-1.0168201222313547,0.1653262564204145,-0.5799677218790097,-0.5577116912384619,0.0,1.0,0.0
0.7421309932297389,0.5357822037265125,-0.21754443713584465,0.09967298244350768,0.16260727312213497,0.0,1.0,0.0
1.6909937885020574,1.210826693273408,-0.22309328776709478,0.49946163204498867,-1.434621734807884,0.0,1.0,0.0
-1.205534744434506,-0.8818112243219832,-0.8168203053108589,0.11966241492358203,1.1021537483750874,0.0,0.0,1.0
0.24272952203377574,1.2783311422280745,-0.7557829483671075,0.5694246457252482,-0.8395756338143475,0.0,1.0,0.0
-0.6561931261189635,-0.5442889795485355,-0.6448059357421049,0.8892555654064326,1.24308571966303,0.0,0.0,1.0
-1.505175627152095,-1.4218468159595072,-1.3495099659108716,2.908188245893911,0.7106760503530238,0.0,1.0,0.0
0.09290908067498112,0.9408088974546268,-0.18425133334834384,-0.3900681133183064,0.5227667553024333,1.0,0.0,0.0
-1.305415038673721,-1.1518290201407262,-0.35626570291709797,0.04969940124332256,1.791154496893919,0.0,1.0,0.0
0.8919514345885334,-0.004253387911011494,-0.2563863915545956,0.02970996876324823,1.211767503821265,0.0,1.0,0.0
-1.2554748915541136,-1.219333469095431,-0.6670013382671054,0.8492767004462846,0.006016193913309572,0.0,1.0,0.0
0.9918317288277203,-0.13926228582038291,0.6092343069204251,-0.8997986415601948,0.6950169424321413,0.0,1.0,0.0
-0.7061332732385428,-0.6117934285032021,-1.110909388767116,1.1091393226872475,-1.1527577922319983,0.0,0.0,1.0
-1.205534744434506,-1.2868379180500975,-0.567122026904603,0.6293929431654698,0.6480396186694937,0.0,1.0,0.0
0.19278937491416806,-0.5442889795485355,-0.06217661946084093,-0.280126234677899,1.8851091444192143,0.0,0.0,1.0
-1.605055921391282,-1.3543423670048025,0.24855901588916648,0.039704685003285396,1.8694500364983317,0.0,1.0,0.0
-0.6062529789993558,0.06325106104369341,0.2541078665204166,-0.8698144928400837,0.6167214028277286,0.0,0.0,1.0
-0.006971213564205815,-0.27427118372975434,0.43721993735167103,-1.1296771150810465,-0.8552347417352301,0.0,1.0,0.0
-1.3553551857933004,-1.4218468159595072,-0.6780990395296056,0.1796307123638036,1.2274266117421475,0.0,1.0,0.0
0.14284922779458878,-0.07175783686571639,-0.16760478145459345,0.6593770918855812,0.27222102856831276,1.0,0.0,0.0
-1.205534744434506,-0.9493156732766498,4.687639520889273,-2.558921537406341,0.9925399929289095,0.0,1.0,0.0
1.8907543769804596,1.8183667338655987,0.08764234758291266,-0.6599254517993064,0.31919835233096033,0.0,0.0,1.0
-0.506372684760169,-0.8818112243219832,2.2239498406142135,-2.0092121442043047,-0.15057488529551583,1.0,0.0,0.0
0.5923105518709442,0.06325106104369341,0.10428889947666305,-0.7398831817196023,-1.1527577922319983,0.0,0.0,1.0
0.3925499633925703,0.1982599589530648,-0.4505961636483502,0.33954617220439615,-1.6851674615420047,0.0,0.0,1.0
1.740933935621665,1.5483489380468558,0.24855901588916648,-0.4800205594786395,-0.5263934753966968,0.0,1.0,0.0
-0.45643253764056124,-0.7468023264126119,-1.1885932976046178,0.8392819842062474,1.759836281052154,0.0,0.0,1.0
-0.05691136068381348,0.13075550999835991,-0.3340703003920974,0.6293929431654698,1.0238582087706747,0.0,1.0,0.0
0.9418915817081127,0.46827775477180766,-0.611512831954604,1.0991446064472101,-0.4950752595549317,0.0,1.0,0.0
0.9418915817081127,0.8057999995452554,-0.5782197281671032,0.4195039021246928,-1.434621734807884,0.0,1.0,0.0
1.4912332000236834,0.670791101635884,-0.7224898445796067,0.16963599612376715,0.19392548896390005,0.0,0.0,1.0
-0.006971213564205815,-0.27427118372975434,-0.26748409281709584,0.19962014484387794,-1.231053331836411,0.0,0.0,1.0
-0.8060135674777581,-0.6117934285032021,-0.983285824248363,0.6094035106853961,-1.1057804684693506,0.0,1.0,0.0
0.5423704047513649,0.8733044484999603,-0.2286421383983449,-0.24014736971775102,-1.5129172744122967,0.0,1.0,0.0
-0.9058938617169451,-0.8143067753672784,-0.983285824248363,1.7288117295695424,-1.2467124397572935,0.0,1.0,0.0
1.141652170186515,0.9408088974546268,-0.5837685787983534,0.02970996876324823,0.39749389193537304,0.0,1.0,0.0
-1.5551157742717028,-1.4893512649141738,0.6314297094454256,-1.0297299526806762,0.4601303236189032,0.0,1.0,0.0
0.04296893355540185,1.0083133464093317,-0.22309328776709478,0.33954617220439615,-0.6673254466846396,0.0,1.0,0.0
-0.20673180204257968,0.6032866526811791,-0.28967949534209636,0.24959372604406307,0.8829262374827318,0.0,1.0,0.0
-1.5551157742717028,-1.6243601628235453,-0.483889267435851,0.5694246457252482,0.2252437048056651,0.0,1.0,0.0
2.0905149654588335,2.3584023255031226,-0.8279180065733592,0.7793136867660251,-0.3854615041087539,0.0,0.0,1.0
-1.305415038673721,-1.4218468159595072,-1.1164582393983662,0.8492767004462846,0.7889715899574365,0.0,0.0,1.0
1.9906346712196465,2.2908978765484176,-0.8334668572046093,0.5794193619652847,0.24090281272654765,0.0,0.0,1.0
-1.1555945973149266,-1.219333469095431,-0.9388950191983618,1.3390177962080987,0.8516080216409667,0.0,0.0,1.0
-0.40649239052098196,-0.8143067753672784,0.8922256891141819,-0.6499307355592692,1.211767503821265,0.0,0.0,1.0
0.4424901105121496,0.8733044484999603,0.353987177882919,-0.8198409116398986,1.2900630434256777,0.0,0.0,1.0
-0.9558340088365244,-1.219333469095431,-0.31742374849834704,-0.21016322099764023,-1.4189626268870015,0.0,1.0,0.0
1.6909937885020574,1.4808444890921508,2.401513060814218,-1.6494023595629717,-0.7612800942099348,0.0,0.0,1.0
-0.9058938617169451,-1.1518290201407262,-0.7724295002608579,0.8692661329263589,1.3526994751092078,0.0,1.0,0.0
0.4424901105121496,0.8057999995452554,1.3860733952954436,-1.4495080347622311,0.09997084143860481,0.0,1.0,0.0
-1.8048165098696842,-1.8943779586423264,2.950849273307981,-2.05918572540449,1.1804492879795,0.0,0.0,1.0
1.4412930529040757,1.5483489380468558,-0.13431167766709265,0.07968354996343335,1.1804492879795,0.0,1.0,0.0
1.0917120230669073,0.8733044484999603,1.2140590257266897,-1.3595555886018982,-1.6225310298584745,1.0,0.0,0.0
1.6410536413824781,1.750862284910932,-0.31742374849834704,0.4394933346047664,-0.5420525833175793,0.0,0.0,1.0
-1.2554748915541136,-1.1518290201407262,-0.8390157078358594,0.8592714166863218,-1.262371547678176,0.0,1.0,0.0
-0.506372684760169,-0.07175783686571639,-0.9222484673046115,1.5688962697289506,1.4623132305553856,0.0,1.0,0.0
0.8420112874689257,0.7382955505905888,-0.18425133334834384,-0.05024776115704769,0.7889715899574365,0.0,0.0,1.0
0.7920711403493464,0.8057999995452554,-0.8001737534171085,0.6793665243656548,-0.19755220905816342,1.0,0.0,0.0
-1.605055921391282,-1.6243601628235453,-0.5837685787983534,0.8292872679662102,0.47578943153978576,0.0,1.0,0.0
-0.20673180204257968,-0.5442889795485355,-0.4949869686983513,0.30956202348428535,0.8202898057992016,0.0,1.0,0.0
0.4924302576317573,0.6032866526811791,-0.4949869686983513,0.5894140782053218,-1.1370986843111157,0.0,1.0,0.0
-0.5563128318797765,-0.8818112243219832,0.13758200326416384,-0.5899624381190469,-0.13491577737463328,0.0,1.0,0.0
-1.605055921391282,-1.4893512649141738,-0.9222484673046115,0.289572591004211,-0.5263934753966968,0.0,1.0,0.0
1.4412930529040757,1.6833578359562271,0.7978952283829296,-0.7898567629197875,-0.3541432882669888,0.0,1.0,0.0
-0.7560734203581504,-0.8143067753672784,0.09874004884541292,-0.40006282955834355,-1.3563261952034713,0.0,0.0,1.0
1.4912332000236834,1.6833578359562271,-0.1787024827170937,-0.21016322099764023,0.8672671295618493,1.0,0.0,0.0
-0.5563128318797765,-1.0168201222313547,0.22636361336416597,-0.09022662611719565,0.1782663810430175,0.0,1.0,0.0
0.2926696691533834,-0.27427118372975434,-0.20089788524209423,-0.1601896397974551,-0.620348122921992,0.0,0.0,1.0
-0.3565522434013743,0.40077330581714116,0.38728028167041983,-0.8598197766000468,-0.13491577737463328,0.0,0.0,1.0
1.8408142298608519,1.6833578359562271,0.7257601701766779,-1.3895397373220089,0.4914485394606683,0.0,1.0,0.0
-0.6062529789993558,0.06325106104369341,0.3761825804079195,-0.05024776115704769,-0.04096112984933804,0.0,1.0,0.0
-1.305415038673721,-1.0843245711860596,0.27075441841416703,-0.7498778979596394,1.556267878080681,0.0,1.0,0.0
-0.8559537145973374,-1.3543423670048025,-0.4228519104920995,0.24959372604406307,1.2900630434256777,0.0,0.0,1.0
-0.45643253764056124,-0.9493156732766498,-0.5449266243796025,-0.38007339707826926,0.9612217770871444,0.0,0.0,1.0
0.19278937491416806,-0.07175783686571639,-0.6891967407921059,-0.8198409116398986,1.3213812592674428,0.0,0.0,1.0
-0.45643253764056124,0.06325106104369341,-0.9222484673046115,1.5589015534889135,0.006016193913309572,0.0,1.0,0.0
-0.2566719491621874,-0.47678453059383064,-0.10656742451084199,0.22960429356398873,0.6480396186694937,0.0,1.0,0.0
0.3925499633925703,0.13075550999835991,-1.3051191608608705,1.2490653500477655,0.773312482036554,0.0,0.0,1.0
0.24272952203377574,1.3458355911827795,0.10428889947666305,-0.3300998158780841,0.08431173351772227,0.0,1.0,0.0
0.3925499633925703,-0.40928008163916413,-1.0942628368733656,2.238542257811431,0.08431173351772227,0.0,0.0,1.0
0.2926696691533834,0.2657644079077313,0.3817314310391697,-0.08023190987715847,1.7754953889730365,0.0,1.0,0.0
0.04296893355540185,0.1982599589530648,-1.0498720318233645,0.8792608491663954,-0.9022120654978777,0.0,0.0,1.0
-0.7061332732385428,-0.2067667347750878,-1.2496306545483693,0.9692132953267292,0.44447121569802067,0.0,0.0,1.0
0.8919514345885334,0.670791101635884,1.6635159268579502,-1.6394076433229345,-1.2153942239155284,0.0,0.0,1.0
-1.405295332912908,-0.9493156732766498,-0.1454093789295929,-0.10022134235723282,-0.4637570437131666,0.0,0.0,1.0
-1.305415038673721,-1.0843245711860596,-0.8945042141483608,-0.01026889619689973,-0.6986436625264046,0.0,1.0,0.0
-0.7560734203581504,-0.13926228582038291,0.2984986715704177,-0.49001527571867665,1.4936314463971507,0.0,1.0,0.0
1.8408142298608519,1.8183667338655987,0.0044095881141606634,0.4794721995649144,1.384017690950973,0.0,1.0,0.0
1.8408142298608519,1.6833578359562271,-0.7890760521546083,0.5694246457252482,1.24308571966303,0.0,1.0,0.0
0.4424901105121496,0.46827775477180766,0.18752165894541503,-0.8798092090801208,-1.6538492457002396,0.0,1.0,0.0
1.7908740827412726,1.4808444890921508,0.8700302865891814,-0.929782790280306,-1.606871921937592,0.0,1.0,0.0
0.8420112874689257,0.8733044484999603,0.9366164941641829,-0.94977222276038,-0.47941615163404916,0.0,1.0,0.0
0.7920711403493464,0.40077330581714116,0.3317917753579185,-0.3900681133183064,1.5719269860015634,0.0,0.0,1.0
1.041771875947328,0.9408088974546268,-0.5171823712233518,-0.030258328676973353,-0.19755220905816342,0.0,1.0,0.0
1.3414127586648887,0.7382955505905888,1.058691208051686,-1.1896454125212683,0.42881210777713813,0.0,1.0,0.0
-0.9058938617169451,-1.0168201222313547,6.319001606476811,-2.928726038287711,-0.3384841803461063,0.0,0.0,1.0
0.7920711403493464,-0.07175783686571639,-0.6448059357421049,1.359007228688173,-0.19755220905816342,1.0,0.0,0.0
2.040574818339254,2.2233934275937512,0.7812486764891792,-1.0697088176408243,0.7889715899574365,0.0,0.0,1.0
-1.105654450195319,-1.0843245711860596,3.272682609920489,-2.079175157884564,0.6323805107486111,0.0,1.0,0.0
-0.6561931261189635,-0.27427118372975434,0.6980159170204272,-0.8898039253201576,1.1021537483750874,0.0,1.0,0.0
0.34260981627296266,0.670791101635884,-1.1275559406608664,1.3290230799680616,-0.620348122921992,0.0,1.0,0.0
1.9406945241000388,2.1558889786390463,0.5038061449266726,-1.0697088176408243,-0.056620237770220586,0.0,0.0,1.0
1.4912332000236834,1.6158533870015224,0.48715959303292217,-0.29012095091793616,0.9455626691662619,1.0,0.0,0.0
1.740933935621665,1.8183667338655987,-0.8112714546796088,0.9292344303665805,-0.40112061202963645,0.0,1.0,0.0
-1.305415038673721,-1.0168201222313547,-0.23973983966084517,-0.3600839645981956,0.28788013648919525,0.0,1.0,0.0
1.0917120230669073,1.1433222443187032,0.09319119821416279,-0.14020020731738078,0.5854031869859635,0.0,1.0,0.0
1.8408142298608519,1.5483489380468558,-0.9111507660421112,0.6193982269254332,-0.15057488529551583,0.0,1.0,0.0
1.740933935621665,1.2783311422280745,-0.7446852471046073,0.559429929485211,-1.5285763823331793,0.0,1.0,0.0
-0.8559537145973374,-1.4218468159595072,1.2584498307766907,-1.349560872361861,0.5854031869859635,0.0,1.0,0.0
0.8919514345885334,0.6032866526811791,1.8965676533704559,-1.9092649818039344,-1.3250079793617062,0.0,0.0,1.0
-0.9558340088365244,-0.47678453059383064,1.1807659219391888,-1.4794921834823425,-0.47941615163404916,0.0,0.0,1.0
1.9906346712196465,2.1558889786390463,0.24855901588916648,-0.1302054910773436,-0.056620237770220586,0.0,1.0,0.0
0.24272952203377574,0.40077330581714116,0.4538664892454214,-0.7998514791598246,1.1961083959003824,0.0,0.0,1.0
0.19278937491416806,0.8057999995452554,-0.37291225481084833,-0.27013151843786254,1.24308571966303,0.0,1.0,0.0
0.6422506989905519,0.8733044484999603,-0.3618145535483481,1.0691604577270994,-1.5285763823331793,0.0,1.0,0.0
1.4912332000236834,0.8057999995452554,-0.11211627514209212,-0.20016850475760306,0.4914485394606683,0.0,0.0,1.0
0.24272952203377574,0.33326885686243624,0.13758200326416384,-0.18017907227752872,1.4309950147136206,0.0,1.0,0.0
-0.7061332732385428,-0.8143067753672784,0.1486797045266641,-0.09022662611719565,-1.1214395763902332,1.0,0.0,0.0
0.9918317288277203,-0.004253387911011494,-0.5005358193296015,0.8792608491663954,1.149131072137735,0.0,1.0,0.0
1.4412930529040757,1.4808444890921508,-1.1053605381358658,1.7787853107697276,-0.2758477486625761,0.0,1.0,0.0
-1.405295332912908,-1.1518290201407262,0.8533837346954309,-1.1996401287613057,1.2587448275839126,0.0,1.0,0.0
1.141652170186515,0.670791101635884,-1.1663978950796172,1.1491181876473953,0.7263351582739064,0.0,1.0,0.0
0.4424901105121496,0.9408088974546268,-0.0399812169358404,0.1496465636436928,0.28788013648919525,0.0,0.0,1.0
-1.8048165098696842,-1.759369060732955,0.25965671715166677,-0.4500364107585287,-1.6851674615420047,1.0,0.0,0.0
0.2926696691533834,-0.004253387911011494,-1.316216862123371,2.288515839011616,-0.32282507242522374,0.0,0.0,1.0
-1.3553551857933004,-1.0843245711860596,-0.2841306447108462,-0.26013680219782537,-0.6046890150011095,0.0,1.0,0.0
-0.7061332732385428,-0.13926228582038291,4.060619399558008,-2.3790166450856747,1.7285180652103889,0.0,1.0,0.0
0.3925499633925703,0.46827775477180766,-0.8501134090983598,0.2096148610839151,0.976880885008027,0.0,0.0,1.0
0.09290908067498112,0.13075550999835991,-0.5504754750108526,0.289572591004211,1.3057221513465602,0.0,1.0,0.0
-0.7061332732385428,-0.004253387911011494,0.7867975271204294,-0.4500364107585287,-0.996166713023173,0.0,0.0,1.0
0.04296893355540185,-0.13926228582038291,-0.18425133334834384,-0.4800205594786395,-1.3563261952034713,0.0,1.0,0.0
0.9418915817081127,0.6032866526811791,0.3206940740954182,-0.3101103833980105,-0.9022120654978777,0.0,1.0,0.0
1.4412930529040757,0.7382955505905888,0.09319119821416279,0.5294457807650995,0.42881210777713813,0.0,1.0,0.0
-0.05691136068381348,-0.13926228582038291,-0.3451680016545977,0.7693189705259886,0.06865262559683973,0.0,1.0,0.0
-0.40649239052098196,-1.0168201222313547,0.3040475222016678,-0.4200522620384179,0.8202898057992016,0.0,0.0,1.0
-2.204337686826432,-2.569422448189222,-0.694745591423356,0.24959372604406307,-0.6046890150011095,1.0,0.0,0.0
-1.605055921391282,-1.2868379180500975,1.6857113293829509,-1.5794393458827125,1.6345634176850936,0.0,0.0,1.0
1.041771875947328,0.9408088974546268,-0.8223691559421091,0.919239714126544,-0.8708938496561126,0.0,1.0,0.0
-1.7548763627500765,-1.759369060732955,-1.3717053684358722,1.2490653500477655,-0.7143027704472872,0.0,1.0,0.0
1.241532464425702,1.2783311422280745,-0.7668806496296078,0.48946691580495155,1.4936314463971507,0.0,1.0,0.0
0.24272952203377574,0.9408088974546268,0.942165344795433,-0.7698673304397138,-0.6829845546055221,0.0,1.0,0.0
-1.305415038673721,-1.0168201222313547,-0.23419098902959504,-0.3600839645981956,-0.8082574179725824,0.0,0.0,1.0
2.0905149654588335,2.1558889786390463,-0.8834065128858606,0.8692661329263589,-1.4189626268870015,0.0,0.0,1.0
-0.9558340088365244,-0.9493156732766498,0.981007299214184,-0.929782790280306,0.1782663810430175,0.0,0.0,1.0
-1.2554748915541136,-1.3543423670048025,-0.6059639813233539,0.4494880508448036,1.1021537483750874,0.0,0.0,1.0
-0.6561931261189635,-1.1518290201407262,-1.0554208824546147,0.6593770918855812,-0.5263934753966968,0.0,0.0,1.0
1.1915923173060943,1.0758177953640367,0.45941533987667155,-0.5000099919587139,-0.620348122921992,0.0,1.0,0.0
-1.105654450195319,-1.8943779586423264,1.8910188027392056,-1.6993759407631568,1.0708355325333223,0.0,1.0,0.0
-0.6062529789993558,-0.2067667347750878,0.23746131462666623,0.49946163204498867,-1.5129172744122967,0.0,1.0,0.0
0.4924302576317573,1.4808444890921508,-0.22309328776709478,0.1496465636436928,0.5071076473815508,0.0,0.0,1.0
1.6410536413824781,1.210826693273408,0.04880039316416172,-0.6499307355592692,-0.5107343674758142,0.0,0.0,1.0
0.24272952203377574,0.8057999995452554,-0.7890760521546083,0.5194510645250631,-1.6538492457002396,1.0,0.0,0.0
0.04296893355540185,-0.5442889795485355,-0.8556622597296099,0.6094035106853961,0.19392548896390005,0.0,0.0,1.0
0.19278937491416806,0.06325106104369341,0.026604990639161195,0.18962542860384077,1.1961083959003824,0.0,1.0,0.0
-0.30661209628179503,-0.6117934285032021,-0.21754443713584465,0.329551455964359,-1.5285763823331793,0.0,0.0,1.0
1.0917120230669073,1.210826693273408,2.451452716495469,-1.819312535643601,-1.1214395763902332,0.0,1.0,0.0
-1.8547566569892635,-1.961882407596993,0.6813693651266768,-0.7098990329994915,1.2900630434256777,0.0,1.0,0.0
0.6422506989905519,0.6032866526811791,1.2251567269891899,-1.6094234946028239,-0.4950752595549317,0.0,1.0,0.0
0.7421309932297389,0.46827775477180766,1.3916222459266938,-1.3795450210819722,-1.5598945981749444,1.0,0.0,0.0
-0.9558340088365244,-1.69186461177825,0.8034440790141798,-0.6899096005194172,1.446654122634503,0.0,1.0,0.0
-0.30661209628179503,-0.5442889795485355,-0.5282800724858521,0.8192925517261738,-1.3093488714408237,0.0,1.0,0.0
-0.40649239052098196,-0.6117934285032021,-0.8445645584671096,0.8692661329263589,-1.6225310298584745,0.0,1.0,0.0
1.141652170186515,1.0083133464093317,-0.522731221854602,0.4794721995649144,-0.6673254466846396,0.0,0.0,1.0
0.04296893355540185,-0.27427118372975434,0.009958438745410796,-0.30011566715797333,-0.18189310113728088,0.0,1.0,0.0
0.7421309932297389,0.06325106104369341,0.5537458006079238,-0.6599254517993064,-0.9491893892605253,0.0,1.0,0.0
1.041771875947328,0.8057999995452554,-0.2619352421858457,0.49946163204498867,0.8516080216409667,0.0,1.0,0.0
0.7421309932297389,0.40077330581714116,0.2152659121016657,-0.5899624381190469,0.19392548896390005,0.0,1.0,0.0
1.041771875947328,0.8733044484999603,-0.10101857387959186,-0.8498250603600097,1.4779723384762682,0.0,1.0,0.0
0.09290908067498112,1.0758177953640367,-0.03443236630459026,0.6393876594055069,-1.3093488714408237,0.0,0.0,1.0
-0.40649239052098196,0.13075550999835991,0.8755791372204315,-0.9397775065203428,-1.4972581664914142,0.0,1.0,0.0
0.6422506989905519,0.2657644079077313,0.20971706147041558,0.8292872679662102,-0.4637570437131666,0.0,0.0,1.0
1.141652170186515,1.1433222443187032,-0.02333466504209,-0.17018435603749227,-1.606871921937592,0.0,0.0,1.0
0.7920711403493464,0.6032866526811791,0.10983775010791318,0.01971525252321177,1.3057221513465602,0.0,1.0,0.0
-0.9058938617169451,-0.6117934285032021,-0.400656507967099,0.4494880508448036,-0.43243882787140153,0.0,1.0,0.0
-0.5563128318797765,-0.8143067753672784,-0.056627768829590794,-0.7298884654795651,-0.8552347417352301,0.0,1.0,0.0
-1.105654450195319,-1.1518290201407262,0.15422855515791425,-0.4400416945184915,0.36617567609360796,0.0,0.0,1.0
-2.25427783394604,-2.7719357950532983,-0.11766512577334225,0.4095091858846556,1.3526994751092078,0.0,0.0,1.0
0.2926696691533834,1.0758177953640367,0.5038061449266726,-0.8198409116398986,-0.8708938496561126,0.0,0.0,1.0
-0.20673180204257968,-0.3417756326844592,-0.4783404168046009,0.13965184740365566,0.9455626691662619,0.0,1.0,0.0
-0.05691136068381348,-0.27427118372975434,-0.7169409939483565,1.1191340389272846,-0.15057488529551583,1.0,0.0,0.0
-0.6062529789993558,-0.07175783686571639,-0.31742374849834704,-0.09022662611719565,-0.9805076051022904,0.0,1.0,0.0
0.7421309932297389,0.40077330581714116,-0.11211627514209212,0.0696888337233969,1.5719269860015634,0.0,1.0,0.0
0.09290908067498112,-0.40928008163916413,2.451452716495469,-1.8592914006037493,-0.996166713023173,0.0,1.0,0.0
-0.7560734203581504,-0.47678453059383064,-0.6559036370046051,1.0291815927669508,0.2565619206474302,1.0,0.0,0.0
-0.10685150780339275,-0.40928008163916413,3.9773866400892555,-2.409000793805786,1.4623132305553856,0.0,1.0,0.0
-0.05691136068381348,0.33326885686243624,0.20416821083916545,-0.060242477397084854,1.1804492879795,0.0,0.0,1.0
-1.4552354800324874,-1.0843245711860596,0.05989809442666199,-0.30011566715797333,0.9299035612453793,0.0,1.0,0.0
-1.005774155956132,-1.219333469095431,-0.4450473130171001,0.2096148610839151,0.601062294906846,0.0,1.0,0.0
0.5923105518709442,0.670791101635884,-0.6392570851108547,0.13965184740365566,0.36617567609360796,0.0,0.0,1.0
0.7920711403493464,0.06325106104369341,-0.983285824248363,1.578890985968987,-0.589029907080227,0.0,1.0,0.0
0.14284922779458878,0.1982599589530648,-0.983285824248363,2.0286532167706532,1.5406087701597984,0.0,1.0,0.0
0.2926696691533834,-0.40928008163916413,-0.10101857387959186,-0.280126234677899,-0.2758477486625761,0.0,0.0,1.0
0.6422506989905519,0.670791101635884,-0.7169409939483565,1.26905478252784,0.8359489137200842,0.0,0.0,1.0
2.0905149654588335,2.3584023255031226,-0.0399812169358404,0.1296571311636185,0.8359489137200842,0.0,0.0,1.0
0.3925499633925703,0.40077330581714116,-0.6836478901608558,0.21960957732395228,1.8381318206565667,0.0,1.0,0.0
0.34260981627296266,1.6158533870015224,0.2818521196766673,-0.21016322099764023,-0.15057488529551583,0.0,1.0,0.0
0.2926696691533834,-0.40928008163916413,-0.3951076573358489,0.4095091858846556,-0.4950752595549317,0.0,1.0,0.0
1.740933935621665,1.5483489380468558,-0.8501134090983598,0.8992502816464697,-1.1370986843111157,1.0,0.0,0.0
-0.05691136068381348,0.8057999995452554,-0.2452886902920953,-0.4200522620384179,1.0551764246124398,1.0,0.0,0.0
-0.506372684760169,-0.40928008163916413,0.12093545137041345,-0.27013151843786254,-0.589029907080227,0.0,0.0,1.0
-1.4552354800324874,-1.0843245711860596,0.27075441841416703,-0.6599254517993064,1.5092905543180333,0.0,0.0,1.0
-0.6561931261189635,-0.27427118372975434,-0.20644673587334436,0.6693718081256184,1.415335906792738,0.0,1.0,0.0
1.141652170186515,0.8733044484999603,-1.194142148235868,0.7793136867660251,0.36617567609360796,0.0,1.0,0.0
-1.0557143030757397,-0.7468023264126119,-0.6836478901608558,-0.04025304491701052,-0.9805076051022904,1.0,0.0,0.0
-0.7560734203581504,-0.27427118372975434,-0.2619352421858457,0.16963599612376715,-0.11925666945375074,0.0,0.0,1.0
-1.2554748915541136,-0.40928008163916413,-1.2274352520233687,1.8187641757298763,0.601062294906846,0.0,1.0,0.0
-0.30661209628179503,-0.07175783686571639,0.15422855515791425,0.05969411748335973,-0.32282507242522374,0.0,0.0,1.0
-0.6062529789993558,-0.9493156732766498,0.7812486764891792,-1.0597141014007874,-0.19755220905816342,0.0,1.0,0.0
-1.4552354800324874,-1.0168201222313547,0.9588118966891834,-0.7898567629197875,-0.9335302813396428,0.0,1.0,0.0
-1.405295332912908,-0.8818112243219832,-0.16760478145459345,-0.07023719363712203,-0.651666338763757,0.0,1.0,0.0
0.34260981627296266,0.13075550999835991,-0.9721881229858627,2.5283890287725046,1.5719269860015634,1.0,0.0,0.0
-1.505175627152095,-1.4218468159595072,0.5315503980829233,-0.8398303441199725,0.6167214028277286,0.0,1.0,0.0
-0.40649239052098196,-0.8818112243219832,0.6147831575516752,-0.94977222276038,-0.2288704248999285,0.0,1.0,0.0
0.24272952203377574,-0.13926228582038291,-0.8889553635171107,1.4189755261283954,1.556267878080681,0.0,1.0,0.0
1.5411733471432911,1.6158533870015224,-0.8945042141483608,1.0091921602868772,-0.056620237770220586,0.0,0.0,1.0
1.3414127586648887,1.0083133464093317,-0.2508375409233454,0.13965184740365566,0.6480396186694937,0.0,1.0,0.0
0.09290908067498112,-0.2067667347750878,0.770150975226679,-0.94977222276038,0.5384258632233159,0.0,1.0,0.0
0.7920711403493464,0.40077330581714116,3.128412493507985,-2.029201576684379,-1.4972581664914142,0.0,1.0,0.0
-0.8060135674777581,-0.47678453059383064,0.015507289376660929,-0.46003112699856585,1.5719269860015634,0.0,1.0,0.0
-0.9058938617169451,-0.47678453059383064,-1.022127778667114,0.3795250371645441,0.5384258632233159,0.0,1.0,0.0
-0.6062529789993558,-0.5442889795485355,-1.2940214595983703,1.448959674848506,-0.9022120654978777,1.0,0.0,0.0
1.241532464425702,0.2657644079077313,-0.48943811806710114,1.359007228688173,1.3526994751092078,0.0,0.0,1.0
0.34260981627296266,0.5357822037265125,-0.35626570291709797,0.19962014484387794,0.6167214028277286,0.0,1.0,0.0
0.24272952203377574,1.2783311422280745,1.1696682206766884,-1.1696559800411945,1.556267878080681,0.0,1.0,0.0
0.24272952203377574,1.0758177953640367,1.1363751168891878,-1.3195767236417497,-0.21321131697904597,0.0,1.0,0.0
-0.40649239052098196,-1.0843245711860596,0.22636361336416597,-0.7398831817196023,0.5384258632233159,0.0,1.0,0.0
1.8408142298608519,1.8183667338655987,-0.0399812169358404,0.2695831585241374,1.3526994751092078,0.0,0.0,1.0
1.740933935621665,1.6158533870015224,-0.20089788524209423,-0.35008924835815847,1.3057221513465602,0.0,1.0,0.0
-0.9558340088365244,-0.8143067753672784,-0.5893174294296035,0.8192925517261738,-0.7143027704472872,0.0,0.0,1.0
0.09290908067498112,1.0083133464093317,-0.2452886902920953,-0.15019492355741795,-0.6046890150011095,0.0,1.0,0.0
-0.10685150780339275,-0.004253387911011494,-0.43949846238584994,-0.29012095091793616,0.9612217770871444,0.0,0.0,1.0
-1.5551157742717028,-1.3543423670048025,-0.7224898445796067,1.0691604577270994,-1.0118258209440554,0.0,0.0,1.0
-0.7061332732385428,0.06325106104369341,0.31514522346416807,-0.6999043167594543,-1.4502808427287666,0.0,0.0,1.0
-1.005774155956132,-1.6243601628235453,-0.6614524876358553,0.5794193619652847,0.6636987265903762,1.0,0.0,0.0
-1.3553551857933004,-0.9493156732766498,-0.6004151306921038,1.2990389312479507,0.8202898057992016,0.0,0.0,1.0
-0.15679165492300043,-0.5442889795485355,-0.33961915102334755,-0.12021077483730715,1.4309950147136206,0.0,1.0,0.0
-0.15679165492300043,-0.5442889795485355,0.08209349695166251,0.15964127988372998,-0.7143027704472872,1.0,0.0,0.0
-0.05691136068381348,-0.6117934285032021,-0.1454093789295929,0.3795250371645441,1.2587448275839126,0.0,0.0,1.0
-0.6561931261189635,-1.0168201222313547,0.026604990639161195,-0.4800205594786395,0.8046306978783191,0.0,1.0,0.0
-1.005774155956132,-1.219333469095431,-1.0110300774046135,0.8192925517261738,-1.575553706095827,0.0,1.0,0.0
1.6909937885020574,1.0758177953640367,-0.6337082344796046,0.5394404970051366,1.1961083959003824,0.0,0.0,1.0
0.34260981627296266,-0.3417756326844592,-0.4339496117545998,0.9892027278068027,-1.6851674615420047,0.0,1.0,0.0
-0.3565522434013743,-1.0168201222313547,-0.8501134090983598,0.21960957732395228,-1.2153942239155284,0.0,0.0,1.0
0.7421309932297389,0.33326885686243624,-0.4783404168046009,0.4195039021246928,0.3348574602518429,0.0,1.0,0.0
-0.5563128318797765,-0.27427118372975434,0.03770269190166146,-0.470025843238603,1.2900630434256777,1.0,0.0,0.0
-0.5563128318797765,-0.8818112243219832,0.03770269190166146,0.33954617220439615,0.09997084143860481,0.0,1.0,0.0
2.1903952596980205,2.4259067744578275,0.2541078665204166,-0.11021605859726998,-1.5442354902540618,0.0,1.0,0.0
-1.9046968041088712,-1.8943779586423264,-0.8723088116233603,1.1990917688475804,1.4623132305553856,0.0,1.0,0.0
0.19278937491416806,0.9408088974546268,-1.022127778667114,1.6188698509291357,0.2252437048056651,0.0,0.0,1.0
-1.305415038673721,-0.8143067753672784,-0.006688113148339602,0.11966241492358203,0.28788013648919525,0.0,1.0,0.0
0.4424901105121496,0.2657644079077313,-0.017785814410839866,-0.5799677218790097,-0.9805076051022904,0.0,1.0,0.0
0.2926696691533834,-0.40928008163916413,-0.3618145535483481,0.0696888337233969,-0.32282507242522374,0.0,1.0,0.0
-0.506372684760169,0.13075550999835991,0.8367371828016805,-0.929782790280306,2.1356548711533345,0.0,1.0,0.0
-1.7548763627500765,-1.6243601628235453,-0.15095822956084304,0.3595356046844705,-0.24452953282081105,0.0,1.0,0.0
0.24272952203377574,0.2657644079077313,1.2307055776204399,-1.349560872361861,-1.4972581664914142,0.0,1.0,0.0
-0.9058938617169451,-0.6792978774579069,-0.9943835255108632,1.6788381483693573,-0.009642914007572967,1.0,0.0,0.0
-0.7061332732385428,-1.219333469095431,-0.2841306447108462,0.39951446964461845,-1.0118258209440554,0.0,0.0,1.0
1.141652170186515,1.1433222443187032,-0.12321397640459239,-0.24014736971775102,0.2565619206474302,0.0,0.0,1.0
-0.2566719491621874,-0.6792978774579069,-0.777978350892108,0.9692132953267292,1.556267878080681,0.0,0.0,1.0
-0.15679165492300043,-0.5442889795485355,1.3416825902454426,-1.0397246689207131,1.4623132305553856,0.0,1.0,0.0
-1.005774155956132,-0.07175783686571639,-0.7557829483671075,0.7693189705259886,-1.0118258209440554,0.0,1.0,0.0
1.7908740827412726,1.6158533870015224,-0.8390157078358594,0.18962542860384077,1.7754953889730365,0.0,1.0,0.0
0.4924302576317573,0.46827775477180766,1.0420446561579355,-0.5499835731588989,0.3035392444100778,0.0,1.0,0.0
-1.9546369512284505,-2.231900203415774,-0.7224898445796067,0.27957787476417384,0.4131529998562556,0.0,1.0,0.0
1.3414127586648887,0.7382955505905888,-0.5504754750108526,-0.05024776115704769,0.601062294906846,0.0,1.0,0.0
0.14284922779458878,1.0083133464093317,-0.4173030598608494,0.09967298244350768,-1.231053331836411,1.0,0.0,0.0
0.8420112874689257,0.8057999995452554,-0.12321397640459239,0.2395990098040259,0.08431173351772227,0.0,1.0,0.0
-0.6561931261189635,-0.2067667347750878,-0.4284007611233497,0.6793665243656548,-1.6225310298584745,0.0,1.0,0.0
